Company Name,Call_Group,RM_Tier,Aug_Week,Amt_Cr,NCD,Rev_Avg_Lakhs,Sector,Agency,Windows,Window_Count,Urgency,Why_Target,Pitch
Gupta Power Infrastructure Limited,Q1 CONSTRUCTION (C),TIER 1 — Senior RM,Aug Wk1 (Aug 3-7),3960.0,0,7.0,Construction,Infomerics,Q1 2027,1,LOW/MEDIUM,INC rating hits ULTRA HOT on 2027-01-14 — exclusive Q1 2027 whitespace lead,Your Infomerics INC rating goes critical in Jan 2027. ACER is your best alternative — no competitor has approached you.
Schwing Stetter (India) Pvt. Ltd.,GHOST HOT (D),TIER 1 — Senior RM,Aug Wk1 (Aug 3-7),2221.82,0,7.0,Other,CRISIL,October 2026,1,HOT → escalating to ULTRA HOT by Dec 2026,INC hits ULTRA HOT in Dec 2026 — call Aug/Sep to get 3-month head start,Your Fund-Based at CRISIL goes critical in Dec 2026. Start ACER process in Sep 2026 — before the Q1 rush.
Garden Court Distilleries Private Limited,MULTI-WINDOW (A),TIER 1 — Senior RM,Aug Wk1 (Aug 3-7),2070.68,0,7.0,Other,Infomerics,October 2026 + Q1 2027,2,LOW,INC rating hits HOT threshold on 2026-10-26 — first call window,Get ahead of the Oct/Nov renewal rush; start ACER process now before Infomerics backlog builds
Jaymala Infrastructure Pvt. Ltd.,Q1 CONSTRUCTION (C),TIER 1 — Senior RM,Aug Wk1 (Aug 3-7),1986.87,0,7.0,Construction,IND-RA,Q1 2027,1,LOW/MEDIUM,INC rating hits ULTRA HOT on 2027-03-30 — prime Q1 2027 renewal target,Your Term Loan at IND-RA goes critical in Mar 2027. Start ACER process in Sep 2026 — before the Q1 rush.
L & W Construction Pvt. Ltd.,Q1 CONSTRUCTION (C),TIER 1 — Senior RM,Aug Wk1 (Aug 3-7),1900.0,1,20.0,Construction,ICRA,Q1 2027,1,LOW/MEDIUM,INC rating hits ULTRA HOT on 2027-03-31 — prime Q1 2027 renewal target,Your NCD/Bond at ICRA goes critical in Mar 2027. Start ACER process in Sep 2026 — before the Q1 rush.
Shri Prabhulingeshwar Sugars and Chemicals Limited,MULTI-WINDOW (A),TIER 1 — Senior RM,Aug Wk1 (Aug 3-7),1635.1399999999999,0,7.0,Agro & Food,Infomerics,October 2026 + Q1 2027,2,LOW,INC rating hits HOT threshold on 2026-10-26 — first call window,Get ahead of the Oct/Nov renewal rush; start ACER process now before Infomerics backlog builds
Pushpit Steels Pvt. Ltd.,MULTI-WINDOW (A),TIER 1 — Senior RM,Aug Wk1 (Aug 3-7),1538.26,0,7.0,Steel & Metals,ACUITE | BRICKWORK,October 2026 + Q1 2027 + Q2 2027,3,LOW,INC rating hits MEDIUM threshold on 2026-10-14 — first call window,Get ahead of the Oct/Nov renewal rush; start ACER process now before ACUITE backlog builds
Vijai Electricals Ltd.,MULTI-WINDOW (A),TIER 1 — Senior RM,Aug Wk1 (Aug 3-7),1391.24,1,20.0,Energy,CARE | IND-RA,October 2026 + Q1 2027 + Q2 2027,3,LOW,INC rating hits MEDIUM threshold on 2026-10-07 — first call window,Get ahead of the Oct/Nov renewal rush; start ACER process now before CARE backlog builds
T B E A Energy (India) Pvt. Ltd.,GHOST HOT (D),TIER 1 — Senior RM,Aug Wk1 (Aug 3-7),1352.64,0,7.0,Energy,BRICKWORK,October 2026,1,HOT → escalating to ULTRA HOT by Dec 2026,INC hits ULTRA HOT in Dec 2026 — call Aug/Sep to get 3-month head start,Your Non-Fund-Based at BRICKWORK goes critical in Dec 2026. Start ACER process in Sep 2026 — before the Q1 rush.
Gama Infraprop Pvt. Ltd.,MULTI-WINDOW (A),TIER 1 — Senior RM,Aug Wk1 (Aug 3-7),1311.0700000000002,0,7.0,Construction,CRISIL | CARE,October 2026 + Q1 2027 + Q2 2027,3,LOW,INC rating hits MEDIUM threshold on 2026-10-20 — first call window,Get ahead of the Oct/Nov renewal rush; start ACER process now before CRISIL backlog builds
Mahendra Strips Pvt. Ltd.,MULTI-WINDOW (A),TIER 1 — Senior RM,Aug Wk1 (Aug 3-7),1309.3,0,7.0,Other,ACUITE,October 2026 + Q1 2027,2,MEDIUM,INC rating hits ULTRA HOT threshold on 2026-11-21 — first call window,Get ahead of the Oct/Nov renewal rush; start ACER process now before ACUITE backlog builds
Sintex Prefab & Infra Ltd.,MULTI-WINDOW (A),TIER 1 — Senior RM,Aug Wk1 (Aug 3-7),1272.26,0,7.0,Construction,ACUITE,October 2026 + Q1 2027,2,LOW,INC rating hits HOT threshold on 2026-11-13 — first call window,Get ahead of the Oct/Nov renewal rush; start ACER process now before ACUITE backlog builds
Iron Triangle Ltd.,GHOST HOT (D),TIER 1 — Senior RM,Aug Wk1 (Aug 3-7),1227.79,0,7.0,Steel & Metals,ICRA | CRISIL,October 2026,1,TIER 2 — Dual-agency (2 raters),Multi-agency INC — October deadline approaching; Aug pre-call secures relationship first,Get ahead of the Oct/Nov renewal rush; start ACER process now before ICRA backlog builds
Hubli Electricity Supply Co. Ltd.,MULTI-WINDOW (A),TIER 1 — Senior RM,Aug Wk1 (Aug 3-7),1208.78,0,7.0,Energy,CRISIL,October 2026 + Q2 2027,2,LOW,INC rating hits MEDIUM threshold on 2026-10-25 — first call window,Get ahead of the Oct/Nov renewal rush; start ACER process now before CRISIL backlog builds
H E S Infra Ltd.,Q1 CONSTRUCTION (C),TIER 1 — Senior RM,Aug Wk1 (Aug 3-7),1091.0,0,7.0,Construction,IND-RA,Q1 2027,1,HOT,INC rating hits ULTRA HOT on 2026-12-17 — prime Q1 2027 renewal target,Your Fund-Based at IND-RA goes critical in Dec 2026. Start ACER process in Sep 2026 — before the Q1 rush.
Dee Vee Projects Ltd.,GHOST HOT (D),TIER 1 — Senior RM,Aug Wk1 (Aug 3-7),932.2,1,20.0,Construction,IND-RA | ACUITE | CARE,October 2026,1,TIER 1 — Triple-agency (3+ raters),Multi-agency INC — October deadline approaching; Aug pre-call secures relationship first,Get ahead of the Oct/Nov renewal rush; start ACER process now before IND-RA backlog builds
Goel Ganga India Pvt. Ltd.,MULTI-WINDOW (A),TIER 1 — Senior RM,Aug Wk1 (Aug 3-7),923.92,0,7.0,Other,ACUITE,October 2026 + Q2 2027,2,LOW,INC rating hits MEDIUM threshold on 2026-10-06 — first call window,Get ahead of the Oct/Nov renewal rush; start ACER process now before ACUITE backlog builds
Nectar Lifesciences Ltd.,GHOST HOT (D),TIER 1 — Senior RM,Aug Wk1 (Aug 3-7),915.31,0,7.0,Other,BRICKWORK | CARE,October 2026,1,TIER 2 — Dual-agency (2 raters),Multi-agency INC — October deadline approaching; Aug pre-call secures relationship first,Get ahead of the Oct/Nov renewal rush; start ACER process now before BRICKWORK backlog builds
Vijai Electricals Ltd.,DUAL-QUARTER (B),TIER 1 — Senior RM,Aug Wk1 (Aug 3-7),895.18,1,20.0,Energy,,Q1 2027 + Q2 2027,2,LOW,INC rating hits MEDIUM threshold on 2026-10-07 — first call window,Get ahead of the Oct/Nov renewal rush; start ACER process now before CARE backlog builds
Mahendra Sponge & Power Ltd.,MULTI-WINDOW (A),TIER 1 — Senior RM,Aug Wk1 (Aug 3-7),873.6899999999999,0,7.0,Energy,ACUITE,October 2026 + Q1 2027,2,MEDIUM,INC rating hits ULTRA HOT threshold on 2026-11-21 — first call window,Get ahead of the Oct/Nov renewal rush; start ACER process now before ACUITE backlog builds
Right Tight Fastners Pvt. Ltd.,MULTI-WINDOW (A),TIER 1 — Senior RM,Aug Wk1 (Aug 3-7),871.0,0,7.0,Other,CRISIL,October 2026 + Q2 2027,2,LOW,INC rating hits MEDIUM threshold on 2026-10-26 — first call window,Get ahead of the Oct/Nov renewal rush; start ACER process now before CRISIL backlog builds
Shree Hari Infraprojects Pvt. Ltd.,MULTI-WINDOW (A),TIER 1 — Senior RM,Aug Wk1 (Aug 3-7),840.0,1,20.0,Construction,CARE,October 2026 + Q2 2027,2,LOW,INC rating hits MEDIUM threshold on 2026-10-13 — first call window,Get ahead of the Oct/Nov renewal rush; start ACER process now before CARE backlog builds
Pushpit Steels Pvt. Ltd.,DUAL-QUARTER (B),TIER 1 — Senior RM,Aug Wk1 (Aug 3-7),821.63,0,7.0,Steel & Metals,,Q1 2027 + Q2 2027,2,LOW,INC rating hits MEDIUM threshold on 2026-10-14 — first call window,Get ahead of the Oct/Nov renewal rush; start ACER process now before ACUITE backlog builds
Everrenew Energy Pvt. Ltd.,MULTI-WINDOW (A),TIER 1 — Senior RM,Aug Wk1 (Aug 3-7),807.0,1,20.0,Energy,IND-RA,October 2026 + Q2 2027,2,MEDIUM,INC rating hits ULTRA HOT threshold on 2026-10-23 — first call window,Get ahead of the Oct/Nov renewal rush; start ACER process now before IND-RA backlog builds
Assam Electronics Development Corporation Limited,MULTI-WINDOW (A),TIER 1 — Senior RM,Aug Wk1 (Aug 3-7),800.0,0,7.0,Other,Infomerics,October 2026 + Q1 2027,2,LOW,INC rating hits HOT threshold on 2026-10-25 — first call window,Get ahead of the Oct/Nov renewal rush; start ACER process now before Infomerics backlog builds
Pratibha Syntex Ltd.,MULTI-WINDOW (A),TIER 1 — Senior RM,Aug Wk1 (Aug 3-7),746.52,1,20.0,Other,IND-RA | ACUITE,October 2026 + Q1 2027,2,MEDIUM,INC rating hits ULTRA HOT threshold on 2026-11-24 — first call window,Get ahead of the Oct/Nov renewal rush; start ACER process now before IND-RA backlog builds
QuadGen Wireless Solutions Private limited,MULTI-WINDOW (A),TIER 1 — Senior RM,Aug Wk1 (Aug 3-7),700.0,0,7.0,Steel & Metals,Infomerics,October 2026 + Q1 2027,2,LOW,INC rating hits HOT threshold on 2026-10-27 — first call window,Get ahead of the Oct/Nov renewal rush; start ACER process now before Infomerics backlog builds
Gama Infraprop Pvt. Ltd.,DUAL-QUARTER (B),TIER 1 — Senior RM,Aug Wk1 (Aug 3-7),696.07,0,7.0,Construction,,Q1 2027 + Q2 2027,2,LOW,INC rating hits MEDIUM threshold on 2026-10-20 — first call window,Get ahead of the Oct/Nov renewal rush; start ACER process now before CRISIL backlog builds
K G Flexx Pvt. Ltd.,MULTI-WINDOW (A),TIER 1 — Senior RM,Aug Wk1 (Aug 3-7),665.0,0,7.0,Other,CRISIL,October 2026 + Q2 2027,2,LOW,INC rating hits MEDIUM threshold on 2026-10-27 — first call window,Get ahead of the Oct/Nov renewal rush; start ACER process now before CRISIL backlog builds
M R K R Constructions & Inds. Pvt. Ltd.,MULTI-WINDOW (A),TIER 1 — Senior RM,Aug Wk1 (Aug 3-7),660.0,0,7.0,Construction,CRISIL | IND-RA,October 2026 + Q1 2027 + Q2 2027,3,LOW,INC rating hits MEDIUM threshold on 2026-10-07 — first call window,Get ahead of the Oct/Nov renewal rush; start ACER process now before CRISIL backlog builds
Sitwanto Devi Mahila Kalyan Sansthan,MULTI-WINDOW (A),TIER 1 — Senior RM,Aug Wk1 (Aug 3-7),630.0,0,7.0,Other,Infomerics,October 2026 + Q1 2027,2,LOW,INC rating hits HOT threshold on 2026-10-06 — first call window,Get ahead of the Oct/Nov renewal rush; start ACER process now before Infomerics backlog builds
MFAR Constructions Private Limited,MULTI-WINDOW (A),TIER 1 — Senior RM,Aug Wk1 (Aug 3-7),619.2,0,7.0,Construction,Infomerics,October 2026 + Q1 2027,2,LOW,INC rating hits HOT threshold on 2026-10-13 — first call window,Get ahead of the Oct/Nov renewal rush; start ACER process now before Infomerics backlog builds
The Seksaria Biswan Sugar Factory Limited,MULTI-WINDOW (A),TIER 1 — Senior RM,Aug Wk1 (Aug 3-7),606.7,0,7.0,Agro & Food,Infomerics,October 2026 + Q1 2027,2,LOW,INC rating hits HOT threshold on 2026-10-31 — first call window,Get ahead of the Oct/Nov renewal rush; start ACER process now before Infomerics backlog builds
Dodhia Synthetics Limited,GHOST HOT (D),TIER 1 — Senior RM,Aug Wk1 (Aug 3-7),602.32,0,7.0,Other,Infomerics,October 2026,1,HOT → escalating to ULTRA HOT by Dec 2026,INC hits ULTRA HOT in Dec 2026 — call Aug/Sep to get 3-month head start,Your Infomerics INC rating goes critical in Dec 2026. ACER is your best alternative — no competitor has approached you.
Ambica Jute Mills Ltd.,MULTI-WINDOW (A),TIER 1 — Senior RM,Aug Wk1 (Aug 3-7),559.22,0,7.0,Textiles,IND-RA,October 2026 + Q2 2027,2,LOW,INC rating hits MEDIUM threshold on 2026-10-11 — first call window,Get ahead of the Oct/Nov renewal rush; start ACER process now before IND-RA backlog builds
P C Patel Infra Pvt. Ltd.,MULTI-WINDOW (A),TIER 1 — Senior RM,Aug Wk1 (Aug 3-7),558.0,0,7.0,Construction,ACUITE | BRICKWORK,October 2026 + Q1 2027,2,LOW,INC rating hits HOT threshold on 2026-10-18 — first call window,Get ahead of the Oct/Nov renewal rush; start ACER process now before ACUITE backlog builds
Surya Processors Private Limited,MULTI-WINDOW (A),TIER 1 — Senior RM,Aug Wk1 (Aug 3-7),552.0,0,7.0,Other,Infomerics,October 2026 + Q1 2027,2,LOW,INC rating hits HOT threshold on 2026-10-31 — first call window,Get ahead of the Oct/Nov renewal rush; start ACER process now before Infomerics backlog builds
Aristo Securities Private Limited,GHOST HOT (D),TIER 1 — Senior RM,Aug Wk1 (Aug 3-7),547.47,1,20.0,Other,Infomerics,October 2026,1,HOT → escalating to ULTRA HOT by Dec 2026,INC hits ULTRA HOT in Dec 2026 — call Aug/Sep to get 3-month head start,Your Infomerics INC rating goes critical in Dec 2026. ACER is your best alternative — no competitor has approached you.
Shri Rathna Akshaya Estates Private Limited,GHOST HOT (D),TIER 1 — Senior RM,Aug Wk1 (Aug 3-7),531.08,0,7.0,Other,Infomerics,October 2026,1,HOT → escalating to ULTRA HOT by Dec 2026,INC hits ULTRA HOT in Dec 2026 — call Aug/Sep to get 3-month head start,Your Infomerics INC rating goes critical in Dec 2026. ACER is your best alternative — no competitor has approached you.
Jaywant Sugars Limited,GHOST HOT (D),TIER 1 — Senior RM,Aug Wk1 (Aug 3-7),524.36,0,7.0,Agro/Food,Infomerics,October 2026,1,HOT → escalating to ULTRA HOT by Dec 2026,INC hits ULTRA HOT in Dec 2026 — call Aug/Sep to get 3-month head start,Your Infomerics INC rating goes critical in Dec 2026. ACER is your best alternative — no competitor has approached you.
W F B Baird & Co. India Pvt. Ltd.,GHOST HOT (D),TIER 1 — Senior RM,Aug Wk1 (Aug 3-7),433.67,1,20.0,Other,CARE,October 2026,1,HOT → escalating to ULTRA HOT by Dec 2026,INC hits ULTRA HOT in Dec 2026 — call Aug/Sep to get 3-month head start,Your Letter of Credit at CARE goes critical in Dec 2026. Start ACER process in Sep 2026 — before the Q1 rush.
Atlas Constructions Pvt. Ltd.,Q1 CONSTRUCTION (C),TIER 1 — Senior RM,Aug Wk1 (Aug 3-7),368.0,1,20.0,Construction,CRISIL,Q1 2027,1,HOT,INC rating hits ULTRA HOT on 2026-12-12 — prime Q1 2027 renewal target,Your NCD/Bond at CRISIL goes critical in Dec 2026. Start ACER process in Sep 2026 — before the Q1 rush.
Lanson Motors Pvt. Ltd.,MULTI-WINDOW (A),TIER 1 — Senior RM,Aug Wk1 (Aug 3-7),362.93,1,20.0,Automobiles,IND-RA | CRISIL | ACUITE,October 2026 + Q1 2027,2,LOW,INC rating hits HOT threshold on 2026-10-13 — first call window,Get ahead of the Oct/Nov renewal rush; start ACER process now before IND-RA backlog builds
J G Hosiery Pvt. Ltd.,GHOST HOT (D),TIER 1 — Senior RM,Aug Wk1 (Aug 3-7),341.73,1,20.0,Other,ICRA,October 2026,1,HOT → escalating to ULTRA HOT by Dec 2026,INC hits ULTRA HOT in Dec 2026 — call Aug/Sep to get 3-month head start,Your NCD/Bond at ICRA goes critical in Dec 2026. Start ACER process in Sep 2026 — before the Q1 rush.
K B K Biotech Pvt. Ltd.,MULTI-WINDOW (A),TIER 1 — Senior RM,Aug Wk1 (Aug 3-7),338.0,1,20.0,Healthcare,ICRA | CARE,October 2026 + Q2 2027,2,LOW,INC rating hits MEDIUM threshold on 2026-10-26 — first call window,Get ahead of the Oct/Nov renewal rush; start ACER process now before ICRA backlog builds
M R L Tyres Ltd.,MULTI-WINDOW (A),TIER 1 — Senior RM,Aug Wk1 (Aug 3-7),321.0,1,20.0,Automobiles,CARE | CRISIL,October 2026 + Q1 2027,2,LOW,INC rating hits HOT threshold on 2026-11-09 — first call window,Get ahead of the Oct/Nov renewal rush; start ACER process now before CARE backlog builds
Reliance Home Finance Ltd.,GHOST HOT (D),TIER 1 — Senior RM,Aug Wk1 (Aug 3-7),300.0,1,20.0,BFSI,BRICKWORK | CARE,October 2026,1,TIER 2 — Dual-agency (2 raters),Multi-agency INC — October deadline approaching; Aug pre-call secures relationship first,Get ahead of the Oct/Nov renewal rush; start ACER process now before BRICKWORK backlog builds
Vimal Coal Pvt. Ltd.,MULTI-WINDOW (A),TIER 1 — Senior RM,Aug Wk1 (Aug 3-7),299.9,1,20.0,Energy,CARE,October 2026 + Q2 2027,2,LOW,INC rating hits MEDIUM threshold on 2026-10-13 — first call window,Get ahead of the Oct/Nov renewal rush; start ACER process now before CARE backlog builds
Krishna Buildestates Pvt. Ltd.,Q1 CONSTRUCTION (C),TIER 1 — Senior RM,Aug Wk1 (Aug 3-7),275.1,1,20.0,Construction,CARE,Q1 2027,1,LOW/MEDIUM,INC rating hits ULTRA HOT on 2027-03-26 — prime Q1 2027 renewal target,Your NCD/Bond at CARE goes critical in Mar 2027. Start ACER process in Sep 2026 — before the Q1 rush.
New Modern Technomech Pvt. Ltd.,MULTI-WINDOW (A),TIER 1 — Senior RM,Aug Wk1 (Aug 3-7),267.65999999999997,1,20.0,IT/Technology,CRISIL | ACUITE | CARE,October 2026 + Q2 2027,2,LOW,INC rating hits HOT threshold on 2026-10-05 — first call window,Get ahead of the Oct/Nov renewal rush; start ACER process now before CRISIL backlog builds
A P R Constructions Ltd.,GHOST HOT (D),TIER 1 — Senior RM,Aug Wk1 (Aug 3-7),261.0,1,20.0,Construction,IND-RA | ICRA,October 2026,1,TIER 2 — Dual-agency (2 raters),Multi-agency INC — October deadline approaching; Aug pre-call secures relationship first,Get ahead of the Oct/Nov renewal rush; start ACER process now before IND-RA backlog builds
Invreco Pvt. Ltd.,GHOST HOT (D),TIER 1 — Senior RM,Aug Wk1 (Aug 3-7),250.0,1,20.0,Other,CARE,October 2026,1,HOT → escalating to ULTRA HOT by Dec 2026,INC hits ULTRA HOT in Dec 2026 — call Aug/Sep to get 3-month head start,Your NCD/Bond at CARE goes critical in Dec 2026. Start ACER process in Sep 2026 — before the Q1 rush.
Rajasthan Liquors Ltd.,GHOST HOT (D),TIER 1 — Senior RM,Aug Wk1 (Aug 3-7),245.0,1,20.0,Other,CRISIL | ICRA,October 2026,1,TIER 2 — Dual-agency (2 raters),Multi-agency INC — October deadline approaching; Aug pre-call secures relationship first,Get ahead of the Oct/Nov renewal rush; start ACER process now before CRISIL backlog builds
Ashok Textile Mills Pvt. Ltd.,MULTI-WINDOW (A),TIER 1 — Senior RM,Aug Wk1 (Aug 3-7),225.58999999999997,1,20.0,Textiles,ACUITE | IND-RA,October 2026 + Q1 2027,2,LOW,INC rating hits HOT threshold on 2026-10-20 — first call window,Get ahead of the Oct/Nov renewal rush; start ACER process now before ACUITE backlog builds
Premier Plasmotec Pvt. Ltd.,MULTI-WINDOW (A),TIER 1 — Senior RM,Aug Wk1 (Aug 3-7),211.79,1,20.0,Other,BRICKWORK | CARE,October 2026 + Q1 2027 + Q2 2027,3,LOW,INC rating hits MEDIUM threshold on 2026-10-06 — first call window,Get ahead of the Oct/Nov renewal rush; start ACER process now before BRICKWORK backlog builds
Premier Plasmotec Pvt. Ltd.,DUAL-QUARTER (B),TIER 1 — Senior RM,Aug Wk1 (Aug 3-7),209.63,1,20.0,Other,,Q1 2027 + Q2 2027,2,LOW,INC rating hits MEDIUM threshold on 2026-10-06 — first call window,Get ahead of the Oct/Nov renewal rush; start ACER process now before BRICKWORK backlog builds
L & W Building Solutions Pvt. Ltd.,Q1 CONSTRUCTION (C),TIER 1 — Senior RM,Aug Wk1 (Aug 3-7),205.0,1,20.0,Construction,ICRA,Q1 2027,1,LOW/MEDIUM,INC rating hits ULTRA HOT on 2027-03-31 — prime Q1 2027 renewal target,Your NCD/Bond at ICRA goes critical in Mar 2027. Start ACER process in Sep 2026 — before the Q1 rush.
Hotline Capital Services Pvt. Ltd.,MULTI-WINDOW (A),TIER 1 — Senior RM,Aug Wk1 (Aug 3-7),200.0,1,20.0,BFSI,BRICKWORK | CARE,October 2026 + Q2 2027,2,LOW,INC rating hits HOT threshold on 2026-11-30 — first call window,Get ahead of the Oct/Nov renewal rush; start ACER process now before BRICKWORK backlog builds
Jaipur Rugs Co. Ltd.,MULTI-WINDOW (A),TIER 1 — Senior RM,Aug Wk1 (Aug 3-7),197.43,1,20.0,Other,CARE | ICRA,October 2026 + Q2 2027,2,LOW,INC rating hits HOT threshold on 2026-10-05 — first call window,Get ahead of the Oct/Nov renewal rush; start ACER process now before CARE backlog builds
Rawmet Resources Pvt. Ltd.,MULTI-WINDOW (A),TIER 1 — Senior RM,Aug Wk1 (Aug 3-7),172.0,1,20.0,Other,CARE,October 2026 + Q2 2027,2,LOW,INC rating hits MEDIUM threshold on 2026-10-24 — first call window,Get ahead of the Oct/Nov renewal rush; start ACER process now before CARE backlog builds
R P A Unibakes Pvt. Ltd.,MULTI-WINDOW (A),TIER 1 — Senior RM,Aug Wk1 (Aug 3-7),162.0,1,20.0,Other,ICRA,October 2026 + Q2 2027,2,LOW,INC rating hits MEDIUM threshold on 2026-10-26 — first call window,Get ahead of the Oct/Nov renewal rush; start ACER process now before ICRA backlog builds
R M N Infrastructures Ltd.,Q1 CONSTRUCTION (C),TIER 1 — Senior RM,Aug Wk1 (Aug 3-7),160.0,1,20.0,Construction,CARE,Q1 2027,1,LOW/MEDIUM,INC rating hits ULTRA HOT on 2027-03-31 — prime Q1 2027 renewal target,Your NCD/Bond at CARE goes critical in Mar 2027. Start ACER process in Sep 2026 — before the Q1 rush.
Skipperseil Ltd.,GHOST HOT (D),TIER 1 — Senior RM,Aug Wk1 (Aug 3-7),156.16,1,20.0,Other,CRISIL | CARE,October 2026,1,TIER 2 — Dual-agency (2 raters),Multi-agency INC — October deadline approaching; Aug pre-call secures relationship first,Get ahead of the Oct/Nov renewal rush; start ACER process now before CRISIL backlog builds
Epicu Agro Products Pvt. Ltd.,MULTI-WINDOW (A),TIER 1 — Senior RM,Aug Wk1 (Aug 3-7),154.6,1,20.0,Agro & Food,ICRA,October 2026 + Q2 2027,2,LOW,INC rating hits MEDIUM threshold on 2026-10-25 — first call window,Get ahead of the Oct/Nov renewal rush; start ACER process now before ICRA backlog builds
I G W India Technologies Pvt. Ltd.,GHOST HOT (D),TIER 1 — Senior RM,Aug Wk1 (Aug 3-7),154.20999999999998,1,20.0,IT/Technology,CARE,October 2026,1,HOT → escalating to ULTRA HOT by Dec 2026,INC hits ULTRA HOT in Dec 2026 — call Aug/Sep to get 3-month head start,Your Term Loan at CARE goes critical in Dec 2026. Start ACER process in Sep 2026 — before the Q1 rush.
Siddapur Distilleries Ltd.,MULTI-WINDOW (A),TIER 1 — Senior RM,Aug Wk1 (Aug 3-7),153.0,1,20.0,Other,IND-RA | ACUITE,October 2026 + Q1 2027,2,MEDIUM,INC rating hits ULTRA HOT threshold on 2026-11-24 — first call window,Get ahead of the Oct/Nov renewal rush; start ACER process now before IND-RA backlog builds
R S Development & Constructions India Pvt. Ltd.,MULTI-WINDOW (A),TIER 1 — Senior RM,Aug Wk1 (Aug 3-7),144.26,1,20.0,Construction,BRICKWORK | IND-RA,October 2026 + Q1 2027,2,LOW,INC rating hits HOT threshold on 2026-10-19 — first call window,Get ahead of the Oct/Nov renewal rush; start ACER process now before BRICKWORK backlog builds
Charoen Pokphand Seeds (India) Pvt. Ltd.,MULTI-WINDOW (A),TIER 1 — Senior RM,Aug Wk1 (Aug 3-7),140.0,1,20.0,Agro & Food,IND-RA | ICRA,October 2026 + Q1 2027,2,LOW,INC rating hits HOT threshold on 2026-11-24 — first call window,Get ahead of the Oct/Nov renewal rush; start ACER process now before IND-RA backlog builds
Excelsource International Pvt. Ltd.,GHOST HOT (D),TIER 1 — Senior RM,Aug Wk1 (Aug 3-7),137.79,1,20.0,Other,CARE,October 2026,1,HOT → escalating to ULTRA HOT by Dec 2026,INC hits ULTRA HOT in Dec 2026 — call Aug/Sep to get 3-month head start,Your NCD/Bond at CARE goes critical in Dec 2026. Start ACER process in Sep 2026 — before the Q1 rush.
Ktex Nonwovens Pvt. Ltd.,GHOST HOT (D),TIER 1 — Senior RM,Aug Wk1 (Aug 3-7),133.48,1,20.0,Other,CARE,October 2026,1,HOT → escalating to ULTRA HOT by Dec 2026,INC hits ULTRA HOT in Dec 2026 — call Aug/Sep to get 3-month head start,Your NCD/Bond at CARE goes critical in Dec 2026. Start ACER process in Sep 2026 — before the Q1 rush.
Superior Films Pvt. Ltd.,MULTI-WINDOW (A),TIER 1 — Senior RM,Aug Wk1 (Aug 3-7),129.0,1,20.0,Other,IND-RA,October 2026 + Q1 2027,2,MEDIUM,INC rating hits ULTRA HOT threshold on 2026-10-17 — first call window,Get ahead of the Oct/Nov renewal rush; start ACER process now before IND-RA backlog builds
Ratnadeep Metal & Tubes Ltd.,MULTI-WINDOW (A),TIER 1 — Senior RM,Aug Wk1 (Aug 3-7),126.0,1,20.0,Steel & Metals,IND-RA,October 2026 + Q2 2027,2,LOW,INC rating hits MEDIUM threshold on 2026-10-25 — first call window,Get ahead of the Oct/Nov renewal rush; start ACER process now before IND-RA backlog builds
Khedut Solvexp Pvt. Ltd.,GHOST HOT (D),TIER 1 — Senior RM,Aug Wk1 (Aug 3-7),125.03,1,20.0,Other,IND-RA | CARE | CRISIL,October 2026,1,TIER 1 — Triple-agency (3+ raters),Multi-agency INC — October deadline approaching; Aug pre-call secures relationship first,Get ahead of the Oct/Nov renewal rush; start ACER process now before IND-RA backlog builds
B N R Infrastructure Projects Pvt. Ltd.,MULTI-WINDOW (A),TIER 1 — Senior RM,Aug Wk1 (Aug 3-7),125.0,1,20.0,Construction,ICRA | CARE,October 2026 + Q1 2027,2,LOW,INC rating hits HOT threshold on 2026-11-07 — first call window,Get ahead of the Oct/Nov renewal rush; start ACER process now before ICRA backlog builds
Shinde Developers Pvt. Ltd.,MULTI-WINDOW (A),TIER 1 — Senior RM,Aug Wk1 (Aug 3-7),123.0,1,20.0,Other,BRICKWORK | IND-RA,Q1 2027 + Q2 2027,2,LOW/MEDIUM,INC rating hits ULTRA HOT on 2027-03-09 — prime Q1 2027 renewal target,Your Bank Guarantee at BRICKWORK goes critical in Mar 2027. Start ACER process in Sep 2026 — before the Q1 rush.
Shinde Developers Pvt. Ltd.,DUAL-QUARTER (B),TIER 1 — Senior RM,Aug Wk1 (Aug 3-7),123.0,1,20.0,Other,,Q1 2027 + Q2 2027,2,LOW/MEDIUM,INC rating hits ULTRA HOT on 2027-03-09 — prime Q1 2027 renewal target,Your Bank Guarantee at BRICKWORK goes critical in Mar 2027. Start ACER process in Sep 2026 — before the Q1 rush.
Gowthami Solvent Oils Pvt. Ltd.,MULTI-WINDOW (A),TIER 1 — Senior RM,Aug Wk1 (Aug 3-7),121.68,1,20.0,Chemicals & Pharma,CARE,October 2026 + Q2 2027,2,LOW,INC rating hits HOT threshold on 2026-10-06 — first call window,Get ahead of the Oct/Nov renewal rush; start ACER process now before CARE backlog builds
Telawne Power Equipments Pvt. Ltd.,MULTI-WINDOW (A),TIER 1 — Senior RM,Aug Wk1 (Aug 3-7),121.5,1,20.0,Manufacturing,IND-RA | ICRA | CRISIL,October 2026 + Q2 2027,2,LOW,INC rating hits MEDIUM threshold on 2026-10-25 — first call window,Get ahead of the Oct/Nov renewal rush; start ACER process now before IND-RA backlog builds
Radiant Textiles Pvt. Ltd.,GHOST HOT (D),TIER 1 — Senior RM,Aug Wk1 (Aug 3-7),121.0,1,20.0,Textiles,IND-RA,October 2026,1,HOT → escalating to ULTRA HOT by Dec 2026,INC hits ULTRA HOT in Dec 2026 — call Aug/Sep to get 3-month head start,Your NCD/Bond at IND-RA goes critical in Dec 2026. Start ACER process in Sep 2026 — before the Q1 rush.
R K Infracorp Pvt. Ltd.,Q1 CONSTRUCTION (C),TIER 1 — Senior RM,Aug Wk1 (Aug 3-7),120.0,1,20.0,Construction,CARE,Q1 2027,1,LOW/MEDIUM,INC rating hits ULTRA HOT on 2027-03-11 — prime Q1 2027 renewal target,Your NCD/Bond at CARE goes critical in Mar 2027. Start ACER process in Sep 2026 — before the Q1 rush.
Anand Motor Agencies Ltd.,MULTI-WINDOW (A),TIER 1 — Senior RM,Aug Wk1 (Aug 3-7),118.48,1,20.0,Automobiles,CARE | IND-RA | CRISIL,October 2026 + Q1 2027 + Q2 2027,3,LOW,INC rating hits MEDIUM threshold on 2026-10-07 — first call window,Get ahead of the Oct/Nov renewal rush; start ACER process now before CARE backlog builds
Hotcrete Infrastructure Pvt. Ltd.,MULTI-WINDOW (A),TIER 1 — Senior RM,Aug Wk1 (Aug 3-7),118.38,1,20.0,Construction,ICRA,October 2026 + Q2 2027,2,LOW,INC rating hits MEDIUM threshold on 2026-10-24 — first call window,Get ahead of the Oct/Nov renewal rush; start ACER process now before ICRA backlog builds
Premier Polyfilm Ltd.,MULTI-WINDOW (A),TIER 1 — Senior RM,Aug Wk1 (Aug 3-7),118.0,1,20.0,Other,ICRA,October 2026 + Q2 2027,2,LOW,INC rating hits MEDIUM threshold on 2026-10-27 — first call window,Get ahead of the Oct/Nov renewal rush; start ACER process now before ICRA backlog builds
Envirad Projects Pvt. Ltd.,MULTI-WINDOW (A),TIER 1 — Senior RM,Aug Wk1 (Aug 3-7),114.0,1,20.0,Construction,CARE | CRISIL,October 2026 + Q2 2027,2,LOW,INC rating hits MEDIUM threshold on 2026-10-20 — first call window,Get ahead of the Oct/Nov renewal rush; start ACER process now before CARE backlog builds
Siddhartha Engineering Ltd.,GHOST HOT (D),TIER 1 — Senior RM,Aug Wk1 (Aug 3-7),110.75,1,20.0,Manufacturing,CARE,October 2026,1,HOT → escalating to ULTRA HOT by Dec 2026,INC hits ULTRA HOT in Dec 2026 — call Aug/Sep to get 3-month head start,Your NCD/Bond at CARE goes critical in Dec 2026. Start ACER process in Sep 2026 — before the Q1 rush.
Viswaat Chemicals Ltd.,GHOST HOT (D),TIER 1 — Senior RM,Aug Wk1 (Aug 3-7),108.46000000000001,1,20.0,Chemicals/Pharma,CARE,October 2026,1,HOT → escalating to ULTRA HOT by Dec 2026,INC hits ULTRA HOT in Dec 2026 — call Aug/Sep to get 3-month head start,Your Term Loan at CARE goes critical in Dec 2026. Start ACER process in Sep 2026 — before the Q1 rush.
Pan Synthetics Pvt. Ltd.,GHOST HOT (D),TIER 1 — Senior RM,Aug Wk1 (Aug 3-7),104.42,1,20.0,Other,ICRA | CRISIL,October 2026,1,TIER 2 — Dual-agency (2 raters),Multi-agency INC — October deadline approaching; Aug pre-call secures relationship first,Get ahead of the Oct/Nov renewal rush; start ACER process now before ICRA backlog builds
Ghai Construction Pvt. Ltd.,MULTI-WINDOW (A),TIER 1 — Senior RM,Aug Wk1 (Aug 3-7),104.0,1,20.0,Construction,ICRA,October 2026 + Q2 2027,2,LOW,INC rating hits MEDIUM threshold on 2026-10-12 — first call window,Get ahead of the Oct/Nov renewal rush; start ACER process now before ICRA backlog builds
K B S C Auto Pvt. Ltd.,MULTI-WINDOW (A),TIER 1 — Senior RM,Aug Wk1 (Aug 3-7),101.0,1,20.0,Automobiles,CARE,October 2026 + Q2 2027,2,LOW,INC rating hits MEDIUM threshold on 2026-10-25 — first call window,Get ahead of the Oct/Nov renewal rush; start ACER process now before CARE backlog builds
Spansules Pharmatech Pvt. Ltd.,MULTI-WINDOW (A),TIER 1 — Senior RM,Aug Wk1 (Aug 3-7),100.34,1,20.0,Chemicals & Pharma,CARE,October 2026 + Q2 2027,2,LOW,INC rating hits MEDIUM threshold on 2026-10-24 — first call window,Get ahead of the Oct/Nov renewal rush; start ACER process now before CARE backlog builds
Mohit Ispat Pvt. Ltd.,GHOST HOT (D),TIER 1 — Senior RM,Aug Wk1 (Aug 3-7),100.03999999999999,1,20.0,Other,CARE | ICRA,October 2026,1,TIER 2 — Dual-agency (2 raters),Multi-agency INC — October deadline approaching; Aug pre-call secures relationship first,Get ahead of the Oct/Nov renewal rush; start ACER process now before CARE backlog builds
Sunplast Electronics Pvt. Ltd.,MULTI-WINDOW (A),TIER 1 — Senior RM,Aug Wk1 (Aug 3-7),98.0,1,20.0,Other,BRICKWORK,October 2026 + Q2 2027,2,LOW,INC rating hits MEDIUM threshold on 2026-10-04 — first call window,Get ahead of the Oct/Nov renewal rush; start ACER process now before BRICKWORK backlog builds
Clrk Industries Pvt. Ltd.,MULTI-WINDOW (A),TIER 1 — Senior RM,Aug Wk1 (Aug 3-7),96.0,1,20.0,Manufacturing,CARE,October 2026 + Q2 2027,2,LOW,INC rating hits MEDIUM threshold on 2026-10-19 — first call window,Get ahead of the Oct/Nov renewal rush; start ACER process now before CARE backlog builds
Vikram Roller Flour Mills Ltd.,MULTI-WINDOW (A),TIER 1 — Senior RM,Aug Wk1 (Aug 3-7),95.0,1,20.0,Agro & Food,CARE,October 2026 + Q2 2027,2,LOW,INC rating hits MEDIUM threshold on 2026-10-26 — first call window,Get ahead of the Oct/Nov renewal rush; start ACER process now before CARE backlog builds
Zeco Aircon Ltd.,GHOST HOT (D),TIER 1 — Senior RM,Aug Wk1 (Aug 3-7),95.0,1,20.0,Other,CRISIL | ICRA,October 2026,1,TIER 2 — Dual-agency (2 raters),Multi-agency INC — October deadline approaching; Aug pre-call secures relationship first,Get ahead of the Oct/Nov renewal rush; start ACER process now before CRISIL backlog builds
Anjalee Granites Pvt. Ltd.,MULTI-WINDOW (A),TIER 1 — Senior RM,Aug Wk1 (Aug 3-7),92.0,1,20.0,Mining & Minerals,ICRA,October 2026 + Q2 2027,2,LOW,INC rating hits MEDIUM threshold on 2026-10-13 — first call window,Get ahead of the Oct/Nov renewal rush; start ACER process now before ICRA backlog builds
Vipul Motors Pvt. Ltd.,MULTI-WINDOW (A),TIER 1 — Senior RM,Aug Wk1 (Aug 3-7),90.0,1,20.0,Automobiles,CARE,October 2026 + Q2 2027,2,LOW,INC rating hits MEDIUM threshold on 2026-10-19 — first call window,Get ahead of the Oct/Nov renewal rush; start ACER process now before CARE backlog builds
Narayani Coke Pvt. Ltd.,GHOST HOT (D),TIER 1 — Senior RM,Aug Wk1 (Aug 3-7),88.0,1,20.0,Other,CARE,October 2026,1,HOT → escalating to ULTRA HOT by Dec 2026,INC hits ULTRA HOT in Dec 2026 — call Aug/Sep to get 3-month head start,Your Bank Guarantee at CARE goes critical in Dec 2026. Start ACER process in Sep 2026 — before the Q1 rush.
Reliance Commercial Finance Ltd.,GHOST HOT (D),TIER 1 — Senior RM,Aug Wk1 (Aug 3-7),88.0,1,20.0,BFSI,CARE | BRICKWORK,October 2026,1,TIER 2 — Dual-agency (2 raters),Multi-agency INC — October deadline approaching; Aug pre-call secures relationship first,Get ahead of the Oct/Nov renewal rush; start ACER process now before CARE backlog builds
Supermint Exports Pvt. Ltd.,MULTI-WINDOW (A),TIER 1 — Senior RM,Aug Wk1 (Aug 3-7),87.99000000000001,1,20.0,Logistics,CARE | BRICKWORK,October 2026 + Q2 2027,2,LOW,INC rating hits MEDIUM threshold on 2026-10-05 — first call window,Get ahead of the Oct/Nov renewal rush; start ACER process now before CARE backlog builds
Manohar Lal Sarraf & Sons Jewellers Pvt. Ltd.,GHOST HOT (D),TIER 1 — Senior RM,Aug Wk1 (Aug 3-7),86.5,1,20.0,Jewellery,CARE,October 2026,1,HOT → escalating to ULTRA HOT by Dec 2026,INC hits ULTRA HOT in Dec 2026 — call Aug/Sep to get 3-month head start,Your NCD/Bond at CARE goes critical in Dec 2026. Start ACER process in Sep 2026 — before the Q1 rush.
Goa Sponge & Power Ltd.,GHOST HOT (D),TIER 1 — Senior RM,Aug Wk1 (Aug 3-7),82.5,1,20.0,Energy,ACUITE | IND-RA,October 2026,1,HOT → escalating to ULTRA HOT by Dec 2026,INC hits ULTRA HOT in Dec 2026 — call Aug/Sep to get 3-month head start,Your Bank Guarantee at ACUITE goes critical in Dec 2026. Start ACER process in Sep 2026 — before the Q1 rush.
Natraj Electro Casting Pvt. Ltd.,MULTI-WINDOW (A),TIER 1 — Senior RM,Aug Wk1 (Aug 3-7),78.94,1,20.0,Steel & Metals,CARE | CRISIL,October 2026 + Q2 2027,2,LOW,INC rating hits MEDIUM threshold on 2026-10-11 — first call window,Get ahead of the Oct/Nov renewal rush; start ACER process now before CARE backlog builds
Valiant Glass Works Pvt. Ltd.,GHOST HOT (D),TIER 1 — Senior RM,Aug Wk1 (Aug 3-7),75.1,1,20.0,Other,CARE,October 2026,1,HOT → escalating to ULTRA HOT by Dec 2026,INC hits ULTRA HOT in Dec 2026 — call Aug/Sep to get 3-month head start,Your NCD/Bond at CARE goes critical in Dec 2026. Start ACER process in Sep 2026 — before the Q1 rush.
Neeraj Paper Mktg. Ltd.,GHOST HOT (D),TIER 1 — Senior RM,Aug Wk1 (Aug 3-7),75.0,1,20.0,Paper/Packaging,IND-RA | CARE,October 2026,1,TIER 2 — Dual-agency (2 raters),Multi-agency INC — October deadline approaching; Aug pre-call secures relationship first,Get ahead of the Oct/Nov renewal rush; start ACER process now before IND-RA backlog builds
Bahl Builders Pvt. Ltd.,MULTI-WINDOW (A),TIER 1 — Senior RM,Aug Wk1 (Aug 3-7),70.0,1,20.0,Construction,CARE,October 2026 + Q2 2027,2,LOW,INC rating hits MEDIUM threshold on 2026-10-27 — first call window,Get ahead of the Oct/Nov renewal rush; start ACER process now before CARE backlog builds
Nuevo Polymers Pvt. Ltd.,MULTI-WINDOW (A),TIER 1 — Senior RM,Aug Wk1 (Aug 3-7),70.0,1,20.0,Chemicals & Pharma,ICRA,October 2026 + Q2 2027,2,LOW,INC rating hits MEDIUM threshold on 2026-10-26 — first call window,Get ahead of the Oct/Nov renewal rush; start ACER process now before ICRA backlog builds
Yogiji Digi Ltd.,MULTI-WINDOW (A),TIER 1 — Senior RM,Aug Wk1 (Aug 3-7),70.0,1,20.0,Other,ICRA,October 2026 + Q2 2027,2,LOW,INC rating hits MEDIUM threshold on 2026-10-18 — first call window,Get ahead of the Oct/Nov renewal rush; start ACER process now before ICRA backlog builds
Bay Datacom Solutions Pvt. Ltd.,MULTI-WINDOW (A),TIER 1 — Senior RM,Aug Wk1 (Aug 3-7),69.5,1,20.0,IT/Technology,IND-RA | BRICKWORK,October 2026 + Q1 2027,2,LOW,INC rating hits HOT threshold on 2026-10-13 — first call window,Get ahead of the Oct/Nov renewal rush; start ACER process now before IND-RA backlog builds
Clifton Export Pvt. Ltd.,GHOST HOT (D),TIER 1 — Senior RM,Aug Wk1 (Aug 3-7),69.26,1,20.0,Other,IND-RA,October 2026,1,HOT → escalating to ULTRA HOT by Dec 2026,INC hits ULTRA HOT in Dec 2026 — call Aug/Sep to get 3-month head start,Your NCD/Bond at IND-RA goes critical in Dec 2026. Start ACER process in Sep 2026 — before the Q1 rush.
Siri Constructions Infrastructure Pvt. Ltd.,MULTI-WINDOW (A),TIER 1 — Senior RM,Aug Wk1 (Aug 3-7),69.0,1,20.0,Construction,CARE | IND-RA,October 2026 + Q2 2027,2,LOW,INC rating hits HOT threshold on 2026-11-16 — first call window,Get ahead of the Oct/Nov renewal rush; start ACER process now before CARE backlog builds
Uttarakhand Engineering Products Pvt. Ltd.,MULTI-WINDOW (A),TIER 1 — Senior RM,Aug Wk1 (Aug 3-7),66.75,1,20.0,Manufacturing,CARE | BRICKWORK | CRISIL,October 2026 + Q1 2027,2,LOW,INC rating hits HOT threshold on 2026-10-09 — first call window,Get ahead of the Oct/Nov renewal rush; start ACER process now before CARE backlog builds
Perfect Mettcast Pvt. Ltd.,MULTI-WINDOW (A),TIER 1 — Senior RM,Aug Wk1 (Aug 3-7),64.0,1,20.0,Other,ICRA | ACUITE,October 2026 + Q1 2027,2,MEDIUM,INC rating hits ULTRA HOT threshold on 2026-11-28 — first call window,Get ahead of the Oct/Nov renewal rush; start ACER process now before ICRA backlog builds
Metco Roof Pvt. Ltd.,GHOST HOT (D),TIER 1 — Senior RM,Aug Wk1 (Aug 3-7),63.72,1,20.0,Other,ICRA,October 2026,1,HOT → escalating to ULTRA HOT by Dec 2026,INC hits ULTRA HOT in Dec 2026 — call Aug/Sep to get 3-month head start,Your Term Loan at ICRA goes critical in Dec 2026. Start ACER process in Sep 2026 — before the Q1 rush.
Kohinoor Feeds & Fats Pvt. Ltd.,MULTI-WINDOW (A),TIER 1 — Senior RM,Aug Wk1 (Aug 3-7),62.0,1,20.0,Other,ACUITE | IND-RA,October 2026 + Q2 2027,2,MEDIUM,INC rating hits ULTRA HOT threshold on 2026-11-14 — first call window,Get ahead of the Oct/Nov renewal rush; start ACER process now before ACUITE backlog builds
Dipanshu Promoter & Builder Pvt. Ltd.,GHOST HOT (D),TIER 1 — Senior RM,Aug Wk1 (Aug 3-7),60.0,1,20.0,Construction,ICRA | BRICKWORK,October 2026,1,TIER 2 — Dual-agency (2 raters),Multi-agency INC — October deadline approaching; Aug pre-call secures relationship first,Get ahead of the Oct/Nov renewal rush; start ACER process now before ICRA backlog builds
Anand Motor Agencies Ltd.,DUAL-QUARTER (B),TIER 1 — Senior RM,Aug Wk1 (Aug 3-7),59.09,1,20.0,Automobiles,,Q1 2027 + Q2 2027,2,LOW,INC rating hits MEDIUM threshold on 2026-10-07 — first call window,Get ahead of the Oct/Nov renewal rush; start ACER process now before CARE backlog builds
Satyadeeptha Pharmaceuticals Ltd.,GHOST HOT (D),TIER 1 — Senior RM,Aug Wk1 (Aug 3-7),59.0,1,20.0,Chemicals/Pharma,ICRA,October 2026,1,HOT → escalating to ULTRA HOT by Dec 2026,INC hits ULTRA HOT in Dec 2026 — call Aug/Sep to get 3-month head start,Your Term Loan at ICRA goes critical in Dec 2026. Start ACER process in Sep 2026 — before the Q1 rush.
K P M Processing Mill Pvt. Ltd.,GHOST HOT (D),TIER 1 — Senior RM,Aug Wk1 (Aug 3-7),58.59,1,20.0,Other,IND-RA | CARE,October 2026,1,TIER 2 — Dual-agency (2 raters),Multi-agency INC — October deadline approaching; Aug pre-call secures relationship first,Get ahead of the Oct/Nov renewal rush; start ACER process now before IND-RA backlog builds
Spansules Formulations India Pvt. Ltd.,MULTI-WINDOW (A),TIER 1 — Senior RM,Aug Wk1 (Aug 3-7),57.699999999999996,1,20.0,Other,CARE,October 2026 + Q2 2027,2,LOW,INC rating hits MEDIUM threshold on 2026-10-24 — first call window,Get ahead of the Oct/Nov renewal rush; start ACER process now before CARE backlog builds
Borana Weaves Ltd.,GHOST HOT (D),TIER 1 — Senior RM,Aug Wk1 (Aug 3-7),57.5,1,20.0,Other,CARE,October 2026,1,HOT → escalating to ULTRA HOT by Dec 2026,INC hits ULTRA HOT in Dec 2026 — call Aug/Sep to get 3-month head start,Your Term Loan at CARE goes critical in Dec 2026. Start ACER process in Sep 2026 — before the Q1 rush.
Oswal Lumbers Pvt. Ltd.,MULTI-WINDOW (A),TIER 1 — Senior RM,Aug Wk1 (Aug 3-7),54.0,1,20.0,Other,CARE,October 2026 + Q2 2027,2,LOW,INC rating hits MEDIUM threshold on 2026-10-07 — first call window,Get ahead of the Oct/Nov renewal rush; start ACER process now before CARE backlog builds
Tirumala Seven Hills Pvt. Ltd.,MULTI-WINDOW (A),TIER 1 — Senior RM,Aug Wk1 (Aug 3-7),54.0,1,20.0,Other,CRISIL | ICRA,October 2026 + Q1 2027,2,MEDIUM,INC rating hits ULTRA HOT threshold on 2026-10-31 — first call window,Get ahead of the Oct/Nov renewal rush; start ACER process now before CRISIL backlog builds
Vamica Resorts Infra Limited,MULTI-WINDOW (A),TIER 1 — Senior RM,Aug Wk1 (Aug 3-7),50.0,1,20.0,Construction,Infomerics,October 2026 + Q1 2027,2,LOW,INC rating hits HOT threshold on 2026-11-02 — first call window,Get ahead of the Oct/Nov renewal rush; start ACER process now before Infomerics backlog builds
Trisquare Switchgears Pvt. Ltd.,MULTI-WINDOW (A),TIER 1 — Senior RM,Aug Wk1 (Aug 3-7),49.0,1,20.0,Other,CARE,October 2026 + Q2 2027,2,LOW,INC rating hits MEDIUM threshold on 2026-10-25 — first call window,Get ahead of the Oct/Nov renewal rush; start ACER process now before CARE backlog builds
Amarpali Cylinders Pvt. Ltd.,GHOST HOT (D),TIER 1 — Senior RM,Aug Wk1 (Aug 3-7),48.14,1,20.0,Other,CARE | CRISIL,October 2026,1,TIER 2 — Dual-agency (2 raters),Multi-agency INC — October deadline approaching; Aug pre-call secures relationship first,Get ahead of the Oct/Nov renewal rush; start ACER process now before CARE backlog builds
Kairali Steels & Alloys Pvt. Ltd.,GHOST HOT (D),TIER 1 — Senior RM,Aug Wk1 (Aug 3-7),47.38,1,20.0,Steel & Metals,IND-RA,October 2026,1,HOT → escalating to ULTRA HOT by Dec 2026,INC hits ULTRA HOT in Dec 2026 — call Aug/Sep to get 3-month head start,Your NCD/Bond at IND-RA goes critical in Dec 2026. Start ACER process in Sep 2026 — before the Q1 rush.
Duratex Silk Mills Pvt. Ltd.,MULTI-WINDOW (A),TIER 1 — Senior RM,Aug Wk1 (Aug 3-7),45.8,1,20.0,Textiles,ICRA,October 2026 + Q2 2027,2,LOW,INC rating hits MEDIUM threshold on 2026-10-19 — first call window,Get ahead of the Oct/Nov renewal rush; start ACER process now before ICRA backlog builds
C M C Textiles Pvt. Ltd.,MULTI-WINDOW (A),TIER 1 — Senior RM,Aug Wk1 (Aug 3-7),45.15,1,20.0,Construction,IND-RA | BRICKWORK,October 2026 + Q1 2027,2,MEDIUM,INC rating hits ULTRA HOT threshold on 2026-11-24 — first call window,Get ahead of the Oct/Nov renewal rush; start ACER process now before IND-RA backlog builds
Shreeya Peanuts Pvt. Ltd.,MULTI-WINDOW (A),TIER 1 — Senior RM,Aug Wk1 (Aug 3-7),44.18,1,20.0,Other,CARE | BRICKWORK,October 2026 + Q1 2027,2,MEDIUM,INC rating hits ULTRA HOT threshold on 2026-10-07 — first call window,Get ahead of the Oct/Nov renewal rush; start ACER process now before CARE backlog builds
C D R Projects Pvt. Ltd.,MULTI-WINDOW (A),TIER 1 — Senior RM,Aug Wk1 (Aug 3-7),42.0,1,20.0,Construction,BRICKWORK | ICRA,October 2026 + Q1 2027,2,LOW,INC rating hits HOT threshold on 2026-11-20 — first call window,Get ahead of the Oct/Nov renewal rush; start ACER process now before BRICKWORK backlog builds
Transglobal Securities Ltd.,MULTI-WINDOW (A),TIER 1 — Senior RM,Aug Wk1 (Aug 3-7),42.0,1,20.0,BFSI,ICRA,October 2026 + Q2 2027,2,LOW,INC rating hits MEDIUM threshold on 2026-10-24 — first call window,Get ahead of the Oct/Nov renewal rush; start ACER process now before ICRA backlog builds
Ras Polytex Pvt. Ltd.,MULTI-WINDOW (A),TIER 1 — Senior RM,Aug Wk1 (Aug 3-7),41.519999999999996,1,20.0,Other,ICRA | BRICKWORK,October 2026 + Q1 2027,2,LOW,INC rating hits HOT threshold on 2026-10-20 — first call window,Get ahead of the Oct/Nov renewal rush; start ACER process now before ICRA backlog builds
C M Auto Sales Pvt. Ltd.,MULTI-WINDOW (A),TIER 1 — Senior RM,Aug Wk1 (Aug 3-7),41.2,1,20.0,Automobiles,CARE,October 2026 + Q2 2027,2,LOW,INC rating hits MEDIUM threshold on 2026-10-20 — first call window,Get ahead of the Oct/Nov renewal rush; start ACER process now before CARE backlog builds
Himalayan Road Construction Pvt. Ltd.,MULTI-WINDOW (A),TIER 1 — Senior RM,Aug Wk1 (Aug 3-7),41.0,1,20.0,Construction,CRISIL | CARE | IND-RA,October 2026 + Q2 2027,2,LOW,INC rating hits HOT threshold on 2026-10-24 — first call window,Get ahead of the Oct/Nov renewal rush; start ACER process now before CRISIL backlog builds
Prakash Parcel Services Ltd. (Karnataka),GHOST HOT (D),TIER 1 — Senior RM,Aug Wk1 (Aug 3-7),41.0,1,20.0,Other,BRICKWORK | IND-RA,October 2026,1,TIER 2 — Dual-agency (2 raters),Multi-agency INC — October deadline approaching; Aug pre-call secures relationship first,Get ahead of the Oct/Nov renewal rush; start ACER process now before BRICKWORK backlog builds
Kwality Pharmaceuticals Ltd.,GHOST HOT (D),TIER 1 — Senior RM,Aug Wk1 (Aug 3-7),40.92,1,20.0,Chemicals/Pharma,ICRA,October 2026,1,HOT → escalating to ULTRA HOT by Dec 2026,INC hits ULTRA HOT in Dec 2026 — call Aug/Sep to get 3-month head start,Your Term Loan at ICRA goes critical in Dec 2026. Start ACER process in Sep 2026 — before the Q1 rush.
Ganapati Fishing Lines Pvt. Ltd.,GHOST HOT (D),TIER 1 — Senior RM,Aug Wk1 (Aug 3-7),40.63,1,20.0,Agro/Food,ICRA | CRISIL,October 2026,1,TIER 2 — Dual-agency (2 raters),Multi-agency INC — October deadline approaching; Aug pre-call secures relationship first,Get ahead of the Oct/Nov renewal rush; start ACER process now before ICRA backlog builds
Design & Manufacturing Vista Electronics Pvt. Ltd.,MULTI-WINDOW (A),TIER 1 — Senior RM,Aug Wk1 (Aug 3-7),40.0,1,20.0,Manufacturing,CARE,October 2026 + Q2 2027,2,LOW,INC rating hits MEDIUM threshold on 2026-10-03 — first call window,Get ahead of the Oct/Nov renewal rush; start ACER process now before CARE backlog builds
Libra International Ltd.,MULTI-WINDOW (A),TIER 1 — Senior RM,Aug Wk1 (Aug 3-7),40.0,1,20.0,Other,CARE,October 2026 + Q2 2027,2,LOW,INC rating hits MEDIUM threshold on 2026-10-31 — first call window,Get ahead of the Oct/Nov renewal rush; start ACER process now before CARE backlog builds
Chowgule Industries Pvt. Ltd.,GHOST HOT (D),TIER 1 — Senior RM,Aug Wk1 (Aug 3-7),40.0,1,20.0,Other,ICRA,October 2026,1,HOT → escalating to ULTRA HOT by Dec 2026,INC hits ULTRA HOT in Dec 2026 — call Aug/Sep to get 3-month head start,Your NCD/Bond at ICRA goes critical in Dec 2026. Start ACER process in Sep 2026 — before the Q1 rush.
Pafetech Enterprises Pvt. Ltd.,GHOST HOT (D),TIER 1 — Senior RM,Aug Wk1 (Aug 3-7),40.0,1,20.0,IT/Technology,IND-RA | BRICKWORK,October 2026,1,TIER 2 — Dual-agency (2 raters),Multi-agency INC — October deadline approaching; Aug pre-call secures relationship first,Get ahead of the Oct/Nov renewal rush; start ACER process now before IND-RA backlog builds
R K S Steel Inds. Pvt. Ltd.,GHOST HOT (D),TIER 1 — Senior RM,Aug Wk1 (Aug 3-7),38.02,1,20.0,Steel & Metals,IND-RA,October 2026,1,HOT → escalating to ULTRA HOT by Dec 2026,INC hits ULTRA HOT in Dec 2026 — call Aug/Sep to get 3-month head start,Your NCD/Bond at IND-RA goes critical in Dec 2026. Start ACER process in Sep 2026 — before the Q1 rush.
P S K Textiles India Pvt. Ltd.,MULTI-WINDOW (A),TIER 1 — Senior RM,Aug Wk1 (Aug 3-7),37.510000000000005,1,20.0,Textiles,BRICKWORK | IND-RA,Q1 2027 + Q2 2027,2,LOW/MEDIUM,INC rating hits ULTRA HOT on 2027-03-10 — prime Q1 2027 renewal target,Your Term Loan at BRICKWORK goes critical in Mar 2027. Start ACER process in Sep 2026 — before the Q1 rush.
P S K Textiles India Pvt. Ltd.,DUAL-QUARTER (B),TIER 1 — Senior RM,Aug Wk1 (Aug 3-7),37.51,1,20.0,Textiles,,Q1 2027 + Q2 2027,2,LOW/MEDIUM,INC rating hits ULTRA HOT on 2027-03-10 — prime Q1 2027 renewal target,Your Term Loan at BRICKWORK goes critical in Mar 2027. Start ACER process in Sep 2026 — before the Q1 rush.
Star Engineers (India) Pvt. Ltd.,MULTI-WINDOW (A),TIER 1 — Senior RM,Aug Wk1 (Aug 3-7),36.3,1,20.0,Manufacturing,CARE,October 2026 + Q2 2027,2,LOW,INC rating hits MEDIUM threshold on 2026-10-07 — first call window,Get ahead of the Oct/Nov renewal rush; start ACER process now before CARE backlog builds
Vista Information Systems Pvt. Ltd.,MULTI-WINDOW (A),TIER 1 — Senior RM,Aug Wk1 (Aug 3-7),35.8,1,20.0,Other,CARE,October 2026 + Q2 2027,2,LOW,INC rating hits MEDIUM threshold on 2026-10-03 — first call window,Get ahead of the Oct/Nov renewal rush; start ACER process now before CARE backlog builds
Leben Life Sciences Pvt. Ltd.,GHOST HOT (D),TIER 1 — Senior RM,Aug Wk1 (Aug 3-7),35.63,1,20.0,Other,IND-RA,October 2026,1,HOT → escalating to ULTRA HOT by Dec 2026,INC hits ULTRA HOT in Dec 2026 — call Aug/Sep to get 3-month head start,Your NCD/Bond at IND-RA goes critical in Dec 2026. Start ACER process in Sep 2026 — before the Q1 rush.
G D Dyestuff Inds. Ltd.,MULTI-WINDOW (A),TIER 1 — Senior RM,Aug Wk1 (Aug 3-7),35.36,1,20.0,Chemicals & Pharma,IND-RA,October 2026 + Q1 2027,2,MEDIUM,INC rating hits ULTRA HOT threshold on 2026-10-17 — first call window,Get ahead of the Oct/Nov renewal rush; start ACER process now before IND-RA backlog builds
Shri Vaari Electricals Pvt. Ltd.,GHOST HOT (D),TIER 1 — Senior RM,Aug Wk1 (Aug 3-7),35.0,1,20.0,Energy,CRISIL | CARE,October 2026,1,TIER 2 — Dual-agency (2 raters),Multi-agency INC — October deadline approaching; Aug pre-call secures relationship first,Get ahead of the Oct/Nov renewal rush; start ACER process now before CRISIL backlog builds
Haryana Conductors Pvt. Ltd.,GHOST HOT (D),TIER 1 — Senior RM,Aug Wk1 (Aug 3-7),34.5,1,20.0,Other,CARE | CRISIL,October 2026,1,TIER 2 — Dual-agency (2 raters),Multi-agency INC — October deadline approaching; Aug pre-call secures relationship first,Get ahead of the Oct/Nov renewal rush; start ACER process now before CARE backlog builds
Bagpoly International Pvt. Ltd.,MULTI-WINDOW (A),TIER 1 — Senior RM,Aug Wk1 (Aug 3-7),32.7,1,20.0,Paper/Packaging,CARE,October 2026 + Q2 2027,2,LOW,INC rating hits MEDIUM threshold on 2026-10-10 — first call window,Get ahead of the Oct/Nov renewal rush; start ACER process now before CARE backlog builds
Sri Narayani Plastics Pvt. Ltd.,GHOST HOT (D),TIER 1 — Senior RM,Aug Wk1 (Aug 3-7),32.61,1,20.0,Chemicals/Pharma,ICRA | CRISIL,October 2026,1,TIER 2 — Dual-agency (2 raters),Multi-agency INC — October deadline approaching; Aug pre-call secures relationship first,Get ahead of the Oct/Nov renewal rush; start ACER process now before ICRA backlog builds
Milton Industries Ltd.,GHOST HOT (D),TIER 1 — Senior RM,Aug Wk1 (Aug 3-7),32.53,1,20.0,Manufacturing,CARE | ACUITE,October 2026,1,TIER 2 — Dual-agency (2 raters),Multi-agency INC — October deadline approaching; Aug pre-call secures relationship first,Get ahead of the Oct/Nov renewal rush; start ACER process now before CARE backlog builds
Vertigo Impex Pvt. Ltd.,GHOST HOT (D),TIER 1 — Senior RM,Aug Wk1 (Aug 3-7),32.5,1,20.0,Other,IND-RA,October 2026,1,HOT → escalating to ULTRA HOT by Dec 2026,INC hits ULTRA HOT in Dec 2026 — call Aug/Sep to get 3-month head start,Your NCD/Bond at IND-RA goes critical in Dec 2026. Start ACER process in Sep 2026 — before the Q1 rush.
Srinivasa Sales & Service Pvt. Ltd.,GHOST HOT (D),TIER 1 — Senior RM,Aug Wk1 (Aug 3-7),31.81,1,20.0,Other,ICRA | BRICKWORK,October 2026,1,TIER 2 — Dual-agency (2 raters),Multi-agency INC — October deadline approaching; Aug pre-call secures relationship first,Get ahead of the Oct/Nov renewal rush; start ACER process now before ICRA backlog builds
Mani Export Pvt. Ltd.,MULTI-WINDOW (A),TIER 1 — Senior RM,Aug Wk1 (Aug 3-7),31.24,1,20.0,Logistics,IND-RA | ACUITE,October 2026 + Q1 2027,2,LOW,INC rating hits HOT threshold on 2026-10-13 — first call window,Get ahead of the Oct/Nov renewal rush; start ACER process now before IND-RA backlog builds
Alfa Flexitubes Pvt. Ltd.,MULTI-WINDOW (A),TIER 1 — Senior RM,Aug Wk1 (Aug 3-7),31.0,1,20.0,Steel & Metals,CARE,October 2026 + Q2 2027,2,LOW,INC rating hits MEDIUM threshold on 2026-10-05 — first call window,Get ahead of the Oct/Nov renewal rush; start ACER process now before CARE backlog builds
Aries Corporate Services Pvt. Ltd.,MULTI-WINDOW (A),TIER 1 — Senior RM,Aug Wk1 (Aug 3-7),31.0,1,20.0,Other,CARE | BRICKWORK,October 2026 + Q1 2027 + Q2 2027,3,LOW,INC rating hits MEDIUM threshold on 2026-10-06 — first call window,Get ahead of the Oct/Nov renewal rush; start ACER process now before CARE backlog builds
Mandar Health & Hygiene Pvt. Ltd.,GHOST HOT (D),TIER 1 — Senior RM,Aug Wk1 (Aug 3-7),30.5,1,20.0,Healthcare,IND-RA | ICRA,October 2026,1,TIER 2 — Dual-agency (2 raters),Multi-agency INC — October deadline approaching; Aug pre-call secures relationship first,Get ahead of the Oct/Nov renewal rush; start ACER process now before IND-RA backlog builds
Welcome Distilleries Pvt. Ltd.,MULTI-WINDOW (A),TIER 1 — Senior RM,Aug Wk1 (Aug 3-7),30.4,1,20.0,Other,ICRA,October 2026 + Q2 2027,2,LOW,INC rating hits MEDIUM threshold on 2026-10-24 — first call window,Get ahead of the Oct/Nov renewal rush; start ACER process now before ICRA backlog builds
Sarvani Tradelink Pvt. Ltd.,GHOST HOT (D),TIER 1 — Senior RM,Aug Wk1 (Aug 3-7),30.0,1,20.0,Other,CARE,October 2026,1,HOT → escalating to ULTRA HOT by Dec 2026,INC hits ULTRA HOT in Dec 2026 — call Aug/Sep to get 3-month head start,Your NCD/Bond at CARE goes critical in Dec 2026. Start ACER process in Sep 2026 — before the Q1 rush.
Element Chemilink Pvt. Ltd.,GHOST HOT (D),TIER 1 — Senior RM,Aug Wk1 (Aug 3-7),29.58,1,20.0,Chemicals/Pharma,IND-RA | CRISIL,October 2026,1,TIER 2 — Dual-agency (2 raters),Multi-agency INC — October deadline approaching; Aug pre-call secures relationship first,Get ahead of the Oct/Nov renewal rush; start ACER process now before IND-RA backlog builds
Turbovent Industries Pvt. Ltd.,MULTI-WINDOW (A),TIER 1 — Senior RM,Aug Wk1 (Aug 3-7),29.18,1,20.0,Manufacturing,ICRA,October 2026 + Q2 2027,2,LOW,INC rating hits MEDIUM threshold on 2026-10-21 — first call window,Get ahead of the Oct/Nov renewal rush; start ACER process now before ICRA backlog builds
Syndicate Wiper Systems Pvt. Ltd.,MULTI-WINDOW (A),TIER 1 — Senior RM,Aug Wk1 (Aug 3-7),29.0,1,20.0,Other,CARE | CRISIL,October 2026 + Q1 2027,2,MEDIUM,INC rating hits ULTRA HOT threshold on 2026-10-07 — first call window,Get ahead of the Oct/Nov renewal rush; start ACER process now before CARE backlog builds
Kiara Jewellery Pvt. Ltd.,MULTI-WINDOW (A),TIER 1 — Senior RM,Aug Wk1 (Aug 3-7),28.0,1,20.0,Jewellery/Gems,ICRA,October 2026 + Q2 2027,2,LOW,INC rating hits MEDIUM threshold on 2026-10-19 — first call window,Get ahead of the Oct/Nov renewal rush; start ACER process now before ICRA backlog builds
Yamuna Cable Accessories Pvt. Ltd.,MULTI-WINDOW (A),TIER 1 — Senior RM,Aug Wk1 (Aug 3-7),27.33,1,20.0,Infrastructure,ACUITE | IND-RA,October 2026 + Q2 2027,2,LOW,INC rating hits HOT threshold on 2026-11-24 — first call window,Get ahead of the Oct/Nov renewal rush; start ACER process now before ACUITE backlog builds
Relemac Technologies Pvt. Ltd.,MULTI-WINDOW (A),TIER 1 — Senior RM,Aug Wk1 (Aug 3-7),27.12,1,20.0,IT/Technology,CARE,October 2026 + Q2 2027,2,LOW,INC rating hits MEDIUM threshold on 2026-10-07 — first call window,Get ahead of the Oct/Nov renewal rush; start ACER process now before CARE backlog builds
Gem Motors (India) Pvt. Ltd.,MULTI-WINDOW (A),TIER 1 — Senior RM,Aug Wk1 (Aug 3-7),26.78,1,20.0,Automobiles,CARE | IND-RA,October 2026 + Q2 2027,2,LOW,INC rating hits HOT threshold on 2026-10-25 — first call window,Get ahead of the Oct/Nov renewal rush; start ACER process now before CARE backlog builds
Sagar Metallics Pvt. Ltd.,GHOST HOT (D),TIER 1 — Senior RM,Aug Wk1 (Aug 3-7),26.37,1,20.0,Steel & Metals,IND-RA | CARE,October 2026,1,TIER 2 — Dual-agency (2 raters),Multi-agency INC — October deadline approaching; Aug pre-call secures relationship first,Get ahead of the Oct/Nov renewal rush; start ACER process now before IND-RA backlog builds
Rawalwasia Textile Inds. Pvt. Ltd.,MULTI-WINDOW (A),TIER 1 — Senior RM,Aug Wk1 (Aug 3-7),26.0,1,20.0,Textiles,CARE,October 2026 + Q2 2027,2,LOW,INC rating hits MEDIUM threshold on 2026-10-05 — first call window,Get ahead of the Oct/Nov renewal rush; start ACER process now before CARE backlog builds
Yash Exports (India) Pvt. Ltd.,GHOST HOT (D),TIER 1 — Senior RM,Aug Wk1 (Aug 3-7),25.86,1,20.0,Other,ICRA,October 2026,1,HOT → escalating to ULTRA HOT by Dec 2026,INC hits ULTRA HOT in Dec 2026 — call Aug/Sep to get 3-month head start,Your Term Loan at ICRA goes critical in Dec 2026. Start ACER process in Sep 2026 — before the Q1 rush.
Andhra Polymers Pvt. Ltd.,MULTI-WINDOW (A),TIER 1 — Senior RM,Aug Wk1 (Aug 3-7),25.4,1,20.0,Chemicals & Pharma,ICRA,October 2026 + Q2 2027,2,LOW,INC rating hits MEDIUM threshold on 2026-10-26 — first call window,Get ahead of the Oct/Nov renewal rush; start ACER process now before ICRA backlog builds
Shree Bharka (India) Ltd.,MULTI-WINDOW (A),TIER 1 — Senior RM,Aug Wk1 (Aug 3-7),25.0,1,20.0,Other,ACUITE | IND-RA,October 2026 + Q2 2027,2,MEDIUM,INC rating hits ULTRA HOT threshold on 2026-11-18 — first call window,Get ahead of the Oct/Nov renewal rush; start ACER process now before ACUITE backlog builds
U D Solution Pvt. Ltd.,MULTI-WINDOW (A),TIER 1 — Senior RM,Aug Wk1 (Aug 3-7),25.0,1,20.0,Other,IND-RA | CRISIL,October 2026 + Q1 2027,2,LOW,INC rating hits HOT threshold on 2026-10-13 — first call window,Get ahead of the Oct/Nov renewal rush; start ACER process now before IND-RA backlog builds
Camex Ltd.,GHOST HOT (D),TIER 1 — Senior RM,Aug Wk1 (Aug 3-7),24.5,1,20.0,Other,IND-RA,October 2026,1,HOT → escalating to ULTRA HOT by Dec 2026,INC hits ULTRA HOT in Dec 2026 — call Aug/Sep to get 3-month head start,Your NCD/Bond at IND-RA goes critical in Dec 2026. Start ACER process in Sep 2026 — before the Q1 rush.
Homera Tanning Inds. Pvt. Ltd.,GHOST HOT (D),TIER 1 — Senior RM,Aug Wk1 (Aug 3-7),24.36,1,20.0,Other,CRISIL | ICRA,October 2026,1,TIER 2 — Dual-agency (2 raters),Multi-agency INC — October deadline approaching; Aug pre-call secures relationship first,Get ahead of the Oct/Nov renewal rush; start ACER process now before CRISIL backlog builds
Keya Foods Intl. Pvt. Ltd.,MULTI-WINDOW (A),TIER 1 — Senior RM,Aug Wk1 (Aug 3-7),24.02,1,20.0,Agro & Food,CARE,October 2026 + Q2 2027,2,LOW,INC rating hits MEDIUM threshold on 2026-10-10 — first call window,Get ahead of the Oct/Nov renewal rush; start ACER process now before CARE backlog builds
M J Gold Pvt. Ltd.,MULTI-WINDOW (A),TIER 1 — Senior RM,Aug Wk1 (Aug 3-7),24.0,1,20.0,Jewellery/Gems,BRICKWORK,October 2026 + Q2 2027,2,LOW,INC rating hits MEDIUM threshold on 2026-10-04 — first call window,Get ahead of the Oct/Nov renewal rush; start ACER process now before BRICKWORK backlog builds
Rydak Syndicate Ltd.,MULTI-WINDOW (A),TIER 1 — Senior RM,Aug Wk1 (Aug 3-7),24.0,1,20.0,Other,ACUITE | IND-RA,October 2026 + Q1 2027,2,MEDIUM,INC rating hits ULTRA HOT threshold on 2026-10-27 — first call window,Get ahead of the Oct/Nov renewal rush; start ACER process now before ACUITE backlog builds
Turbhe Chemicals Pvt. Ltd.,GHOST HOT (D),TIER 1 — Senior RM,Aug Wk1 (Aug 3-7),23.89,1,20.0,Chemicals/Pharma,CARE,October 2026,1,HOT → escalating to ULTRA HOT by Dec 2026,INC hits ULTRA HOT in Dec 2026 — call Aug/Sep to get 3-month head start,Your NCD/Bond at CARE goes critical in Dec 2026. Start ACER process in Sep 2026 — before the Q1 rush.
Smita Steels Rolling Mills Pvt. Ltd.,MULTI-WINDOW (A),TIER 1 — Senior RM,Aug Wk1 (Aug 3-7),23.61,1,20.0,Steel & Metals,CRISIL | IND-RA,October 2026 + Q2 2027,2,LOW,INC rating hits HOT threshold on 2026-10-24 — first call window,Get ahead of the Oct/Nov renewal rush; start ACER process now before CRISIL backlog builds
Kashi Kanchan Pvt. Ltd.,MULTI-WINDOW (A),TIER 1 — Senior RM,Aug Wk1 (Aug 3-7),23.0,1,20.0,Other,CRISIL | IND-RA,October 2026 + Q2 2027,2,LOW,INC rating hits HOT threshold on 2026-11-23 — first call window,Get ahead of the Oct/Nov renewal rush; start ACER process now before CRISIL backlog builds
Gansons Pvt. Ltd.,GHOST HOT (D),TIER 1 — Senior RM,Aug Wk1 (Aug 3-7),23.0,1,20.0,Other,IND-RA,October 2026,1,HOT → escalating to ULTRA HOT by Dec 2026,INC hits ULTRA HOT in Dec 2026 — call Aug/Sep to get 3-month head start,Your NCD/Bond at IND-RA goes critical in Dec 2026. Start ACER process in Sep 2026 — before the Q1 rush.
Shrikishan & Co. Pvt. Ltd.,GHOST HOT (D),TIER 1 — Senior RM,Aug Wk1 (Aug 3-7),23.0,1,20.0,Other,IND-RA,October 2026,1,HOT → escalating to ULTRA HOT by Dec 2026,INC hits ULTRA HOT in Dec 2026 — call Aug/Sep to get 3-month head start,Your NCD/Bond at IND-RA goes critical in Dec 2026. Start ACER process in Sep 2026 — before the Q1 rush.
Sunrise Timply Co. Pvt. Ltd.,GHOST HOT (D),TIER 1 — Senior RM,Aug Wk1 (Aug 3-7),23.0,1,20.0,Other,IND-RA,October 2026,1,HOT → escalating to ULTRA HOT by Dec 2026,INC hits ULTRA HOT in Dec 2026 — call Aug/Sep to get 3-month head start,Your NCD/Bond at IND-RA goes critical in Dec 2026. Start ACER process in Sep 2026 — before the Q1 rush.
Milando Fashions Ltd.,GHOST HOT (D),TIER 1 — Senior RM,Aug Wk1 (Aug 3-7),22.880000000000003,1,20.0,Textiles,BRICKWORK | IND-RA,October 2026,1,TIER 2 — Dual-agency (2 raters),Multi-agency INC — October deadline approaching; Aug pre-call secures relationship first,Get ahead of the Oct/Nov renewal rush; start ACER process now before BRICKWORK backlog builds
S C T Ltd.,MULTI-WINDOW (A),TIER 1 — Senior RM,Aug Wk1 (Aug 3-7),22.0,1,20.0,Other,CRISIL | IND-RA,October 2026 + Q2 2027,2,LOW,INC rating hits HOT threshold on 2026-11-22 — first call window,Get ahead of the Oct/Nov renewal rush; start ACER process now before CRISIL backlog builds
V R G Industries Pvt. Ltd.,MULTI-WINDOW (A),TIER 1 — Senior RM,Aug Wk1 (Aug 3-7),22.0,1,20.0,Manufacturing,ACUITE | IND-RA,October 2026 + Q2 2027,2,LOW,INC rating hits MEDIUM threshold on 2026-10-25 — first call window,Get ahead of the Oct/Nov renewal rush; start ACER process now before ACUITE backlog builds
B E Contracts Pvt. Ltd.,GHOST HOT (D),TIER 1 — Senior RM,Aug Wk1 (Aug 3-7),21.65,1,20.0,Other,CARE,October 2026,1,HOT → escalating to ULTRA HOT by Dec 2026,INC hits ULTRA HOT in Dec 2026 — call Aug/Sep to get 3-month head start,Your NCD/Bond at CARE goes critical in Dec 2026. Start ACER process in Sep 2026 — before the Q1 rush.
Abhiraj Engicon Pvt. Ltd.,MULTI-WINDOW (A),TIER 1 — Senior RM,Aug Wk1 (Aug 3-7),21.39,1,20.0,Other,BRICKWORK | IND-RA | CARE,October 2026 + Q1 2027,2,MEDIUM,INC rating hits ULTRA HOT threshold on 2026-11-03 — first call window,Get ahead of the Oct/Nov renewal rush; start ACER process now before BRICKWORK backlog builds
Sikko Industries Ltd.,MULTI-WINDOW (A),TIER 1 — Senior RM,Aug Wk1 (Aug 3-7),21.0,1,20.0,Manufacturing,IND-RA,October 2026 + Q2 2027,2,LOW,INC rating hits MEDIUM threshold on 2026-10-18 — first call window,Get ahead of the Oct/Nov renewal rush; start ACER process now before IND-RA backlog builds
Uni-Tech Automation Pvt. Ltd.,GHOST HOT (D),TIER 1 — Senior RM,Aug Wk1 (Aug 3-7),21.0,1,20.0,Manufacturing,ICRA,October 2026,1,HOT → escalating to ULTRA HOT by Dec 2026,INC hits ULTRA HOT in Dec 2026 — call Aug/Sep to get 3-month head start,Your Term Loan at ICRA goes critical in Dec 2026. Start ACER process in Sep 2026 — before the Q1 rush.
Mercury Industries Ltd.,MULTI-WINDOW (A),TIER 1 — Senior RM,Aug Wk1 (Aug 3-7),20.5,1,20.0,Manufacturing,IND-RA | CRISIL,October 2026 + Q1 2027,2,MEDIUM,INC rating hits ULTRA HOT threshold on 2026-11-24 — first call window,Get ahead of the Oct/Nov renewal rush; start ACER process now before IND-RA backlog builds
Para Products Pvt. Ltd.,MULTI-WINDOW (A),TIER 1 — Senior RM,Aug Wk1 (Aug 3-7),20.0,1,20.0,Manufacturing,ICRA,October 2026 + Q2 2027,2,LOW,INC rating hits MEDIUM threshold on 2026-10-25 — first call window,Get ahead of the Oct/Nov renewal rush; start ACER process now before ICRA backlog builds
Rhino Lux Pvt. Ltd.,GHOST HOT (D),TIER 1 — Senior RM,Aug Wk1 (Aug 3-7),20.0,1,20.0,Other,CARE,October 2026,1,HOT → escalating to ULTRA HOT by Dec 2026,INC hits ULTRA HOT in Dec 2026 — call Aug/Sep to get 3-month head start,Your NCD/Bond at CARE goes critical in Dec 2026. Start ACER process in Sep 2026 — before the Q1 rush.
Clavecon ( India) Pvt. Ltd.,GHOST HOT (D),TIER 1 — Senior RM,Aug Wk1 (Aug 3-7),19.78,1,20.0,Other,CRISIL | IND-RA,October 2026,1,TIER 2 — Dual-agency (2 raters),Multi-agency INC — October deadline approaching; Aug pre-call secures relationship first,Get ahead of the Oct/Nov renewal rush; start ACER process now before CRISIL backlog builds
Praveen Aroma Pvt. Ltd.,MULTI-WINDOW (A),TIER 1 — Senior RM,Aug Wk1 (Aug 3-7),19.5,1,20.0,Other,IND-RA | CRISIL,October 2026 + Q1 2027,2,LOW,INC rating hits HOT threshold on 2026-10-13 — first call window,Get ahead of the Oct/Nov renewal rush; start ACER process now before IND-RA backlog builds
Multifilms Plastics Pvt. Ltd.,MULTI-WINDOW (A),TIER 1 — Senior RM,Aug Wk1 (Aug 3-7),19.31,1,20.0,Chemicals & Pharma,IND-RA | CARE,October 2026 + Q1 2027,2,LOW,INC rating hits HOT threshold on 2026-10-13 — first call window,Get ahead of the Oct/Nov renewal rush; start ACER process now before IND-RA backlog builds
Kaizen Cold Formed Steel Pvt. Ltd.,GHOST HOT (D),TIER 1 — Senior RM,Aug Wk1 (Aug 3-7),19.14,1,20.0,Steel & Metals,IND-RA | CARE,October 2026,1,TIER 2 — Dual-agency (2 raters),Multi-agency INC — October deadline approaching; Aug pre-call secures relationship first,Get ahead of the Oct/Nov renewal rush; start ACER process now before IND-RA backlog builds
M B R Flexibles Ltd.,MULTI-WINDOW (A),TIER 1 — Senior RM,Aug Wk1 (Aug 3-7),18.98,1,20.0,Other,ICRA | CRISIL,October 2026 + Q2 2027,2,LOW,INC rating hits MEDIUM threshold on 2026-10-14 — first call window,Get ahead of the Oct/Nov renewal rush; start ACER process now before ICRA backlog builds
A S Moloobhoy Pvt. Ltd.,MULTI-WINDOW (A),TIER 1 — Senior RM,Aug Wk1 (Aug 3-7),18.0,1,20.0,Other,ICRA,October 2026 + Q1 2027,2,LOW,INC rating hits HOT threshold on 2026-10-20 — first call window,Get ahead of the Oct/Nov renewal rush; start ACER process now before ICRA backlog builds
Swapna Printing Works Pvt. Ltd.,MULTI-WINDOW (A),TIER 1 — Senior RM,Aug Wk1 (Aug 3-7),18.0,1,20.0,Steel & Metals,CRISIL | IND-RA,October 2026 + Q2 2027,2,LOW,INC rating hits HOT threshold on 2026-10-25 — first call window,Get ahead of the Oct/Nov renewal rush; start ACER process now before CRISIL backlog builds
Aries Corporate Services Pvt. Ltd.,DUAL-QUARTER (B),TIER 1 — Senior RM,Aug Wk1 (Aug 3-7),18.0,1,20.0,Other,,Q1 2027 + Q2 2027,2,LOW,INC rating hits MEDIUM threshold on 2026-10-06 — first call window,Get ahead of the Oct/Nov renewal rush; start ACER process now before CARE backlog builds
K7 Computing Pvt. Ltd.,GHOST HOT (D),TIER 1 — Senior RM,Aug Wk1 (Aug 3-7),18.0,1,20.0,Other,IND-RA,October 2026,1,HOT → escalating to ULTRA HOT by Dec 2026,INC hits ULTRA HOT in Dec 2026 — call Aug/Sep to get 3-month head start,Your NCD/Bond at IND-RA goes critical in Dec 2026. Start ACER process in Sep 2026 — before the Q1 rush.
Jayesh Industries Ltd.,GHOST HOT (D),TIER 1 — Senior RM,Aug Wk1 (Aug 3-7),17.64,1,20.0,Manufacturing,CRISIL | BRICKWORK,October 2026,1,TIER 2 — Dual-agency (2 raters),Multi-agency INC — October deadline approaching; Aug pre-call secures relationship first,Get ahead of the Oct/Nov renewal rush; start ACER process now before CRISIL backlog builds
Machine Tools (India) Ltd.,MULTI-WINDOW (A),TIER 1 — Senior RM,Aug Wk1 (Aug 3-7),17.0,1,20.0,Manufacturing,CARE,October 2026 + Q2 2027,2,LOW,INC rating hits MEDIUM threshold on 2026-10-05 — first call window,Get ahead of the Oct/Nov renewal rush; start ACER process now before CARE backlog builds
Srinivas Infrastructure Pvt. Ltd.,Q1 CONSTRUCTION (C),TIER 1 — Senior RM,Aug Wk1 (Aug 3-7),17.0,1,20.0,Construction,IND-RA,Q1 2027,1,HOT,INC rating hits ULTRA HOT on 2026-12-19 — prime Q1 2027 renewal target,Your NCD/Bond at IND-RA goes critical in Dec 2026. Start ACER process in Sep 2026 — before the Q1 rush.
Mor Alloys Pvt. Ltd.,GHOST HOT (D),TIER 1 — Senior RM,Aug Wk1 (Aug 3-7),16.55,1,20.0,Steel & Metals,ICRA,October 2026,1,HOT → escalating to ULTRA HOT by Dec 2026,INC hits ULTRA HOT in Dec 2026 — call Aug/Sep to get 3-month head start,Your NCD/Bond at ICRA goes critical in Dec 2026. Start ACER process in Sep 2026 — before the Q1 rush.
Classic Enterprises Pvt. Ltd.,GHOST HOT (D),TIER 1 — Senior RM,Aug Wk1 (Aug 3-7),15.11,1,20.0,Other,CARE | ICRA,October 2026,1,TIER 2 — Dual-agency (2 raters),Multi-agency INC — October deadline approaching; Aug pre-call secures relationship first,Get ahead of the Oct/Nov renewal rush; start ACER process now before CARE backlog builds
Sidwin Fabric Pvt. Ltd.,MULTI-WINDOW (A),TIER 1 — Senior RM,Aug Wk1 (Aug 3-7),15.06,1,20.0,Textiles,ICRA | CRISIL,October 2026 + Q1 2027 + Q2 2027,3,LOW,INC rating hits MEDIUM threshold on 2026-10-13 — first call window,Get ahead of the Oct/Nov renewal rush; start ACER process now before ICRA backlog builds
S V R Laboratories Pvt. Ltd.,MULTI-WINDOW (A),TIER 1 — Senior RM,Aug Wk1 (Aug 3-7),15.049999999999999,1,20.0,Healthcare,ICRA | CRISIL,October 2026 + Q2 2027,2,LOW,INC rating hits MEDIUM threshold on 2026-10-21 — first call window,Get ahead of the Oct/Nov renewal rush; start ACER process now before ICRA backlog builds
Rajdhani Crafts Inds. Pvt. Ltd.,GHOST HOT (D),TIER 1 — Senior RM,Aug Wk1 (Aug 3-7),15.0,1,20.0,Other,CARE,October 2026,1,HOT → escalating to ULTRA HOT by Dec 2026,INC hits ULTRA HOT in Dec 2026 — call Aug/Sep to get 3-month head start,Your NCD/Bond at CARE goes critical in Dec 2026. Start ACER process in Sep 2026 — before the Q1 rush.
Weener Empire Plastics Pvt. Ltd.,GHOST HOT (D),TIER 1 — Senior RM,Aug Wk1 (Aug 3-7),15.0,1,20.0,Chemicals/Pharma,ICRA,October 2026,1,HOT → escalating to ULTRA HOT by Dec 2026,INC hits ULTRA HOT in Dec 2026 — call Aug/Sep to get 3-month head start,Your NCD/Bond at ICRA goes critical in Dec 2026. Start ACER process in Sep 2026 — before the Q1 rush.
Malwa Automotives Pvt. Ltd.,GHOST HOT (D),TIER 1 — Senior RM,Aug Wk1 (Aug 3-7),14.97,1,20.0,Automobiles,IND-RA | CRISIL,October 2026,1,TIER 2 — Dual-agency (2 raters),Multi-agency INC — October deadline approaching; Aug pre-call secures relationship first,Get ahead of the Oct/Nov renewal rush; start ACER process now before IND-RA backlog builds
Sri Vaishnavi Spintex (India) Pvt. Ltd.,MULTI-WINDOW (A),TIER 1 — Senior RM,Aug Wk1 (Aug 3-7),14.83,1,20.0,Other,ICRA | IND-RA,October 2026 + Q2 2027,2,MEDIUM,INC rating hits ULTRA HOT threshold on 2026-10-22 — first call window,Get ahead of the Oct/Nov renewal rush; start ACER process now before ICRA backlog builds
Gupta Hair Products Pvt. Ltd.,GHOST HOT (D),TIER 1 — Senior RM,Aug Wk1 (Aug 3-7),14.75,1,20.0,Other,CARE,October 2026,1,HOT → escalating to ULTRA HOT by Dec 2026,INC hits ULTRA HOT in Dec 2026 — call Aug/Sep to get 3-month head start,Your NCD/Bond at CARE goes critical in Dec 2026. Start ACER process in Sep 2026 — before the Q1 rush.
Jai Gears Pvt. Ltd.,MULTI-WINDOW (A),TIER 1 — Senior RM,Aug Wk1 (Aug 3-7),14.0,1,20.0,Other,CARE | CRISIL,October 2026 + Q2 2027,2,MEDIUM,INC rating hits ULTRA HOT threshold on 2026-10-07 — first call window,Get ahead of the Oct/Nov renewal rush; start ACER process now before CARE backlog builds
M D A Mineral Dhatu (A P) Pvt. Ltd.,MULTI-WINDOW (A),TIER 1 — Senior RM,Aug Wk1 (Aug 3-7),13.5,1,20.0,Mining & Minerals,ICRA | IND-RA,October 2026 + Q2 2027,2,LOW,INC rating hits HOT threshold on 2026-11-10 — first call window,Get ahead of the Oct/Nov renewal rush; start ACER process now before ICRA backlog builds
B D Security Ltd.,GHOST HOT (D),TIER 1 — Senior RM,Aug Wk1 (Aug 3-7),13.05,1,20.0,Other,CARE,October 2026,1,HOT → escalating to ULTRA HOT by Dec 2026,INC hits ULTRA HOT in Dec 2026 — call Aug/Sep to get 3-month head start,Your Term Loan at CARE goes critical in Dec 2026. Start ACER process in Sep 2026 — before the Q1 rush.
Ribbel International Ltd.,GHOST HOT (D),TIER 1 — Senior RM,Aug Wk1 (Aug 3-7),12.85,1,20.0,Other,IND-RA | CRISIL,October 2026,1,TIER 2 — Dual-agency (2 raters),Multi-agency INC — October deadline approaching; Aug pre-call secures relationship first,Get ahead of the Oct/Nov renewal rush; start ACER process now before IND-RA backlog builds
Purvanchal Construction Works Pvt. Ltd.,Q1 CONSTRUCTION (C),TIER 1 — Senior RM,Aug Wk1 (Aug 3-7),12.3,1,20.0,Construction,CARE,Q1 2027,1,HOT,INC rating hits ULTRA HOT on 2026-12-03 — prime Q1 2027 renewal target,Your NCD/Bond at CARE goes critical in Dec 2026. Start ACER process in Sep 2026 — before the Q1 rush.
Ananya Engineering Pvt. Ltd.,GHOST HOT (D),TIER 1 — Senior RM,Aug Wk1 (Aug 3-7),12.13,1,20.0,Manufacturing,CARE | BRICKWORK,October 2026,1,TIER 2 — Dual-agency (2 raters),Multi-agency INC — October deadline approaching; Aug pre-call secures relationship first,Get ahead of the Oct/Nov renewal rush; start ACER process now before CARE backlog builds
Gypsum Structural India Pvt. Ltd.,MULTI-WINDOW (A),TIER 1 — Senior RM,Aug Wk1 (Aug 3-7),12.0,1,20.0,Other,IND-RA,October 2026 + Q2 2027,2,LOW,INC rating hits MEDIUM threshold on 2026-10-07 — first call window,Get ahead of the Oct/Nov renewal rush; start ACER process now before IND-RA backlog builds
Utility Forms Pvt. Ltd.,MULTI-WINDOW (A),TIER 1 — Senior RM,Aug Wk1 (Aug 3-7),12.0,1,20.0,Other,ICRA,October 2026 + Q2 2027,2,LOW,INC rating hits MEDIUM threshold on 2026-10-13 — first call window,Get ahead of the Oct/Nov renewal rush; start ACER process now before ICRA backlog builds
K M K Global Ltd.,GHOST HOT (D),TIER 1 — Senior RM,Aug Wk1 (Aug 3-7),11.8,1,20.0,Other,IND-RA | CRISIL,October 2026,1,TIER 2 — Dual-agency (2 raters),Multi-agency INC — October deadline approaching; Aug pre-call secures relationship first,Get ahead of the Oct/Nov renewal rush; start ACER process now before IND-RA backlog builds
Anubhav Plast Ltd.,MULTI-WINDOW (A),TIER 1 — Senior RM,Aug Wk1 (Aug 3-7),11.5,1,20.0,Other,CRISIL | IND-RA,October 2026 + Q1 2027 + Q2 2027,3,LOW,INC rating hits MEDIUM threshold on 2026-10-20 — first call window,Get ahead of the Oct/Nov renewal rush; start ACER process now before CRISIL backlog builds
Adachi Natural Polymer Ltd.,MULTI-WINDOW (A),TIER 1 — Senior RM,Aug Wk1 (Aug 3-7),11.49,1,20.0,Chemicals & Pharma,CRISIL | CARE,October 2026 + Q1 2027,2,MEDIUM,INC rating hits ULTRA HOT threshold on 2026-11-19 — first call window,Get ahead of the Oct/Nov renewal rush; start ACER process now before CRISIL backlog builds
Mahakali Ispat Pvt. Ltd.,GHOST HOT (D),TIER 1 — Senior RM,Aug Wk1 (Aug 3-7),11.3,1,20.0,Other,IND-RA,October 2026,1,HOT → escalating to ULTRA HOT by Dec 2026,INC hits ULTRA HOT in Dec 2026 — call Aug/Sep to get 3-month head start,Your NCD/Bond at IND-RA goes critical in Dec 2026. Start ACER process in Sep 2026 — before the Q1 rush.
Kuna Impex Pvt. Ltd.,GHOST HOT (D),TIER 1 — Senior RM,Aug Wk1 (Aug 3-7),11.25,1,20.0,Other,IND-RA,October 2026,1,HOT → escalating to ULTRA HOT by Dec 2026,INC hits ULTRA HOT in Dec 2026 — call Aug/Sep to get 3-month head start,Your NCD/Bond at IND-RA goes critical in Dec 2026. Start ACER process in Sep 2026 — before the Q1 rush.
Caravel Logistics Pvt. Ltd.,GHOST HOT (D),TIER 1 — Senior RM,Aug Wk1 (Aug 3-7),11.1,1,20.0,Logistics,IND-RA,October 2026,1,HOT → escalating to ULTRA HOT by Dec 2026,INC hits ULTRA HOT in Dec 2026 — call Aug/Sep to get 3-month head start,Your NCD/Bond at IND-RA goes critical in Dec 2026. Start ACER process in Sep 2026 — before the Q1 rush.
Metal Care Alloys Pvt. Ltd.,MULTI-WINDOW (A),TIER 1 — Senior RM,Aug Wk1 (Aug 3-7),10.56,1,20.0,Steel & Metals,IND-RA | BRICKWORK,October 2026 + Q2 2027,2,MEDIUM,INC rating hits ULTRA HOT threshold on 2026-11-24 — first call window,Get ahead of the Oct/Nov renewal rush; start ACER process now before IND-RA backlog builds
M S Support Services Ltd.,MULTI-WINDOW (A),TIER 1 — Senior RM,Aug Wk1 (Aug 3-7),10.5,1,20.0,Logistics,CARE,October 2026 + Q2 2027,2,LOW,INC rating hits MEDIUM threshold on 2026-10-21 — first call window,Get ahead of the Oct/Nov renewal rush; start ACER process now before CARE backlog builds
Sukata Tractor Parts Pvt. Ltd.,MULTI-WINDOW (A),TIER 1 — Senior RM,Aug Wk1 (Aug 3-7),10.49,1,20.0,Automobiles,CRISIL | IND-RA,Q1 2027 + Q2 2027,2,HOT,INC rating hits ULTRA HOT on 2026-12-22 — prime Q1 2027 renewal target,Your Term Loan at CRISIL goes critical in Dec 2026. Start ACER process in Sep 2026 — before the Q1 rush.
Sukata Tractor Parts Pvt. Ltd.,DUAL-QUARTER (B),TIER 1 — Senior RM,Aug Wk1 (Aug 3-7),10.49,1,20.0,Automobiles,,Q1 2027 + Q2 2027,2,HOT,INC rating hits ULTRA HOT on 2026-12-22 — prime Q1 2027 renewal target,Your Term Loan at CRISIL goes critical in Dec 2026. Start ACER process in Sep 2026 — before the Q1 rush.
Mani More Synthetics Pvt. Ltd.,MULTI-WINDOW (A),TIER 1 — Senior RM,Aug Wk1 (Aug 3-7),10.059999999999999,1,20.0,Other,IND-RA | BRICKWORK,October 2026 + Q1 2027,2,MEDIUM,INC rating hits ULTRA HOT threshold on 2026-11-24 — first call window,Get ahead of the Oct/Nov renewal rush; start ACER process now before IND-RA backlog builds
Shri Ram Rubtech Pvt. Ltd.,MULTI-WINDOW (A),TIER 1 — Senior RM,Aug Wk1 (Aug 3-7),10.04,1,20.0,IT/Technology,IND-RA | CARE,October 2026 + Q1 2027,2,LOW,INC rating hits HOT threshold on 2026-10-13 — first call window,Get ahead of the Oct/Nov renewal rush; start ACER process now before IND-RA backlog builds
Sidwin Fabric Pvt. Ltd.,DUAL-QUARTER (B),TIER 1 — Senior RM,Aug Wk1 (Aug 3-7),10.03,1,20.0,Textiles,,Q1 2027 + Q2 2027,2,LOW,INC rating hits MEDIUM threshold on 2026-10-13 — first call window,Get ahead of the Oct/Nov renewal rush; start ACER process now before ICRA backlog builds
C S H Power Himoinsa Pvt. Ltd.,MULTI-WINDOW (A),TIER 1 — Senior RM,Aug Wk1 (Aug 3-7),10.0,1,20.0,Energy,CARE,October 2026 + Q2 2027,2,LOW,INC rating hits MEDIUM threshold on 2026-10-07 — first call window,Get ahead of the Oct/Nov renewal rush; start ACER process now before CARE backlog builds
Empire Alcobrev Pvt. Ltd.,MULTI-WINDOW (A),TIER 1 — Senior RM,Aug Wk1 (Aug 3-7),10.0,1,20.0,Other,CARE,October 2026 + Q2 2027,2,LOW,INC rating hits MEDIUM threshold on 2026-10-20 — first call window,Get ahead of the Oct/Nov renewal rush; start ACER process now before CARE backlog builds
Anubhav Plast Ltd.,DUAL-QUARTER (B),TIER 1 — Senior RM,Aug Wk1 (Aug 3-7),10.0,1,20.0,Other,,Q1 2027 + Q2 2027,2,LOW,INC rating hits MEDIUM threshold on 2026-10-20 — first call window,Get ahead of the Oct/Nov renewal rush; start ACER process now before CRISIL backlog builds
Flyjac Logistics Pvt. Ltd.,GHOST HOT (D),TIER 1 — Senior RM,Aug Wk1 (Aug 3-7),10.0,1,20.0,Logistics,ICRA,October 2026,1,HOT → escalating to ULTRA HOT by Dec 2026,INC hits ULTRA HOT in Dec 2026 — call Aug/Sep to get 3-month head start,Your NCD/Bond at ICRA goes critical in Dec 2026. Start ACER process in Sep 2026 — before the Q1 rush.
Samkit Diamond Export Pvt. Ltd.,GHOST HOT (D),TIER 1 — Senior RM,Aug Wk1 (Aug 3-7),10.0,1,20.0,Jewellery,ICRA,October 2026,1,HOT → escalating to ULTRA HOT by Dec 2026,INC hits ULTRA HOT in Dec 2026 — call Aug/Sep to get 3-month head start,Your NCD/Bond at ICRA goes critical in Dec 2026. Start ACER process in Sep 2026 — before the Q1 rush.
Profive Engineering Pvt. Ltd.,MULTI-WINDOW (A),TIER 1 — Senior RM,Aug Wk1 (Aug 3-7),9.42,1,20.0,Manufacturing,CARE | IND-RA,October 2026 + Q2 2027,2,MEDIUM,INC rating hits ULTRA HOT threshold on 2026-10-17 — first call window,Get ahead of the Oct/Nov renewal rush; start ACER process now before CARE backlog builds
Pearson Drums & Barrels Pvt. Ltd.,GHOST HOT (D),TIER 1 — Senior RM,Aug Wk1 (Aug 3-7),9.4,1,20.0,Other,ICRA,October 2026,1,HOT → escalating to ULTRA HOT by Dec 2026,INC hits ULTRA HOT in Dec 2026 — call Aug/Sep to get 3-month head start,Your Non-Fund-Based at ICRA goes critical in Dec 2026. Start ACER process in Sep 2026 — before the Q1 rush.
Agrasen Iron & Steels Pvt. Ltd.,GHOST HOT (D),TIER 1 — Senior RM,Aug Wk1 (Aug 3-7),9.0,1,20.0,Steel & Metals,CARE,October 2026,1,HOT → escalating to ULTRA HOT by Dec 2026,INC hits ULTRA HOT in Dec 2026 — call Aug/Sep to get 3-month head start,Your NCD/Bond at CARE goes critical in Dec 2026. Start ACER process in Sep 2026 — before the Q1 rush.
Luker Electric Technologies Pvt. Ltd.,GHOST HOT (D),TIER 1 — Senior RM,Aug Wk1 (Aug 3-7),9.0,1,20.0,Energy,CARE,October 2026,1,HOT → escalating to ULTRA HOT by Dec 2026,INC hits ULTRA HOT in Dec 2026 — call Aug/Sep to get 3-month head start,Your NCD/Bond at CARE goes critical in Dec 2026. Start ACER process in Sep 2026 — before the Q1 rush.
Millenium Exim Pvt. Ltd.,GHOST HOT (D),TIER 1 — Senior RM,Aug Wk1 (Aug 3-7),9.0,1,20.0,Agro/Food,ICRA,October 2026,1,HOT → escalating to ULTRA HOT by Dec 2026,INC hits ULTRA HOT in Dec 2026 — call Aug/Sep to get 3-month head start,Your NCD/Bond at ICRA goes critical in Dec 2026. Start ACER process in Sep 2026 — before the Q1 rush.
A-One Footarts Pvt. Ltd.,MULTI-WINDOW (A),TIER 1 — Senior RM,Aug Wk1 (Aug 3-7),8.64,1,20.0,Other,CARE | CRISIL,October 2026 + Q1 2027,2,MEDIUM,INC rating hits ULTRA HOT threshold on 2026-10-03 — first call window,Get ahead of the Oct/Nov renewal rush; start ACER process now before CARE backlog builds
Polixel Security Systems Pvt. Ltd.,GHOST HOT (D),TIER 1 — Senior RM,Aug Wk1 (Aug 3-7),8.5,1,20.0,Other,IND-RA,October 2026,1,HOT → escalating to ULTRA HOT by Dec 2026,INC hits ULTRA HOT in Dec 2026 — call Aug/Sep to get 3-month head start,Your NCD/Bond at IND-RA goes critical in Dec 2026. Start ACER process in Sep 2026 — before the Q1 rush.
Fenasia Ltd.,MULTI-WINDOW (A),TIER 1 — Senior RM,Aug Wk1 (Aug 3-7),8.0,1,20.0,Other,ACUITE | CARE,October 2026 + Q1 2027 + Q2 2027,3,LOW,INC rating hits MEDIUM threshold on 2026-10-14 — first call window,Get ahead of the Oct/Nov renewal rush; start ACER process now before ACUITE backlog builds
Fine Pac Structures Pvt. Ltd.,GHOST HOT (D),TIER 1 — Senior RM,Aug Wk1 (Aug 3-7),8.0,1,20.0,Other,CARE,October 2026,1,HOT → escalating to ULTRA HOT by Dec 2026,INC hits ULTRA HOT in Dec 2026 — call Aug/Sep to get 3-month head start,Your Bank Guarantee at CARE goes critical in Dec 2026. Start ACER process in Sep 2026 — before the Q1 rush.
B N S R Inds. Ltd.,MULTI-WINDOW (A),TIER 1 — Senior RM,Aug Wk1 (Aug 3-7),7.4,1,20.0,Other,ACUITE | IND-RA,October 2026 + Q2 2027,2,LOW,INC rating hits HOT threshold on 2026-10-10 — first call window,Get ahead of the Oct/Nov renewal rush; start ACER process now before ACUITE backlog builds
Memon Health Care Pvt. Ltd.,GHOST HOT (D),TIER 1 — Senior RM,Aug Wk1 (Aug 3-7),7.4,1,20.0,Healthcare,ICRA,October 2026,1,HOT → escalating to ULTRA HOT by Dec 2026,INC hits ULTRA HOT in Dec 2026 — call Aug/Sep to get 3-month head start,Your Term Loan at ICRA goes critical in Dec 2026. Start ACER process in Sep 2026 — before the Q1 rush.
Shree Seco Pvt. Ltd.,GHOST HOT (D),TIER 1 — Senior RM,Aug Wk1 (Aug 3-7),7.22,1,20.0,Other,CARE,October 2026,1,HOT → escalating to ULTRA HOT by Dec 2026,INC hits ULTRA HOT in Dec 2026 — call Aug/Sep to get 3-month head start,Your NCD/Bond at CARE goes critical in Dec 2026. Start ACER process in Sep 2026 — before the Q1 rush.
Champion Commercial Co. Ltd.,GHOST HOT (D),TIER 1 — Senior RM,Aug Wk1 (Aug 3-7),7.0,1,20.0,Other,ICRA,October 2026,1,HOT → escalating to ULTRA HOT by Dec 2026,INC hits ULTRA HOT in Dec 2026 — call Aug/Sep to get 3-month head start,Your Non-Fund-Based at ICRA goes critical in Dec 2026. Start ACER process in Sep 2026 — before the Q1 rush.
V V C Motors Pvt. Ltd.,GHOST HOT (D),TIER 1 — Senior RM,Aug Wk1 (Aug 3-7),6.25,1,20.0,Other,ICRA,October 2026,1,HOT → escalating to ULTRA HOT by Dec 2026,INC hits ULTRA HOT in Dec 2026 — call Aug/Sep to get 3-month head start,Your Non-Fund-Based at ICRA goes critical in Dec 2026. Start ACER process in Sep 2026 — before the Q1 rush.
Hiland Agro Products Pvt. Ltd.,GHOST HOT (D),TIER 1 — Senior RM,Aug Wk1 (Aug 3-7),6.23,1,20.0,Agro/Food,IND-RA,October 2026,1,HOT → escalating to ULTRA HOT by Dec 2026,INC hits ULTRA HOT in Dec 2026 — call Aug/Sep to get 3-month head start,Your NCD/Bond at IND-RA goes critical in Dec 2026. Start ACER process in Sep 2026 — before the Q1 rush.
L S Rice Exports Pvt. Ltd.,MULTI-WINDOW (A),TIER 1 — Senior RM,Aug Wk1 (Aug 3-7),6.14,1,20.0,Agro & Food,CARE | IND-RA,October 2026 + Q2 2027,2,LOW,INC rating hits HOT threshold on 2026-11-22 — first call window,Get ahead of the Oct/Nov renewal rush; start ACER process now before CARE backlog builds
Encore Projects Pvt. Ltd.,MULTI-WINDOW (A),TIER 1 — Senior RM,Aug Wk1 (Aug 3-7),5.5,1,20.0,Construction,CARE,October 2026 + Q2 2027,2,LOW,INC rating hits MEDIUM threshold on 2026-10-05 — first call window,Get ahead of the Oct/Nov renewal rush; start ACER process now before CARE backlog builds
Winner Nippon Leatherette Pvt. Ltd.,GHOST HOT (D),TIER 1 — Senior RM,Aug Wk1 (Aug 3-7),5.25,1,20.0,Other,ICRA,October 2026,1,HOT → escalating to ULTRA HOT by Dec 2026,INC hits ULTRA HOT in Dec 2026 — call Aug/Sep to get 3-month head start,Your NCD/Bond at ICRA goes critical in Dec 2026. Start ACER process in Sep 2026 — before the Q1 rush.
Shreyans Oils Pvt. Ltd.,MULTI-WINDOW (A),TIER 1 — Senior RM,Aug Wk1 (Aug 3-7),5.0,1,20.0,Energy,ICRA,October 2026 + Q2 2027,2,LOW,INC rating hits MEDIUM threshold on 2026-10-24 — first call window,Get ahead of the Oct/Nov renewal rush; start ACER process now before ICRA backlog builds
Fenasia Ltd.,DUAL-QUARTER (B),TIER 1 — Senior RM,Aug Wk1 (Aug 3-7),4.5,1,20.0,Other,,Q1 2027 + Q2 2027,2,LOW,INC rating hits MEDIUM threshold on 2026-10-14 — first call window,Get ahead of the Oct/Nov renewal rush; start ACER process now before ACUITE backlog builds
Sangam Forgings Pvt. Ltd.,GHOST HOT (D),TIER 1 — Senior RM,Aug Wk1 (Aug 3-7),4.5,1,20.0,Steel & Metals,IND-RA,October 2026,1,HOT → escalating to ULTRA HOT by Dec 2026,INC hits ULTRA HOT in Dec 2026 — call Aug/Sep to get 3-month head start,Your NCD/Bond at IND-RA goes critical in Dec 2026. Start ACER process in Sep 2026 — before the Q1 rush.
Kundana Techno Tex Pvt. Ltd.,MULTI-WINDOW (A),TIER 1 — Senior RM,Aug Wk1 (Aug 3-7),4.0,1,20.0,IT/Technology,CARE,October 2026 + Q2 2027,2,LOW,INC rating hits MEDIUM threshold on 2026-10-04 — first call window,Get ahead of the Oct/Nov renewal rush; start ACER process now before CARE backlog builds
Nidhi Auto Pvt. Ltd.,GHOST HOT (D),TIER 1 — Senior RM,Aug Wk1 (Aug 3-7),3.55,1,20.0,Manufacturing,CARE,October 2026,1,HOT → escalating to ULTRA HOT by Dec 2026,INC hits ULTRA HOT in Dec 2026 — call Aug/Sep to get 3-month head start,Your Term Loan at CARE goes critical in Dec 2026. Start ACER process in Sep 2026 — before the Q1 rush.
Sivaani Agribusiness Pvt. Ltd.,GHOST HOT (D),TIER 1 — Senior RM,Aug Wk1 (Aug 3-7),3.0,1,20.0,Other,ICRA,October 2026,1,HOT → escalating to ULTRA HOT by Dec 2026,INC hits ULTRA HOT in Dec 2026 — call Aug/Sep to get 3-month head start,Your Term Loan at ICRA goes critical in Dec 2026. Start ACER process in Sep 2026 — before the Q1 rush.
Alfa-Therm Ltd.,GHOST HOT (D),TIER 1 — Senior RM,Aug Wk1 (Aug 3-7),2.67,1,20.0,Other,CARE,October 2026,1,HOT → escalating to ULTRA HOT by Dec 2026,INC hits ULTRA HOT in Dec 2026 — call Aug/Sep to get 3-month head start,Your NCD/Bond at CARE goes critical in Dec 2026. Start ACER process in Sep 2026 — before the Q1 rush.
Rangoli Industries Pvt. Ltd.,MULTI-WINDOW (A),TIER 1 — Senior RM,Aug Wk1 (Aug 3-7),2.17,1,20.0,Manufacturing,CARE | BRICKWORK | CRISIL,October 2026 + Q1 2027,2,MEDIUM,INC rating hits ULTRA HOT threshold on 2026-10-31 — first call window,Get ahead of the Oct/Nov renewal rush; start ACER process now before CARE backlog builds
N M Foodimpex Pvt. Ltd.,GHOST HOT (D),TIER 1 — Senior RM,Aug Wk1 (Aug 3-7),2.12,1,20.0,Agro/Food,BRICKWORK,October 2026,1,HOT → escalating to ULTRA HOT by Dec 2026,INC hits ULTRA HOT in Dec 2026 — call Aug/Sep to get 3-month head start,Your NCD/Bond at BRICKWORK goes critical in Dec 2026. Start ACER process in Sep 2026 — before the Q1 rush.
Mahajan Fabrics Pvt. Ltd.,GHOST HOT (D),TIER 1 — Senior RM,Aug Wk1 (Aug 3-7),0.67,1,20.0,Textiles,CARE,October 2026,1,HOT → escalating to ULTRA HOT by Dec 2026,INC hits ULTRA HOT in Dec 2026 — call Aug/Sep to get 3-month head start,Your Term Loan at CARE goes critical in Dec 2026. Start ACER process in Sep 2026 — before the Q1 rush.
Essem Auto Electricals Pvt. Ltd.,MULTI-WINDOW (A),TIER 1 — Senior RM,Aug Wk1 (Aug 3-7),0.0,1,20.0,Energy,CARE,October 2026 + Q2 2027,2,LOW,INC rating hits MEDIUM threshold on 2026-10-05 — first call window,Get ahead of the Oct/Nov renewal rush; start ACER process now before CARE backlog builds
Omnitech Engineering Ltd.,MULTI-WINDOW (A),TIER 1 — Senior RM,Aug Wk1 (Aug 3-7),0.0,1,20.0,Manufacturing,CARE,October 2026 + Q2 2027,2,LOW,INC rating hits MEDIUM threshold on 2026-10-04 — first call window,Get ahead of the Oct/Nov renewal rush; start ACER process now before CARE backlog builds
