Company Name,Agency,Instrument Type,Rating,Rating Date,Current Urgency,Escalates To,Escalation Date,Escalation Month,Days Since (Jun 25),Amount Cr,Sector,Source,Why Target,ACER Pitch Angle
B K Rolling Mills Pvt. Ltd.,ACUITE,Term Loan,B-,01-Oct-2025,MEDIUM,ULTRA HOT,2026-10-01,October 2026,267,0.91,Steel & Metals,D365,INC rating hits ULTRA HOT threshold on 2026-10-01 — first call window,Get ahead of the Oct/Nov renewal rush; start ACER process now before ACUITE backlog builds
S S F Ltd.,ACUITE,Term Loan,B-,01-Oct-2025,MEDIUM,ULTRA HOT,2026-10-01,October 2026,267,0.35,Other,D365,INC rating hits ULTRA HOT threshold on 2026-10-01 — first call window,Get ahead of the Oct/Nov renewal rush; start ACER process now before ACUITE backlog builds
S S F Ltd.,ACUITE,Term Loan,B-,01-Oct-2025,MEDIUM,ULTRA HOT,2026-10-01,October 2026,267,0.44,Other,D365,INC rating hits ULTRA HOT threshold on 2026-10-01 — first call window,Get ahead of the Oct/Nov renewal rush; start ACER process now before ACUITE backlog builds
Valbe Foods (India) Ltd.,ACUITE,Letter of Credit,A 4,01-Oct-2025,MEDIUM,ULTRA HOT,2026-10-01,October 2026,267,2.0,Agro/Food,D365,INC rating hits ULTRA HOT threshold on 2026-10-01 — first call window,Get ahead of the Oct/Nov renewal rush; start ACER process now before ACUITE backlog builds
Vindhyawashini Marine Services Pvt. Ltd.,ACUITE,Term Loan,B-,01-Oct-2025,MEDIUM,ULTRA HOT,2026-10-01,October 2026,267,11.6,Other,D365,INC rating hits ULTRA HOT threshold on 2026-10-01 — first call window,Get ahead of the Oct/Nov renewal rush; start ACER process now before ACUITE backlog builds
Guntur Spinning Mills Pvt. Ltd.,ACUITE,Term Loan,BB-,03-Oct-2025,MEDIUM,ULTRA HOT,2026-10-03,October 2026,265,0.21,Textiles,D365,INC rating hits ULTRA HOT threshold on 2026-10-03 — first call window,Get ahead of the Oct/Nov renewal rush; start ACER process now before ACUITE backlog builds
Guntur Spinning Mills Pvt. Ltd.,ACUITE,Term Loan,BB-,03-Oct-2025,MEDIUM,ULTRA HOT,2026-10-03,October 2026,265,33.47,Textiles,D365,INC rating hits ULTRA HOT threshold on 2026-10-03 — first call window,Get ahead of the Oct/Nov renewal rush; start ACER process now before ACUITE backlog builds
Mitech Bus Door Systems Pvt. Ltd.,ACUITE,Bank Guarantee,A 4,03-Oct-2025,MEDIUM,ULTRA HOT,2026-10-03,October 2026,265,0.09,IT/Technology,D365,INC rating hits ULTRA HOT threshold on 2026-10-03 — first call window,Get ahead of the Oct/Nov renewal rush; start ACER process now before ACUITE backlog builds
Mitech Bus Door Systems Pvt. Ltd.,ACUITE,Term Loan,B+,03-Oct-2025,MEDIUM,ULTRA HOT,2026-10-03,October 2026,265,0.78,IT/Technology,D365,INC rating hits ULTRA HOT threshold on 2026-10-03 — first call window,Get ahead of the Oct/Nov renewal rush; start ACER process now before ACUITE backlog builds
Mitech Bus Door Systems Pvt. Ltd.,ACUITE,Term Loan,B+,03-Oct-2025,MEDIUM,ULTRA HOT,2026-10-03,October 2026,265,6.13,IT/Technology,D365,INC rating hits ULTRA HOT threshold on 2026-10-03 — first call window,Get ahead of the Oct/Nov renewal rush; start ACER process now before ACUITE backlog builds
Suryodaya Infra Projects (I) Pvt. Ltd.,ACUITE,Bank Guarantee,A 4,03-Oct-2025,MEDIUM,ULTRA HOT,2026-10-03,October 2026,265,27.0,Construction,D365,INC rating hits ULTRA HOT threshold on 2026-10-03 — first call window,Get ahead of the Oct/Nov renewal rush; start ACER process now before ACUITE backlog builds
Suryodaya Infra Projects (I) Pvt. Ltd.,ACUITE,Term Loan,C,03-Oct-2025,MEDIUM,ULTRA HOT,2026-10-03,October 2026,265,14.09,Construction,D365,INC rating hits ULTRA HOT threshold on 2026-10-03 — first call window,Get ahead of the Oct/Nov renewal rush; start ACER process now before ACUITE backlog builds
Suryodaya Infra Projects (I) Pvt. Ltd.,ACUITE,Term Loan,C,03-Oct-2025,MEDIUM,ULTRA HOT,2026-10-03,October 2026,265,1.91,Construction,D365,INC rating hits ULTRA HOT threshold on 2026-10-03 — first call window,Get ahead of the Oct/Nov renewal rush; start ACER process now before ACUITE backlog builds
K B S Industries Ltd.,ACUITE,Letter of Credit,A 4+,06-Oct-2025,MEDIUM,ULTRA HOT,2026-10-06,October 2026,262,48.5,Manufacturing,D365,INC rating hits ULTRA HOT threshold on 2026-10-06 — first call window,Get ahead of the Oct/Nov renewal rush; start ACER process now before ACUITE backlog builds
K B S Industries Ltd.,ACUITE,Term Loan,BB+,06-Oct-2025,MEDIUM,ULTRA HOT,2026-10-06,October 2026,262,5.72,Manufacturing,D365,INC rating hits ULTRA HOT threshold on 2026-10-06 — first call window,Get ahead of the Oct/Nov renewal rush; start ACER process now before ACUITE backlog builds
S S Sea Food Pvt. Ltd.,ACUITE,Term Loan,B-,06-Oct-2025,MEDIUM,ULTRA HOT,2026-10-06,October 2026,262,1.47,Agro/Food,D365,INC rating hits ULTRA HOT threshold on 2026-10-06 — first call window,Get ahead of the Oct/Nov renewal rush; start ACER process now before ACUITE backlog builds
B R F M India Pvt. Ltd.,ACUITE,Term Loan,C,07-Oct-2025,MEDIUM,ULTRA HOT,2026-10-07,October 2026,261,4.73,Other,D365,INC rating hits ULTRA HOT threshold on 2026-10-07 — first call window,Get ahead of the Oct/Nov renewal rush; start ACER process now before ACUITE backlog builds
B R F M India Pvt. Ltd.,ACUITE,Term Loan,C,07-Oct-2025,MEDIUM,ULTRA HOT,2026-10-07,October 2026,261,37.88,Other,D365,INC rating hits ULTRA HOT threshold on 2026-10-07 — first call window,Get ahead of the Oct/Nov renewal rush; start ACER process now before ACUITE backlog builds
Ranba Castings Ltd.,ACUITE,Letter of Credit,A 4,08-Oct-2025,MEDIUM,ULTRA HOT,2026-10-08,October 2026,260,2.2,Steel & Metals,D365,INC rating hits ULTRA HOT threshold on 2026-10-08 — first call window,Get ahead of the Oct/Nov renewal rush; start ACER process now before ACUITE backlog builds
Ranba Castings Ltd.,ACUITE,Term Loan,C,08-Oct-2025,MEDIUM,ULTRA HOT,2026-10-08,October 2026,260,0.92,Steel & Metals,D365,INC rating hits ULTRA HOT threshold on 2026-10-08 — first call window,Get ahead of the Oct/Nov renewal rush; start ACER process now before ACUITE backlog builds
Rungta Irrigation Ltd.,ACUITE,Term Loan,BB,08-Oct-2025,MEDIUM,ULTRA HOT,2026-10-08,October 2026,260,1.6,Other,D365,INC rating hits ULTRA HOT threshold on 2026-10-08 — first call window,Get ahead of the Oct/Nov renewal rush; start ACER process now before ACUITE backlog builds
Inditrade Fincorp Ltd.,ACUITE,Term Loan,C,10-Oct-2025,MEDIUM,ULTRA HOT,2026-10-10,October 2026,258,49.84,Trading/Exports,D365,INC rating hits ULTRA HOT threshold on 2026-10-10 — first call window,Get ahead of the Oct/Nov renewal rush; start ACER process now before ACUITE backlog builds
Inditrade Fincorp Ltd.,ACUITE,Term Loan,C,10-Oct-2025,MEDIUM,ULTRA HOT,2026-10-10,October 2026,258,11.67,Trading/Exports,D365,INC rating hits ULTRA HOT threshold on 2026-10-10 — first call window,Get ahead of the Oct/Nov renewal rush; start ACER process now before ACUITE backlog builds
Mourya Aquex Pvt. Ltd.,ACUITE,Term Loan,B-,10-Oct-2025,MEDIUM,ULTRA HOT,2026-10-10,October 2026,258,30.0,Other,D365,INC rating hits ULTRA HOT threshold on 2026-10-10 — first call window,Get ahead of the Oct/Nov renewal rush; start ACER process now before ACUITE backlog builds
Prathima Infrastructure Ltd.,ACUITE,Bank Guarantee,A 4+,10-Oct-2025,MEDIUM,ULTRA HOT,2026-10-10,October 2026,258,280.0,Construction,D365,INC rating hits ULTRA HOT threshold on 2026-10-10 — first call window,Get ahead of the Oct/Nov renewal rush; start ACER process now before ACUITE backlog builds
Prathima Infrastructure Ltd.,ACUITE,Term Loan,A 2,10-Oct-2025,MEDIUM,ULTRA HOT,2026-10-10,October 2026,258,26.0,Construction,D365,INC rating hits ULTRA HOT threshold on 2026-10-10 — first call window,Get ahead of the Oct/Nov renewal rush; start ACER process now before ACUITE backlog builds
Welspun Michigan Engineers Ltd.,ACUITE,Bank Guarantee,A 4+,10-Oct-2025,MEDIUM,ULTRA HOT,2026-10-10,October 2026,258,145.0,Manufacturing,D365,INC rating hits ULTRA HOT threshold on 2026-10-10 — first call window,Get ahead of the Oct/Nov renewal rush; start ACER process now before ACUITE backlog builds
Welspun Michigan Engineers Ltd.,ACUITE,Letter of Credit,A 4+,10-Oct-2025,MEDIUM,ULTRA HOT,2026-10-10,October 2026,258,50.0,Manufacturing,D365,INC rating hits ULTRA HOT threshold on 2026-10-10 — first call window,Get ahead of the Oct/Nov renewal rush; start ACER process now before ACUITE backlog builds
Welspun Michigan Engineers Ltd.,ACUITE,Bank Guarantee,A 2+,10-Oct-2025,MEDIUM,ULTRA HOT,2026-10-10,October 2026,258,55.0,Manufacturing,D365,INC rating hits ULTRA HOT threshold on 2026-10-10 — first call window,Get ahead of the Oct/Nov renewal rush; start ACER process now before ACUITE backlog builds
Ganpati Sponge Iron Pvt. Ltd.,ACUITE,Letter of Credit,A 3+,15-Oct-2025,MEDIUM,ULTRA HOT,2026-10-15,October 2026,253,15.0,Steel & Metals,D365,INC rating hits ULTRA HOT threshold on 2026-10-15 — first call window,Get ahead of the Oct/Nov renewal rush; start ACER process now before ACUITE backlog builds
Ganpati Sponge Iron Pvt. Ltd.,ACUITE,Term Loan,BBB,15-Oct-2025,MEDIUM,ULTRA HOT,2026-10-15,October 2026,253,11.74,Steel & Metals,D365,INC rating hits ULTRA HOT threshold on 2026-10-15 — first call window,Get ahead of the Oct/Nov renewal rush; start ACER process now before ACUITE backlog builds
Ganpati Sponge Iron Pvt. Ltd.,ACUITE,Term Loan,BBB,15-Oct-2025,MEDIUM,ULTRA HOT,2026-10-15,October 2026,253,26.83,Steel & Metals,D365,INC rating hits ULTRA HOT threshold on 2026-10-15 — first call window,Get ahead of the Oct/Nov renewal rush; start ACER process now before ACUITE backlog builds
Hira Steels Ltd.,ACUITE,Bank Guarantee,A 4+,15-Oct-2025,MEDIUM,ULTRA HOT,2026-10-15,October 2026,253,0.5,Steel & Metals,D365,INC rating hits ULTRA HOT threshold on 2026-10-15 — first call window,Get ahead of the Oct/Nov renewal rush; start ACER process now before ACUITE backlog builds
Hira Steels Ltd.,ACUITE,Term Loan,BB,15-Oct-2025,MEDIUM,ULTRA HOT,2026-10-15,October 2026,253,55.2,Steel & Metals,D365,INC rating hits ULTRA HOT threshold on 2026-10-15 — first call window,Get ahead of the Oct/Nov renewal rush; start ACER process now before ACUITE backlog builds
N K C M Spinners Pvt. Ltd.,ACUITE,Bank Guarantee,A 4,15-Oct-2025,MEDIUM,ULTRA HOT,2026-10-15,October 2026,253,0.64,Hotels/Tourism,D365,INC rating hits ULTRA HOT threshold on 2026-10-15 — first call window,Get ahead of the Oct/Nov renewal rush; start ACER process now before ACUITE backlog builds
N K C M Spinners Pvt. Ltd.,ACUITE,Letter of Credit,A 4,15-Oct-2025,MEDIUM,ULTRA HOT,2026-10-15,October 2026,253,3.0,Hotels/Tourism,D365,INC rating hits ULTRA HOT threshold on 2026-10-15 — first call window,Get ahead of the Oct/Nov renewal rush; start ACER process now before ACUITE backlog builds
N K C M Spinners Pvt. Ltd.,ACUITE,Term Loan,B-,15-Oct-2025,MEDIUM,ULTRA HOT,2026-10-15,October 2026,253,3.86,Hotels/Tourism,D365,INC rating hits ULTRA HOT threshold on 2026-10-15 — first call window,Get ahead of the Oct/Nov renewal rush; start ACER process now before ACUITE backlog builds
N K C M Spinners Pvt. Ltd.,ACUITE,Term Loan,B-,15-Oct-2025,MEDIUM,ULTRA HOT,2026-10-15,October 2026,253,1.64,Hotels/Tourism,D365,INC rating hits ULTRA HOT threshold on 2026-10-15 — first call window,Get ahead of the Oct/Nov renewal rush; start ACER process now before ACUITE backlog builds
Shree Subhlaxmi Foods Ltd.,ACUITE,Letter of Credit,A 4,15-Oct-2025,MEDIUM,ULTRA HOT,2026-10-15,October 2026,253,1.15,Agro/Food,D365,INC rating hits ULTRA HOT threshold on 2026-10-15 — first call window,Get ahead of the Oct/Nov renewal rush; start ACER process now before ACUITE backlog builds
Shree Subhlaxmi Foods Ltd.,ACUITE,Term Loan,C,15-Oct-2025,MEDIUM,ULTRA HOT,2026-10-15,October 2026,253,3.6,Agro/Food,D365,INC rating hits ULTRA HOT threshold on 2026-10-15 — first call window,Get ahead of the Oct/Nov renewal rush; start ACER process now before ACUITE backlog builds
Solaroy Engineers Pvt. Ltd.,ACUITE,Bank Guarantee,A 4,15-Oct-2025,MEDIUM,ULTRA HOT,2026-10-15,October 2026,253,2.0,Manufacturing,D365,INC rating hits ULTRA HOT threshold on 2026-10-15 — first call window,Get ahead of the Oct/Nov renewal rush; start ACER process now before ACUITE backlog builds
Solaroy Engineers Pvt. Ltd.,ACUITE,Letter of Credit,A 4,15-Oct-2025,MEDIUM,ULTRA HOT,2026-10-15,October 2026,253,1.5,Manufacturing,D365,INC rating hits ULTRA HOT threshold on 2026-10-15 — first call window,Get ahead of the Oct/Nov renewal rush; start ACER process now before ACUITE backlog builds
Solaroy Engineers Pvt. Ltd.,ACUITE,Term Loan,B-,15-Oct-2025,MEDIUM,ULTRA HOT,2026-10-15,October 2026,253,1.86,Manufacturing,D365,INC rating hits ULTRA HOT threshold on 2026-10-15 — first call window,Get ahead of the Oct/Nov renewal rush; start ACER process now before ACUITE backlog builds
Goldenglobe Hotels Pvt. Ltd.,ACUITE,Term Loan,BB,16-Oct-2025,MEDIUM,ULTRA HOT,2026-10-16,October 2026,252,125.0,Jewellery/Gems,D365,INC rating hits ULTRA HOT threshold on 2026-10-16 — first call window,Get ahead of the Oct/Nov renewal rush; start ACER process now before ACUITE backlog builds
Modern Prefab Systems Pvt. Ltd.,ACUITE,Bank Guarantee,A 4+,16-Oct-2025,MEDIUM,ULTRA HOT,2026-10-16,October 2026,252,24.0,Other,D365,INC rating hits ULTRA HOT threshold on 2026-10-16 — first call window,Get ahead of the Oct/Nov renewal rush; start ACER process now before ACUITE backlog builds
Modern Prefab Systems Pvt. Ltd.,ACUITE,Fund-Based,BB-,16-Oct-2025,MEDIUM,ULTRA HOT,2026-10-16,October 2026,252,5.0,Other,D365,INC rating hits ULTRA HOT threshold on 2026-10-16 — first call window,Get ahead of the Oct/Nov renewal rush; start ACER process now before ACUITE backlog builds
Paradigmit Technology Services Pvt. Ltd.,ACUITE,Bank Guarantee,A 4,16-Oct-2025,MEDIUM,ULTRA HOT,2026-10-16,October 2026,252,22.0,IT/Technology,D365,INC rating hits ULTRA HOT threshold on 2026-10-16 — first call window,Get ahead of the Oct/Nov renewal rush; start ACER process now before ACUITE backlog builds
Paradigmit Technology Services Pvt. Ltd.,ACUITE,Term Loan,C,16-Oct-2025,MEDIUM,ULTRA HOT,2026-10-16,October 2026,252,10.0,IT/Technology,D365,INC rating hits ULTRA HOT threshold on 2026-10-16 — first call window,Get ahead of the Oct/Nov renewal rush; start ACER process now before ACUITE backlog builds
Q V C Exports Ltd.,ACUITE,Letter of Credit,A 4,16-Oct-2025,MEDIUM,ULTRA HOT,2026-10-16,October 2026,252,8.0,Logistics,D365,INC rating hits ULTRA HOT threshold on 2026-10-16 — first call window,Get ahead of the Oct/Nov renewal rush; start ACER process now before ACUITE backlog builds
Q V C Exports Ltd.,ACUITE,Term Loan,B,16-Oct-2025,MEDIUM,ULTRA HOT,2026-10-16,October 2026,252,2.81,Logistics,D365,INC rating hits ULTRA HOT threshold on 2026-10-16 — first call window,Get ahead of the Oct/Nov renewal rush; start ACER process now before ACUITE backlog builds
Q V C Exports Ltd.,ACUITE,Term Loan,A 4,16-Oct-2025,MEDIUM,ULTRA HOT,2026-10-16,October 2026,252,1.89,Logistics,D365,INC rating hits ULTRA HOT threshold on 2026-10-16 — first call window,Get ahead of the Oct/Nov renewal rush; start ACER process now before ACUITE backlog builds
Q V C International Pvt. Ltd.,ACUITE,Letter of Credit,A 4,16-Oct-2025,MEDIUM,ULTRA HOT,2026-10-16,October 2026,252,8.0,Other,D365,INC rating hits ULTRA HOT threshold on 2026-10-16 — first call window,Get ahead of the Oct/Nov renewal rush; start ACER process now before ACUITE backlog builds
Q V C International Pvt. Ltd.,ACUITE,Letter of Credit,A 4,16-Oct-2025,MEDIUM,ULTRA HOT,2026-10-16,October 2026,252,3.0,Other,D365,INC rating hits ULTRA HOT threshold on 2026-10-16 — first call window,Get ahead of the Oct/Nov renewal rush; start ACER process now before ACUITE backlog builds
Saa Vishnu Bakers Pvt. Ltd.,ACUITE,Term Loan,BB,16-Oct-2025,MEDIUM,ULTRA HOT,2026-10-16,October 2026,252,2.0,Other,D365,INC rating hits ULTRA HOT threshold on 2026-10-16 — first call window,Get ahead of the Oct/Nov renewal rush; start ACER process now before ACUITE backlog builds
Saa Vishnu Bakers Pvt. Ltd.,ACUITE,Term Loan,BB,16-Oct-2025,MEDIUM,ULTRA HOT,2026-10-16,October 2026,252,63.87,Other,D365,INC rating hits ULTRA HOT threshold on 2026-10-16 — first call window,Get ahead of the Oct/Nov renewal rush; start ACER process now before ACUITE backlog builds
Secur Credentials Ltd.,ACUITE,Term Loan,C,16-Oct-2025,MEDIUM,ULTRA HOT,2026-10-16,October 2026,252,1.0,Other,D365,INC rating hits ULTRA HOT threshold on 2026-10-16 — first call window,Get ahead of the Oct/Nov renewal rush; start ACER process now before ACUITE backlog builds
Gajanand Corporation Pvt. Ltd.,ACUITE,Term Loan,C,17-Oct-2025,MEDIUM,ULTRA HOT,2026-10-17,October 2026,251,5.0,Other,D365,INC rating hits ULTRA HOT threshold on 2026-10-17 — first call window,Get ahead of the Oct/Nov renewal rush; start ACER process now before ACUITE backlog builds
Iserve Solutions & Services Pvt. Ltd.,ACUITE,Bank Guarantee,A 4,17-Oct-2025,MEDIUM,ULTRA HOT,2026-10-17,October 2026,251,6.0,Other,D365,INC rating hits ULTRA HOT threshold on 2026-10-17 — first call window,Get ahead of the Oct/Nov renewal rush; start ACER process now before ACUITE backlog builds
Iserve Solutions & Services Pvt. Ltd.,ACUITE,Fund-Based,B-,17-Oct-2025,MEDIUM,ULTRA HOT,2026-10-17,October 2026,251,38.0,Other,D365,INC rating hits ULTRA HOT threshold on 2026-10-17 — first call window,Get ahead of the Oct/Nov renewal rush; start ACER process now before ACUITE backlog builds
Kaleshwaram Irrigation Project Corpn. Ltd.,ACUITE,Term Loan,B+,17-Oct-2025,MEDIUM,ULTRA HOT,2026-10-17,October 2026,251,0.62,Construction,D365,INC rating hits ULTRA HOT threshold on 2026-10-17 — first call window,Get ahead of the Oct/Nov renewal rush; start ACER process now before ACUITE backlog builds
Kaleshwaram Irrigation Project Corpn. Ltd.,ACUITE,Term Loan,B+,17-Oct-2025,MEDIUM,ULTRA HOT,2026-10-17,October 2026,251,18751.38,Construction,D365,INC rating hits ULTRA HOT threshold on 2026-10-17 — first call window,Get ahead of the Oct/Nov renewal rush; start ACER process now before ACUITE backlog builds
Pentagon Labs Ltd.,ACUITE,Bank Guarantee,A 4,17-Oct-2025,MEDIUM,ULTRA HOT,2026-10-17,October 2026,251,1.5,Healthcare,D365,INC rating hits ULTRA HOT threshold on 2026-10-17 — first call window,Get ahead of the Oct/Nov renewal rush; start ACER process now before ACUITE backlog builds
Pentagon Labs Ltd.,ACUITE,Term Loan,B-,17-Oct-2025,MEDIUM,ULTRA HOT,2026-10-17,October 2026,251,1.26,Healthcare,D365,INC rating hits ULTRA HOT threshold on 2026-10-17 — first call window,Get ahead of the Oct/Nov renewal rush; start ACER process now before ACUITE backlog builds
Rajkrishna Aditya Auto Store Pvt. Ltd.,ACUITE,Bank Guarantee,A 4,17-Oct-2025,MEDIUM,ULTRA HOT,2026-10-17,October 2026,251,4.9,Automobiles,D365,INC rating hits ULTRA HOT threshold on 2026-10-17 — first call window,Get ahead of the Oct/Nov renewal rush; start ACER process now before ACUITE backlog builds
Rajkrishna Aditya Auto Store Pvt. Ltd.,ACUITE,Term Loan,C,17-Oct-2025,MEDIUM,ULTRA HOT,2026-10-17,October 2026,251,0.15,Automobiles,D365,INC rating hits ULTRA HOT threshold on 2026-10-17 — first call window,Get ahead of the Oct/Nov renewal rush; start ACER process now before ACUITE backlog builds
S T Constructions Pvt. Ltd.,ACUITE,Bank Guarantee,A 4,17-Oct-2025,MEDIUM,ULTRA HOT,2026-10-17,October 2026,251,29.0,Construction,D365,INC rating hits ULTRA HOT threshold on 2026-10-17 — first call window,Get ahead of the Oct/Nov renewal rush; start ACER process now before ACUITE backlog builds
S T Constructions Pvt. Ltd.,ACUITE,Term Loan,B-,17-Oct-2025,MEDIUM,ULTRA HOT,2026-10-17,October 2026,251,1.0,Construction,D365,INC rating hits ULTRA HOT threshold on 2026-10-17 — first call window,Get ahead of the Oct/Nov renewal rush; start ACER process now before ACUITE backlog builds
Aditya Automobile Spares Pvt. Ltd.,ACUITE,Term Loan,C,17-Oct-2025,MEDIUM,ULTRA HOT,2026-10-17,October 2026,251,0.5,Automobiles,D365,INC rating hits ULTRA HOT threshold on 2026-10-17 — first call window,Get ahead of the Oct/Nov renewal rush; start ACER process now before ACUITE backlog builds
Dynatech Tools & Devices (Bengaluru) Pvt. Ltd.,ACUITE,Term Loan,BB-,20-Oct-2025,MEDIUM,ULTRA HOT,2026-10-20,October 2026,248,14.0,IT/Technology,D365,INC rating hits ULTRA HOT threshold on 2026-10-20 — first call window,Get ahead of the Oct/Nov renewal rush; start ACER process now before ACUITE backlog builds
Motherland Garments Pvt. Ltd.,ACUITE,Term Loan,B-,20-Oct-2025,MEDIUM,ULTRA HOT,2026-10-20,October 2026,248,4.4,Textiles,D365,INC rating hits ULTRA HOT threshold on 2026-10-20 — first call window,Get ahead of the Oct/Nov renewal rush; start ACER process now before ACUITE backlog builds
Motherland Garments Pvt. Ltd.,ACUITE,Term Loan,B-,20-Oct-2025,MEDIUM,ULTRA HOT,2026-10-20,October 2026,248,1.1,Textiles,D365,INC rating hits ULTRA HOT threshold on 2026-10-20 — first call window,Get ahead of the Oct/Nov renewal rush; start ACER process now before ACUITE backlog builds
Deejay Plastics Pvt. Ltd.,ACUITE,Bank Guarantee,A 4,22-Oct-2025,MEDIUM,ULTRA HOT,2026-10-22,October 2026,246,5.0,Chemicals/Pharma,D365,INC rating hits ULTRA HOT threshold on 2026-10-22 — first call window,Get ahead of the Oct/Nov renewal rush; start ACER process now before ACUITE backlog builds
Deejay Plastics Pvt. Ltd.,ACUITE,Bank Guarantee,A 4,22-Oct-2025,MEDIUM,ULTRA HOT,2026-10-22,October 2026,246,2.0,Chemicals/Pharma,D365,INC rating hits ULTRA HOT threshold on 2026-10-22 — first call window,Get ahead of the Oct/Nov renewal rush; start ACER process now before ACUITE backlog builds
Euro Pratik Ispat (India) Pvt. Ltd.,ACUITE,Letter of Credit,A 4+,22-Oct-2025,MEDIUM,ULTRA HOT,2026-10-22,October 2026,246,40.0,Other,D365,INC rating hits ULTRA HOT threshold on 2026-10-22 — first call window,Get ahead of the Oct/Nov renewal rush; start ACER process now before ACUITE backlog builds
Euro Pratik Ispat (India) Pvt. Ltd.,ACUITE,Term Loan,BB+,22-Oct-2025,MEDIUM,ULTRA HOT,2026-10-22,October 2026,246,2.0,Other,D365,INC rating hits ULTRA HOT threshold on 2026-10-22 — first call window,Get ahead of the Oct/Nov renewal rush; start ACER process now before ACUITE backlog builds
Euro Pratik Ispat (India) Pvt. Ltd.,ACUITE,Term Loan,BB,22-Oct-2025,MEDIUM,ULTRA HOT,2026-10-22,October 2026,246,40.0,Other,D365,INC rating hits ULTRA HOT threshold on 2026-10-22 — first call window,Get ahead of the Oct/Nov renewal rush; start ACER process now before ACUITE backlog builds
A S M Industries (India) Pvt. Ltd.,ACUITE,Term Loan,B,22-Oct-2025,MEDIUM,ULTRA HOT,2026-10-22,October 2026,246,6.76,Manufacturing,D365,INC rating hits ULTRA HOT threshold on 2026-10-22 — first call window,Get ahead of the Oct/Nov renewal rush; start ACER process now before ACUITE backlog builds
A S M Industries (India) Pvt. Ltd.,ACUITE,Term Loan,B,22-Oct-2025,MEDIUM,ULTRA HOT,2026-10-22,October 2026,246,9.24,Manufacturing,D365,INC rating hits ULTRA HOT threshold on 2026-10-22 — first call window,Get ahead of the Oct/Nov renewal rush; start ACER process now before ACUITE backlog builds
Munshi Panna Masala Udyog Pvt. Ltd.,ACUITE,Term Loan,B-,23-Oct-2025,MEDIUM,ULTRA HOT,2026-10-23,October 2026,245,3.0,Agro/Food,D365,INC rating hits ULTRA HOT threshold on 2026-10-23 — first call window,Get ahead of the Oct/Nov renewal rush; start ACER process now before ACUITE backlog builds
Sai Tech Medicare Pvt. Ltd.,ACUITE,Term Loan,C,23-Oct-2025,MEDIUM,ULTRA HOT,2026-10-23,October 2026,245,2.09,IT/Technology,D365,INC rating hits ULTRA HOT threshold on 2026-10-23 — first call window,Get ahead of the Oct/Nov renewal rush; start ACER process now before ACUITE backlog builds
Symbiosis Pharmaceuticals Pvt. Ltd.,ACUITE,Bank Guarantee,A 4,23-Oct-2025,MEDIUM,ULTRA HOT,2026-10-23,October 2026,245,0.55,Chemicals/Pharma,D365,INC rating hits ULTRA HOT threshold on 2026-10-23 — first call window,Get ahead of the Oct/Nov renewal rush; start ACER process now before ACUITE backlog builds
Symbiosis Pharmaceuticals Pvt. Ltd.,ACUITE,Letter of Credit,A 4,23-Oct-2025,MEDIUM,ULTRA HOT,2026-10-23,October 2026,245,3.5,Chemicals/Pharma,D365,INC rating hits ULTRA HOT threshold on 2026-10-23 — first call window,Get ahead of the Oct/Nov renewal rush; start ACER process now before ACUITE backlog builds
Symbiosis Pharmaceuticals Pvt. Ltd.,ACUITE,Term Loan,C,23-Oct-2025,MEDIUM,ULTRA HOT,2026-10-23,October 2026,245,1.95,Chemicals/Pharma,D365,INC rating hits ULTRA HOT threshold on 2026-10-23 — first call window,Get ahead of the Oct/Nov renewal rush; start ACER process now before ACUITE backlog builds
Chopra Retec Rubber Products Ltd.,ACUITE,Term Loan,B,24-Oct-2025,MEDIUM,ULTRA HOT,2026-10-24,October 2026,244,0.24,Chemicals/Pharma,D365,INC rating hits ULTRA HOT threshold on 2026-10-24 — first call window,Get ahead of the Oct/Nov renewal rush; start ACER process now before ACUITE backlog builds
Chopra Retec Rubber Products Ltd.,ACUITE,Term Loan,B,24-Oct-2025,MEDIUM,ULTRA HOT,2026-10-24,October 2026,244,7.4,Chemicals/Pharma,D365,INC rating hits ULTRA HOT threshold on 2026-10-24 — first call window,Get ahead of the Oct/Nov renewal rush; start ACER process now before ACUITE backlog builds
Del Trade Intl. Pvt. Ltd.,ACUITE,Letter of Credit,A 4,24-Oct-2025,MEDIUM,ULTRA HOT,2026-10-24,October 2026,244,34.0,Trading/Exports,D365,INC rating hits ULTRA HOT threshold on 2026-10-24 — first call window,Get ahead of the Oct/Nov renewal rush; start ACER process now before ACUITE backlog builds
Hi Tech Ferrous & Non Ferrous India Pvt. Ltd.,ACUITE,Term Loan,C,24-Oct-2025,MEDIUM,ULTRA HOT,2026-10-24,October 2026,244,2.11,Steel & Metals,D365,INC rating hits ULTRA HOT threshold on 2026-10-24 — first call window,Get ahead of the Oct/Nov renewal rush; start ACER process now before ACUITE backlog builds
Hi Tech Ferrous & Non Ferrous India Pvt. Ltd.,ACUITE,Term Loan,C,24-Oct-2025,MEDIUM,ULTRA HOT,2026-10-24,October 2026,244,2.65,Steel & Metals,D365,INC rating hits ULTRA HOT threshold on 2026-10-24 — first call window,Get ahead of the Oct/Nov renewal rush; start ACER process now before ACUITE backlog builds
Rohil Foods Pvt. Ltd.,ACUITE,Term Loan,B-,24-Oct-2025,MEDIUM,ULTRA HOT,2026-10-24,October 2026,244,3.88,Agro/Food,D365,INC rating hits ULTRA HOT threshold on 2026-10-24 — first call window,Get ahead of the Oct/Nov renewal rush; start ACER process now before ACUITE backlog builds
Rohil Foods Pvt. Ltd.,ACUITE,Term Loan,B-,24-Oct-2025,MEDIUM,ULTRA HOT,2026-10-24,October 2026,244,1.12,Agro/Food,D365,INC rating hits ULTRA HOT threshold on 2026-10-24 — first call window,Get ahead of the Oct/Nov renewal rush; start ACER process now before ACUITE backlog builds
Vellingiri Andavar Textiles Pvt. Ltd.,ACUITE,Bank Guarantee,A 4+,24-Oct-2025,MEDIUM,ULTRA HOT,2026-10-24,October 2026,244,0.06,Construction,D365,INC rating hits ULTRA HOT threshold on 2026-10-24 — first call window,Get ahead of the Oct/Nov renewal rush; start ACER process now before ACUITE backlog builds
Vellingiri Andavar Textiles Pvt. Ltd.,ACUITE,Term Loan,BB,24-Oct-2025,MEDIUM,ULTRA HOT,2026-10-24,October 2026,244,4.31,Construction,D365,INC rating hits ULTRA HOT threshold on 2026-10-24 — first call window,Get ahead of the Oct/Nov renewal rush; start ACER process now before ACUITE backlog builds
Ardhinusa Drilling Pvt. Ltd.,ACUITE,Bank Guarantee,A 4,24-Oct-2025,MEDIUM,ULTRA HOT,2026-10-24,October 2026,244,4.0,Other,D365,INC rating hits ULTRA HOT threshold on 2026-10-24 — first call window,Get ahead of the Oct/Nov renewal rush; start ACER process now before ACUITE backlog builds
Ardhinusa Drilling Pvt. Ltd.,ACUITE,Bank Guarantee,A 4,24-Oct-2025,MEDIUM,ULTRA HOT,2026-10-24,October 2026,244,7.0,Other,D365,INC rating hits ULTRA HOT threshold on 2026-10-24 — first call window,Get ahead of the Oct/Nov renewal rush; start ACER process now before ACUITE backlog builds
B Ghose & Co. Pvt. Ltd.,ACUITE,Bank Guarantee,A 4,27-Oct-2025,MEDIUM,ULTRA HOT,2026-10-27,October 2026,241,0.5,Other,D365,INC rating hits ULTRA HOT threshold on 2026-10-27 — first call window,Get ahead of the Oct/Nov renewal rush; start ACER process now before ACUITE backlog builds
Clean Switch India Pvt. Ltd.,ACUITE,Bank Guarantee,A 4,27-Oct-2025,MEDIUM,ULTRA HOT,2026-10-27,October 2026,241,5.0,Other,D365,INC rating hits ULTRA HOT threshold on 2026-10-27 — first call window,Get ahead of the Oct/Nov renewal rush; start ACER process now before ACUITE backlog builds
Clean Switch India Pvt. Ltd.,ACUITE,Term Loan,B+,27-Oct-2025,MEDIUM,ULTRA HOT,2026-10-27,October 2026,241,6.0,Other,D365,INC rating hits ULTRA HOT threshold on 2026-10-27 — first call window,Get ahead of the Oct/Nov renewal rush; start ACER process now before ACUITE backlog builds
Prime Civil Infrastructures Pvt. Ltd.,ACUITE,Bank Guarantee,A 4,27-Oct-2025,MEDIUM,ULTRA HOT,2026-10-27,October 2026,241,15.0,Construction,D365,INC rating hits ULTRA HOT threshold on 2026-10-27 — first call window,Get ahead of the Oct/Nov renewal rush; start ACER process now before ACUITE backlog builds
Prime Civil Infrastructures Pvt. Ltd.,ACUITE,Bank Guarantee,A 4,27-Oct-2025,MEDIUM,ULTRA HOT,2026-10-27,October 2026,241,10.0,Construction,D365,INC rating hits ULTRA HOT threshold on 2026-10-27 — first call window,Get ahead of the Oct/Nov renewal rush; start ACER process now before ACUITE backlog builds
Rydak Syndicate Ltd.,ACUITE,Bank Guarantee,A 4+,27-Oct-2025,MEDIUM,ULTRA HOT,2026-10-27,October 2026,241,1.75,Other,D365,INC rating hits ULTRA HOT threshold on 2026-10-27 — first call window,Get ahead of the Oct/Nov renewal rush; start ACER process now before ACUITE backlog builds
Rydak Syndicate Ltd.,ACUITE,Term Loan,BB-,27-Oct-2025,MEDIUM,ULTRA HOT,2026-10-27,October 2026,241,0.25,Other,D365,INC rating hits ULTRA HOT threshold on 2026-10-27 — first call window,Get ahead of the Oct/Nov renewal rush; start ACER process now before ACUITE backlog builds
Avlight Automotives Pvt. Ltd.,ACUITE,Term Loan,BB+,28-Oct-2025,MEDIUM,ULTRA HOT,2026-10-28,October 2026,240,15.61,Automobiles,D365,INC rating hits ULTRA HOT threshold on 2026-10-28 — first call window,Get ahead of the Oct/Nov renewal rush; start ACER process now before ACUITE backlog builds
Avlight Automotives Pvt. Ltd.,ACUITE,Term Loan,BB+,28-Oct-2025,MEDIUM,ULTRA HOT,2026-10-28,October 2026,240,5.01,Automobiles,D365,INC rating hits ULTRA HOT threshold on 2026-10-28 — first call window,Get ahead of the Oct/Nov renewal rush; start ACER process now before ACUITE backlog builds
Perlei Textiles Pvt. Ltd.,ACUITE,Letter of Credit,A 4,28-Oct-2025,MEDIUM,ULTRA HOT,2026-10-28,October 2026,240,2.0,Construction,D365,INC rating hits ULTRA HOT threshold on 2026-10-28 — first call window,Get ahead of the Oct/Nov renewal rush; start ACER process now before ACUITE backlog builds
Perlei Textiles Pvt. Ltd.,ACUITE,Term Loan,B-,28-Oct-2025,MEDIUM,ULTRA HOT,2026-10-28,October 2026,240,7.96,Construction,D365,INC rating hits ULTRA HOT threshold on 2026-10-28 — first call window,Get ahead of the Oct/Nov renewal rush; start ACER process now before ACUITE backlog builds
Perlei Textiles Pvt. Ltd.,ACUITE,Term Loan,B-,28-Oct-2025,MEDIUM,ULTRA HOT,2026-10-28,October 2026,240,2.04,Construction,D365,INC rating hits ULTRA HOT threshold on 2026-10-28 — first call window,Get ahead of the Oct/Nov renewal rush; start ACER process now before ACUITE backlog builds
Pioneer Genco Ltd.,ACUITE,Term Loan,BB+,28-Oct-2025,MEDIUM,ULTRA HOT,2026-10-28,October 2026,240,18.7,Other,D365,INC rating hits ULTRA HOT threshold on 2026-10-28 — first call window,Get ahead of the Oct/Nov renewal rush; start ACER process now before ACUITE backlog builds
Pioneer Genco Ltd.,ACUITE,Term Loan,BB+,28-Oct-2025,MEDIUM,ULTRA HOT,2026-10-28,October 2026,240,161.03,Other,D365,INC rating hits ULTRA HOT threshold on 2026-10-28 — first call window,Get ahead of the Oct/Nov renewal rush; start ACER process now before ACUITE backlog builds
Pioneer Power Corpn. Ltd.,ACUITE,Term Loan,BB+,28-Oct-2025,MEDIUM,ULTRA HOT,2026-10-28,October 2026,240,26.51,Energy,D365,INC rating hits ULTRA HOT threshold on 2026-10-28 — first call window,Get ahead of the Oct/Nov renewal rush; start ACER process now before ACUITE backlog builds
Pioneer Power Corpn. Ltd.,ACUITE,Term Loan,BB+,28-Oct-2025,MEDIUM,ULTRA HOT,2026-10-28,October 2026,240,213.21,Energy,D365,INC rating hits ULTRA HOT threshold on 2026-10-28 — first call window,Get ahead of the Oct/Nov renewal rush; start ACER process now before ACUITE backlog builds
Prerana Motors Pvt. Ltd.,ACUITE,Bank Guarantee,A 4+,28-Oct-2025,MEDIUM,ULTRA HOT,2026-10-28,October 2026,240,2.5,Automobiles,D365,INC rating hits ULTRA HOT threshold on 2026-10-28 — first call window,Get ahead of the Oct/Nov renewal rush; start ACER process now before ACUITE backlog builds
Prerana Motors Pvt. Ltd.,ACUITE,Fund-Based,A 4+,28-Oct-2025,MEDIUM,ULTRA HOT,2026-10-28,October 2026,240,47.0,Automobiles,D365,INC rating hits ULTRA HOT threshold on 2026-10-28 — first call window,Get ahead of the Oct/Nov renewal rush; start ACER process now before ACUITE backlog builds
Prerana Motors Pvt. Ltd.,ACUITE,Term Loan,A 4+,28-Oct-2025,MEDIUM,ULTRA HOT,2026-10-28,October 2026,240,0.68,Automobiles,D365,INC rating hits ULTRA HOT threshold on 2026-10-28 — first call window,Get ahead of the Oct/Nov renewal rush; start ACER process now before ACUITE backlog builds
Prerana Motors Pvt. Ltd.,ACUITE,Term Loan,BB+,28-Oct-2025,MEDIUM,ULTRA HOT,2026-10-28,October 2026,240,1.32,Automobiles,D365,INC rating hits ULTRA HOT threshold on 2026-10-28 — first call window,Get ahead of the Oct/Nov renewal rush; start ACER process now before ACUITE backlog builds
Chemin Controls & Instrumentation Pvt. Ltd.,ACUITE,Bank Guarantee,A 4,29-Oct-2025,MEDIUM,ULTRA HOT,2026-10-29,October 2026,239,7.5,Chemicals/Pharma,D365,INC rating hits ULTRA HOT threshold on 2026-10-29 — first call window,Get ahead of the Oct/Nov renewal rush; start ACER process now before ACUITE backlog builds
Chemin Controls & Instrumentation Pvt. Ltd.,ACUITE,Term Loan,B-,29-Oct-2025,MEDIUM,ULTRA HOT,2026-10-29,October 2026,239,1.39,Chemicals/Pharma,D365,INC rating hits ULTRA HOT threshold on 2026-10-29 — first call window,Get ahead of the Oct/Nov renewal rush; start ACER process now before ACUITE backlog builds
Ciscons Constructions Pvt. Ltd.,ACUITE,Bank Guarantee,A 4,29-Oct-2025,MEDIUM,ULTRA HOT,2026-10-29,October 2026,239,25.0,Construction,D365,INC rating hits ULTRA HOT threshold on 2026-10-29 — first call window,Get ahead of the Oct/Nov renewal rush; start ACER process now before ACUITE backlog builds
Mark Infrastructure Pvt. Ltd.,ACUITE,Bank Guarantee,A 4,29-Oct-2025,MEDIUM,ULTRA HOT,2026-10-29,October 2026,239,10.0,Construction,D365,INC rating hits ULTRA HOT threshold on 2026-10-29 — first call window,Get ahead of the Oct/Nov renewal rush; start ACER process now before ACUITE backlog builds
Mark Infrastructure Pvt. Ltd.,ACUITE,Term Loan,C,29-Oct-2025,MEDIUM,ULTRA HOT,2026-10-29,October 2026,239,0.5,Construction,D365,INC rating hits ULTRA HOT threshold on 2026-10-29 — first call window,Get ahead of the Oct/Nov renewal rush; start ACER process now before ACUITE backlog builds
Rameshwar Transport Co Pvt. Ltd.,ACUITE,Bank Guarantee,A 4+,29-Oct-2025,MEDIUM,ULTRA HOT,2026-10-29,October 2026,239,1.05,Logistics,D365,INC rating hits ULTRA HOT threshold on 2026-10-29 — first call window,Get ahead of the Oct/Nov renewal rush; start ACER process now before ACUITE backlog builds
Rameshwar Transport Co Pvt. Ltd.,ACUITE,Term Loan,BB-,29-Oct-2025,MEDIUM,ULTRA HOT,2026-10-29,October 2026,239,28.27,Logistics,D365,INC rating hits ULTRA HOT threshold on 2026-10-29 — first call window,Get ahead of the Oct/Nov renewal rush; start ACER process now before ACUITE backlog builds
Rameshwar Transport Co Pvt. Ltd.,ACUITE,Term Loan,BB-,29-Oct-2025,MEDIUM,ULTRA HOT,2026-10-29,October 2026,239,40.68,Logistics,D365,INC rating hits ULTRA HOT threshold on 2026-10-29 — first call window,Get ahead of the Oct/Nov renewal rush; start ACER process now before ACUITE backlog builds
Sooraj Agro Mills (India) Pvt. Ltd.,ACUITE,Bank Guarantee,A 4,29-Oct-2025,MEDIUM,ULTRA HOT,2026-10-29,October 2026,239,5.0,Agro/Food,D365,INC rating hits ULTRA HOT threshold on 2026-10-29 — first call window,Get ahead of the Oct/Nov renewal rush; start ACER process now before ACUITE backlog builds
Sooraj Agro Mills (India) Pvt. Ltd.,ACUITE,Term Loan,B+,29-Oct-2025,MEDIUM,ULTRA HOT,2026-10-29,October 2026,239,1.7,Agro/Food,D365,INC rating hits ULTRA HOT threshold on 2026-10-29 — first call window,Get ahead of the Oct/Nov renewal rush; start ACER process now before ACUITE backlog builds
Birin Spinning Mills Ltd.,ACUITE,Bank Guarantee,A 4,30-Oct-2025,MEDIUM,ULTRA HOT,2026-10-30,October 2026,238,0.15,Textiles,D365,INC rating hits ULTRA HOT threshold on 2026-10-30 — first call window,Get ahead of the Oct/Nov renewal rush; start ACER process now before ACUITE backlog builds
Birin Spinning Mills Ltd.,ACUITE,Term Loan,B+,30-Oct-2025,MEDIUM,ULTRA HOT,2026-10-30,October 2026,238,6.85,Textiles,D365,INC rating hits ULTRA HOT threshold on 2026-10-30 — first call window,Get ahead of the Oct/Nov renewal rush; start ACER process now before ACUITE backlog builds
Coastal Chip Boards & Lams Pvt. Ltd.,ACUITE,Letter of Credit,A 4,30-Oct-2025,MEDIUM,ULTRA HOT,2026-10-30,October 2026,238,8.0,Paper/Packaging,D365,INC rating hits ULTRA HOT threshold on 2026-10-30 — first call window,Get ahead of the Oct/Nov renewal rush; start ACER process now before ACUITE backlog builds
Lineage Power Pvt. Ltd.,ACUITE,Bank Guarantee,A 4+,30-Oct-2025,MEDIUM,ULTRA HOT,2026-10-30,October 2026,238,50.0,Energy,D365,INC rating hits ULTRA HOT threshold on 2026-10-30 — first call window,Get ahead of the Oct/Nov renewal rush; start ACER process now before ACUITE backlog builds
Lineage Power Pvt. Ltd.,ACUITE,Letter of Credit,A 4+,30-Oct-2025,MEDIUM,ULTRA HOT,2026-10-30,October 2026,238,63.0,Energy,D365,INC rating hits ULTRA HOT threshold on 2026-10-30 — first call window,Get ahead of the Oct/Nov renewal rush; start ACER process now before ACUITE backlog builds
Lineage Power Pvt. Ltd.,ACUITE,Term Loan,BB+,30-Oct-2025,MEDIUM,ULTRA HOT,2026-10-30,October 2026,238,2.8,Energy,D365,INC rating hits ULTRA HOT threshold on 2026-10-30 — first call window,Get ahead of the Oct/Nov renewal rush; start ACER process now before ACUITE backlog builds
Pace Digitek Infra Pvt. Ltd.,ACUITE,Bank Guarantee,A 4+,30-Oct-2025,MEDIUM,ULTRA HOT,2026-10-30,October 2026,238,1163.0,Construction,D365,INC rating hits ULTRA HOT threshold on 2026-10-30 — first call window,Get ahead of the Oct/Nov renewal rush; start ACER process now before ACUITE backlog builds
Pace Digitek Infra Pvt. Ltd.,ACUITE,Letter of Credit,A 4+,30-Oct-2025,MEDIUM,ULTRA HOT,2026-10-30,October 2026,238,128.0,Construction,D365,INC rating hits ULTRA HOT threshold on 2026-10-30 — first call window,Get ahead of the Oct/Nov renewal rush; start ACER process now before ACUITE backlog builds
Pace Digitek Infra Pvt. Ltd.,ACUITE,Term Loan,BB+,30-Oct-2025,MEDIUM,ULTRA HOT,2026-10-30,October 2026,238,22.0,Construction,D365,INC rating hits ULTRA HOT threshold on 2026-10-30 — first call window,Get ahead of the Oct/Nov renewal rush; start ACER process now before ACUITE backlog builds
Petal Motocon Pvt. Ltd.,ACUITE,Fund-Based,A 4,30-Oct-2025,MEDIUM,ULTRA HOT,2026-10-30,October 2026,238,1.75,Other,D365,INC rating hits ULTRA HOT threshold on 2026-10-30 — first call window,Get ahead of the Oct/Nov renewal rush; start ACER process now before ACUITE backlog builds
Petal Motocon Pvt. Ltd.,ACUITE,Fund-Based,C,30-Oct-2025,MEDIUM,ULTRA HOT,2026-10-30,October 2026,238,2.0,Other,D365,INC rating hits ULTRA HOT threshold on 2026-10-30 — first call window,Get ahead of the Oct/Nov renewal rush; start ACER process now before ACUITE backlog builds
S R S Diecasting Pvt. Ltd.,ACUITE,Term Loan,B-,30-Oct-2025,MEDIUM,ULTRA HOT,2026-10-30,October 2026,238,3.74,Steel & Metals,D365,INC rating hits ULTRA HOT threshold on 2026-10-30 — first call window,Get ahead of the Oct/Nov renewal rush; start ACER process now before ACUITE backlog builds
S R S Diecasting Pvt. Ltd.,ACUITE,Term Loan,B-,30-Oct-2025,MEDIUM,ULTRA HOT,2026-10-30,October 2026,238,1.0,Steel & Metals,D365,INC rating hits ULTRA HOT threshold on 2026-10-30 — first call window,Get ahead of the Oct/Nov renewal rush; start ACER process now before ACUITE backlog builds
S R S Diecasting Pvt. Ltd.,ACUITE,Term Loan,B-,30-Oct-2025,MEDIUM,ULTRA HOT,2026-10-30,October 2026,238,5.26,Steel & Metals,D365,INC rating hits ULTRA HOT threshold on 2026-10-30 — first call window,Get ahead of the Oct/Nov renewal rush; start ACER process now before ACUITE backlog builds
Mahateja Rice Mills Pvt. Ltd.,ACUITE,Bank Guarantee,A 4,03-Nov-2025,MEDIUM,ULTRA HOT,2026-11-03,November 2026,234,0.2,Agro/Food,D365,INC rating hits ULTRA HOT threshold on 2026-11-03 — first call window,Get ahead of the Oct/Nov renewal rush; start ACER process now before ACUITE backlog builds
Mahateja Rice Mills Pvt. Ltd.,ACUITE,Letter of Credit,A 4,03-Nov-2025,MEDIUM,ULTRA HOT,2026-11-03,November 2026,234,0.87,Agro/Food,D365,INC rating hits ULTRA HOT threshold on 2026-11-03 — first call window,Get ahead of the Oct/Nov renewal rush; start ACER process now before ACUITE backlog builds
Mahateja Rice Mills Pvt. Ltd.,ACUITE,Term Loan,B-,03-Nov-2025,MEDIUM,ULTRA HOT,2026-11-03,November 2026,234,0.72,Agro/Food,D365,INC rating hits ULTRA HOT threshold on 2026-11-03 — first call window,Get ahead of the Oct/Nov renewal rush; start ACER process now before ACUITE backlog builds
Sarjan Infracon Pvt. Ltd.,ACUITE,Bank Guarantee,A 4,03-Nov-2025,MEDIUM,ULTRA HOT,2026-11-03,November 2026,234,26.0,Construction,D365,INC rating hits ULTRA HOT threshold on 2026-11-03 — first call window,Get ahead of the Oct/Nov renewal rush; start ACER process now before ACUITE backlog builds
Sparkline Equipments Pvt. Ltd.,ACUITE,Bank Guarantee,A 4,03-Nov-2025,MEDIUM,ULTRA HOT,2026-11-03,November 2026,234,5.0,Manufacturing,D365,INC rating hits ULTRA HOT threshold on 2026-11-03 — first call window,Get ahead of the Oct/Nov renewal rush; start ACER process now before ACUITE backlog builds
Sparkline Equipments Pvt. Ltd.,ACUITE,Letter of Credit,A 4,03-Nov-2025,MEDIUM,ULTRA HOT,2026-11-03,November 2026,234,12.0,Manufacturing,D365,INC rating hits ULTRA HOT threshold on 2026-11-03 — first call window,Get ahead of the Oct/Nov renewal rush; start ACER process now before ACUITE backlog builds
Anukool India Pvt. Ltd.,ACUITE,Bank Guarantee,A 4,03-Nov-2025,MEDIUM,ULTRA HOT,2026-11-03,November 2026,234,4.0,Other,D365,INC rating hits ULTRA HOT threshold on 2026-11-03 — first call window,Get ahead of the Oct/Nov renewal rush; start ACER process now before ACUITE backlog builds
Anukool India Pvt. Ltd.,ACUITE,Letter of Credit,A 4,03-Nov-2025,MEDIUM,ULTRA HOT,2026-11-03,November 2026,234,3.0,Other,D365,INC rating hits ULTRA HOT threshold on 2026-11-03 — first call window,Get ahead of the Oct/Nov renewal rush; start ACER process now before ACUITE backlog builds
Siva Foods Impex Pvt. Ltd.,ACUITE,Term Loan,B,04-Nov-2025,MEDIUM,ULTRA HOT,2026-11-04,November 2026,233,13.82,Agro/Food,D365,INC rating hits ULTRA HOT threshold on 2026-11-04 — first call window,Get ahead of the Oct/Nov renewal rush; start ACER process now before ACUITE backlog builds
Siva Foods Impex Pvt. Ltd.,ACUITE,Term Loan,B,04-Nov-2025,MEDIUM,ULTRA HOT,2026-11-04,November 2026,233,1.68,Agro/Food,D365,INC rating hits ULTRA HOT threshold on 2026-11-04 — first call window,Get ahead of the Oct/Nov renewal rush; start ACER process now before ACUITE backlog builds
Uniglobal Papers Pvt. Ltd.,ACUITE,Letter of Credit,A 4,04-Nov-2025,MEDIUM,ULTRA HOT,2026-11-04,November 2026,233,0.91,Paper/Packaging,D365,INC rating hits ULTRA HOT threshold on 2026-11-04 — first call window,Get ahead of the Oct/Nov renewal rush; start ACER process now before ACUITE backlog builds
Chhatrapati Sambhaji Raje Sakhar Udyog Ltd.,ACUITE,Term Loan,B-,05-Nov-2025,MEDIUM,ULTRA HOT,2026-11-05,November 2026,232,0.67,Other,D365,INC rating hits ULTRA HOT threshold on 2026-11-05 — first call window,Get ahead of the Oct/Nov renewal rush; start ACER process now before ACUITE backlog builds
Chhatrapati Sambhaji Raje Sakhar Udyog Ltd.,ACUITE,Term Loan,B-,05-Nov-2025,MEDIUM,ULTRA HOT,2026-11-05,November 2026,232,14.67,Other,D365,INC rating hits ULTRA HOT threshold on 2026-11-05 — first call window,Get ahead of the Oct/Nov renewal rush; start ACER process now before ACUITE backlog builds
Fullarton Distilleries Pvt. Ltd.,ACUITE,Term Loan,B-,05-Nov-2025,MEDIUM,ULTRA HOT,2026-11-05,November 2026,232,11.0,Other,D365,INC rating hits ULTRA HOT threshold on 2026-11-05 — first call window,Get ahead of the Oct/Nov renewal rush; start ACER process now before ACUITE backlog builds
Komos Automotive India Pvt. Ltd.,ACUITE,Letter of Credit,A 4,05-Nov-2025,MEDIUM,ULTRA HOT,2026-11-05,November 2026,232,3.0,Automobiles,D365,INC rating hits ULTRA HOT threshold on 2026-11-05 — first call window,Get ahead of the Oct/Nov renewal rush; start ACER process now before ACUITE backlog builds
Komos Automotive India Pvt. Ltd.,ACUITE,Term Loan,A 4,05-Nov-2025,MEDIUM,ULTRA HOT,2026-11-05,November 2026,232,3.88,Automobiles,D365,INC rating hits ULTRA HOT threshold on 2026-11-05 — first call window,Get ahead of the Oct/Nov renewal rush; start ACER process now before ACUITE backlog builds
Add Technologies (India) Ltd.,ACUITE,Bank Guarantee,A 4,05-Nov-2025,MEDIUM,ULTRA HOT,2026-11-05,November 2026,232,8.5,IT/Technology,D365,INC rating hits ULTRA HOT threshold on 2026-11-05 — first call window,Get ahead of the Oct/Nov renewal rush; start ACER process now before ACUITE backlog builds
Add Technologies (India) Ltd.,ACUITE,Term Loan,B-,05-Nov-2025,MEDIUM,ULTRA HOT,2026-11-05,November 2026,232,2.0,IT/Technology,D365,INC rating hits ULTRA HOT threshold on 2026-11-05 — first call window,Get ahead of the Oct/Nov renewal rush; start ACER process now before ACUITE backlog builds
Add Technologies (India) Ltd.,ACUITE,Term Loan,A 4,05-Nov-2025,MEDIUM,ULTRA HOT,2026-11-05,November 2026,232,3.0,IT/Technology,D365,INC rating hits ULTRA HOT threshold on 2026-11-05 — first call window,Get ahead of the Oct/Nov renewal rush; start ACER process now before ACUITE backlog builds
Infants Travels Pvt. Ltd.,ACUITE,Term Loan,BB-,06-Nov-2025,MEDIUM,ULTRA HOT,2026-11-06,November 2026,231,5.0,Hotels/Tourism,D365,INC rating hits ULTRA HOT threshold on 2026-11-06 — first call window,Get ahead of the Oct/Nov renewal rush; start ACER process now before ACUITE backlog builds
Infants Travels Pvt. Ltd.,ACUITE,Term Loan,BB-,06-Nov-2025,MEDIUM,ULTRA HOT,2026-11-06,November 2026,231,123.0,Hotels/Tourism,D365,INC rating hits ULTRA HOT threshold on 2026-11-06 — first call window,Get ahead of the Oct/Nov renewal rush; start ACER process now before ACUITE backlog builds
Novex Communications Pvt. Ltd.,ACUITE,Term Loan,BB-,06-Nov-2025,MEDIUM,ULTRA HOT,2026-11-06,November 2026,231,5.28,IT/Technology,D365,INC rating hits ULTRA HOT threshold on 2026-11-06 — first call window,Get ahead of the Oct/Nov renewal rush; start ACER process now before ACUITE backlog builds
Novex Communications Pvt. Ltd.,ACUITE,Term Loan,BB-,06-Nov-2025,MEDIUM,ULTRA HOT,2026-11-06,November 2026,231,7.71,IT/Technology,D365,INC rating hits ULTRA HOT threshold on 2026-11-06 — first call window,Get ahead of the Oct/Nov renewal rush; start ACER process now before ACUITE backlog builds
Pioneer Plastic Inds. Ltd.,ACUITE,Bank Guarantee,A 4,06-Nov-2025,MEDIUM,ULTRA HOT,2026-11-06,November 2026,231,2.0,Chemicals/Pharma,D365,INC rating hits ULTRA HOT threshold on 2026-11-06 — first call window,Get ahead of the Oct/Nov renewal rush; start ACER process now before ACUITE backlog builds
N N M Securities Pvt. Ltd.,ACUITE,Bank Guarantee,A 4,07-Nov-2025,MEDIUM,ULTRA HOT,2026-11-07,November 2026,230,2.6,BFSI,D365,INC rating hits ULTRA HOT threshold on 2026-11-07 — first call window,Get ahead of the Oct/Nov renewal rush; start ACER process now before ACUITE backlog builds
N N M Securities Pvt. Ltd.,ACUITE,Term Loan,B-,07-Nov-2025,MEDIUM,ULTRA HOT,2026-11-07,November 2026,230,16.4,BFSI,D365,INC rating hits ULTRA HOT threshold on 2026-11-07 — first call window,Get ahead of the Oct/Nov renewal rush; start ACER process now before ACUITE backlog builds
Abha Power & Steel Ltd.,ACUITE,Term Loan,B-,10-Nov-2025,MEDIUM,ULTRA HOT,2026-11-10,November 2026,227,2.0,Steel & Metals,D365,INC rating hits ULTRA HOT threshold on 2026-11-10 — first call window,Get ahead of the Oct/Nov renewal rush; start ACER process now before ACUITE backlog builds
Disha Auto Components Pvt. Ltd.,ACUITE,Term Loan,B-,11-Nov-2025,MEDIUM,ULTRA HOT,2026-11-11,November 2026,226,4.0,Manufacturing,D365,INC rating hits ULTRA HOT threshold on 2026-11-11 — first call window,Get ahead of the Oct/Nov renewal rush; start ACER process now before ACUITE backlog builds
Adeshwar Meditex Ltd.,ACUITE,Letter of Credit,A 4,11-Nov-2025,MEDIUM,ULTRA HOT,2026-11-11,November 2026,226,3.5,Other,D365,INC rating hits ULTRA HOT threshold on 2026-11-11 — first call window,Get ahead of the Oct/Nov renewal rush; start ACER process now before ACUITE backlog builds
Adeshwar Meditex Ltd.,ACUITE,Term Loan,B+,11-Nov-2025,MEDIUM,ULTRA HOT,2026-11-11,November 2026,226,0.5,Other,D365,INC rating hits ULTRA HOT threshold on 2026-11-11 — first call window,Get ahead of the Oct/Nov renewal rush; start ACER process now before ACUITE backlog builds
Promac Engineering Inds. Ltd.,ACUITE,Bank Guarantee,A 4+,12-Nov-2025,MEDIUM,ULTRA HOT,2026-11-12,November 2026,225,68.0,Manufacturing,D365,INC rating hits ULTRA HOT threshold on 2026-11-12 — first call window,Get ahead of the Oct/Nov renewal rush; start ACER process now before ACUITE backlog builds
Promac Engineering Inds. Ltd.,ACUITE,Letter of Credit,A 4+,12-Nov-2025,MEDIUM,ULTRA HOT,2026-11-12,November 2026,225,6.5,Manufacturing,D365,INC rating hits ULTRA HOT threshold on 2026-11-12 — first call window,Get ahead of the Oct/Nov renewal rush; start ACER process now before ACUITE backlog builds
Promac Engineering Inds. Ltd.,ACUITE,Term Loan,BB+,12-Nov-2025,MEDIUM,ULTRA HOT,2026-11-12,November 2026,225,42.3,Manufacturing,D365,INC rating hits ULTRA HOT threshold on 2026-11-12 — first call window,Get ahead of the Oct/Nov renewal rush; start ACER process now before ACUITE backlog builds
Promac Engineering Inds. Ltd.,ACUITE,Term Loan,BBB-,12-Nov-2025,MEDIUM,ULTRA HOT,2026-11-12,November 2026,225,4.2,Manufacturing,D365,INC rating hits ULTRA HOT threshold on 2026-11-12 — first call window,Get ahead of the Oct/Nov renewal rush; start ACER process now before ACUITE backlog builds
Narbheram Power & Steel Pvt. Ltd.,ACUITE,Bank Guarantee,A 4+,13-Nov-2025,MEDIUM,ULTRA HOT,2026-11-13,November 2026,224,32.0,Steel & Metals,D365,INC rating hits ULTRA HOT threshold on 2026-11-13 — first call window,Get ahead of the Oct/Nov renewal rush; start ACER process now before ACUITE backlog builds
Narbheram Power & Steel Pvt. Ltd.,ACUITE,Term Loan,BB+,13-Nov-2025,MEDIUM,ULTRA HOT,2026-11-13,November 2026,224,137.85,Steel & Metals,D365,INC rating hits ULTRA HOT threshold on 2026-11-13 — first call window,Get ahead of the Oct/Nov renewal rush; start ACER process now before ACUITE backlog builds
G S D Constructions Indore Pvt. Ltd.,ACUITE,Bank Guarantee,A 4,14-Nov-2025,MEDIUM,ULTRA HOT,2026-11-14,November 2026,223,3.0,Construction,D365,INC rating hits ULTRA HOT threshold on 2026-11-14 — first call window,Get ahead of the Oct/Nov renewal rush; start ACER process now before ACUITE backlog builds
G S D Constructions Indore Pvt. Ltd.,ACUITE,Bank Guarantee,A 4,14-Nov-2025,MEDIUM,ULTRA HOT,2026-11-14,November 2026,223,1.0,Construction,D365,INC rating hits ULTRA HOT threshold on 2026-11-14 — first call window,Get ahead of the Oct/Nov renewal rush; start ACER process now before ACUITE backlog builds
Kasturi Aqua Life Products Pvt. Ltd.,ACUITE,Term Loan,C,14-Nov-2025,MEDIUM,ULTRA HOT,2026-11-14,November 2026,223,15.5,Manufacturing,D365,INC rating hits ULTRA HOT threshold on 2026-11-14 — first call window,Get ahead of the Oct/Nov renewal rush; start ACER process now before ACUITE backlog builds
Kohinoor Feeds & Fats Pvt. Ltd.,ACUITE,Letter of Credit,A 4,14-Nov-2025,MEDIUM,ULTRA HOT,2026-11-14,November 2026,223,12.0,Other,D365,INC rating hits ULTRA HOT threshold on 2026-11-14 — first call window,Get ahead of the Oct/Nov renewal rush; start ACER process now before ACUITE backlog builds
N R Colours Ltd.,ACUITE,Letter of Credit,A 4,14-Nov-2025,MEDIUM,ULTRA HOT,2026-11-14,November 2026,223,8.27,Other,D365,INC rating hits ULTRA HOT threshold on 2026-11-14 — first call window,Get ahead of the Oct/Nov renewal rush; start ACER process now before ACUITE backlog builds
Theni Guru Krishna Textile Mills Pvt. Ltd.,ACUITE,Letter of Credit,A 4,14-Nov-2025,MEDIUM,ULTRA HOT,2026-11-14,November 2026,223,25.0,Textiles,D365,INC rating hits ULTRA HOT threshold on 2026-11-14 — first call window,Get ahead of the Oct/Nov renewal rush; start ACER process now before ACUITE backlog builds
Theni Guru Krishna Textile Mills Pvt. Ltd.,ACUITE,Fund-Based,C,14-Nov-2025,MEDIUM,ULTRA HOT,2026-11-14,November 2026,223,10.0,Textiles,D365,INC rating hits ULTRA HOT threshold on 2026-11-14 — first call window,Get ahead of the Oct/Nov renewal rush; start ACER process now before ACUITE backlog builds
Theni Guru Krishna Textile Mills Pvt. Ltd.,ACUITE,Term Loan,C,14-Nov-2025,MEDIUM,ULTRA HOT,2026-11-14,November 2026,223,24.75,Textiles,D365,INC rating hits ULTRA HOT threshold on 2026-11-14 — first call window,Get ahead of the Oct/Nov renewal rush; start ACER process now before ACUITE backlog builds
Theni Guru Krishna Textile Mills Pvt. Ltd.,ACUITE,Term Loan,C,14-Nov-2025,MEDIUM,ULTRA HOT,2026-11-14,November 2026,223,123.52,Textiles,D365,INC rating hits ULTRA HOT threshold on 2026-11-14 — first call window,Get ahead of the Oct/Nov renewal rush; start ACER process now before ACUITE backlog builds
Sun Polytex Pvt. Ltd.,ACUITE,Term Loan,BB-,17-Nov-2025,MEDIUM,ULTRA HOT,2026-11-17,November 2026,220,8.58,Other,D365,INC rating hits ULTRA HOT threshold on 2026-11-17 — first call window,Get ahead of the Oct/Nov renewal rush; start ACER process now before ACUITE backlog builds
Shree Bharka (India) Ltd.,ACUITE,Bank Guarantee,A 4,18-Nov-2025,MEDIUM,ULTRA HOT,2026-11-18,November 2026,219,1.0,Other,D365,INC rating hits ULTRA HOT threshold on 2026-11-18 — first call window,Get ahead of the Oct/Nov renewal rush; start ACER process now before ACUITE backlog builds
Shubhada Polymers Products Pvt. Ltd.,ACUITE,Term Loan,BB,18-Nov-2025,MEDIUM,ULTRA HOT,2026-11-18,November 2026,219,4.0,Chemicals/Pharma,D365,INC rating hits ULTRA HOT threshold on 2026-11-18 — first call window,Get ahead of the Oct/Nov renewal rush; start ACER process now before ACUITE backlog builds
Harmony Plastics Pvt. Ltd.,ACUITE,Bank Guarantee,A 4+,19-Nov-2025,MEDIUM,ULTRA HOT,2026-11-19,November 2026,218,0.1,Chemicals/Pharma,D365,INC rating hits ULTRA HOT threshold on 2026-11-19 — first call window,Get ahead of the Oct/Nov renewal rush; start ACER process now before ACUITE backlog builds
Harmony Plastics Pvt. Ltd.,ACUITE,Term Loan,BB-,19-Nov-2025,MEDIUM,ULTRA HOT,2026-11-19,November 2026,218,13.3,Chemicals/Pharma,D365,INC rating hits ULTRA HOT threshold on 2026-11-19 — first call window,Get ahead of the Oct/Nov renewal rush; start ACER process now before ACUITE backlog builds
Humana Financial Services Pvt. Ltd.,ACUITE,Term Loan,BB+,19-Nov-2025,MEDIUM,ULTRA HOT,2026-11-19,November 2026,218,67.5,BFSI,D365,INC rating hits ULTRA HOT threshold on 2026-11-19 — first call window,Get ahead of the Oct/Nov renewal rush; start ACER process now before ACUITE backlog builds
Humana Financial Services Pvt. Ltd.,ACUITE,Term Loan,BB+,19-Nov-2025,MEDIUM,ULTRA HOT,2026-11-19,November 2026,218,32.5,BFSI,D365,INC rating hits ULTRA HOT threshold on 2026-11-19 — first call window,Get ahead of the Oct/Nov renewal rush; start ACER process now before ACUITE backlog builds
M E P Sanjose Talaja Mahuva Road Pvt. Ltd.,ACUITE,Bank Guarantee,A 4,19-Nov-2025,MEDIUM,ULTRA HOT,2026-11-19,November 2026,218,27.15,Construction,D365,INC rating hits ULTRA HOT threshold on 2026-11-19 — first call window,Get ahead of the Oct/Nov renewal rush; start ACER process now before ACUITE backlog builds
M E P Sanjose Talaja Mahuva Road Pvt. Ltd.,ACUITE,Term Loan,B-,19-Nov-2025,MEDIUM,ULTRA HOT,2026-11-19,November 2026,218,289.37,Construction,D365,INC rating hits ULTRA HOT threshold on 2026-11-19 — first call window,Get ahead of the Oct/Nov renewal rush; start ACER process now before ACUITE backlog builds
Mewar Polytex Ltd.,ACUITE,Term Loan,BB-,19-Nov-2025,MEDIUM,ULTRA HOT,2026-11-19,November 2026,218,3.63,Other,D365,INC rating hits ULTRA HOT threshold on 2026-11-19 — first call window,Get ahead of the Oct/Nov renewal rush; start ACER process now before ACUITE backlog builds
Pace Digitek Infra Pvt. Ltd.,ACUITE,Bank Guarantee,A 4+,19-Nov-2025,MEDIUM,ULTRA HOT,2026-11-19,November 2026,218,1163.0,Construction,D365,INC rating hits ULTRA HOT threshold on 2026-11-19 — first call window,Get ahead of the Oct/Nov renewal rush; start ACER process now before ACUITE backlog builds
Pace Digitek Infra Pvt. Ltd.,ACUITE,Letter of Credit,A 4+,19-Nov-2025,MEDIUM,ULTRA HOT,2026-11-19,November 2026,218,128.0,Construction,D365,INC rating hits ULTRA HOT threshold on 2026-11-19 — first call window,Get ahead of the Oct/Nov renewal rush; start ACER process now before ACUITE backlog builds
Jaswantsingh Oberoi Construction Pvt. Ltd.,ACUITE,Bank Guarantee,A 4+,20-Nov-2025,MEDIUM,ULTRA HOT,2026-11-20,November 2026,217,7.0,Construction,D365,INC rating hits ULTRA HOT threshold on 2026-11-20 — first call window,Get ahead of the Oct/Nov renewal rush; start ACER process now before ACUITE backlog builds
Jaswantsingh Oberoi Construction Pvt. Ltd.,ACUITE,Term Loan,BB+,20-Nov-2025,MEDIUM,ULTRA HOT,2026-11-20,November 2026,217,2.0,Construction,D365,INC rating hits ULTRA HOT threshold on 2026-11-20 — first call window,Get ahead of the Oct/Nov renewal rush; start ACER process now before ACUITE backlog builds
M E P Sanjose Mahuva Kagavadar Road Pvt. Ltd.,ACUITE,Bank Guarantee,A 4,20-Nov-2025,MEDIUM,ULTRA HOT,2026-11-20,November 2026,217,30.23,Construction,D365,INC rating hits ULTRA HOT threshold on 2026-11-20 — first call window,Get ahead of the Oct/Nov renewal rush; start ACER process now before ACUITE backlog builds
M E P Sanjose Mahuva Kagavadar Road Pvt. Ltd.,ACUITE,Term Loan,B-,20-Nov-2025,MEDIUM,ULTRA HOT,2026-11-20,November 2026,217,272.11,Construction,D365,INC rating hits ULTRA HOT threshold on 2026-11-20 — first call window,Get ahead of the Oct/Nov renewal rush; start ACER process now before ACUITE backlog builds
Yentop Manickam Edible Oils Pvt. Ltd.,ACUITE,Bank Guarantee,B-,20-Nov-2025,MEDIUM,ULTRA HOT,2026-11-20,November 2026,217,1.5,Agro/Food,D365,INC rating hits ULTRA HOT threshold on 2026-11-20 — first call window,Get ahead of the Oct/Nov renewal rush; start ACER process now before ACUITE backlog builds
Yentop Manickam Edible Oils Pvt. Ltd.,ACUITE,Letter of Credit,B-,20-Nov-2025,MEDIUM,ULTRA HOT,2026-11-20,November 2026,217,78.0,Agro/Food,D365,INC rating hits ULTRA HOT threshold on 2026-11-20 — first call window,Get ahead of the Oct/Nov renewal rush; start ACER process now before ACUITE backlog builds
Mahendra Power Pvt. Ltd.,ACUITE,Term Loan,BB+,21-Nov-2025,MEDIUM,ULTRA HOT,2026-11-21,November 2026,216,2.4,Energy,D365,INC rating hits ULTRA HOT threshold on 2026-11-21 — first call window,Get ahead of the Oct/Nov renewal rush; start ACER process now before ACUITE backlog builds
Mahendra Power Pvt. Ltd.,ACUITE,Term Loan,BB+,21-Nov-2025,MEDIUM,ULTRA HOT,2026-11-21,November 2026,216,7.6,Energy,D365,INC rating hits ULTRA HOT threshold on 2026-11-21 — first call window,Get ahead of the Oct/Nov renewal rush; start ACER process now before ACUITE backlog builds
Mahendra Sponge & Power Ltd.,ACUITE,Bank Guarantee,A 4+,21-Nov-2025,MEDIUM,ULTRA HOT,2026-11-21,November 2026,216,5.0,Energy,D365,INC rating hits ULTRA HOT threshold on 2026-11-21 — first call window,Get ahead of the Oct/Nov renewal rush; start ACER process now before ACUITE backlog builds
Mahendra Sponge & Power Ltd.,ACUITE,Letter of Credit,A 4+,21-Nov-2025,MEDIUM,ULTRA HOT,2026-11-21,November 2026,216,190.5,Energy,D365,INC rating hits ULTRA HOT threshold on 2026-11-21 — first call window,Get ahead of the Oct/Nov renewal rush; start ACER process now before ACUITE backlog builds
Mahendra Sponge & Power Ltd.,ACUITE,Term Loan,A 4+,21-Nov-2025,MEDIUM,ULTRA HOT,2026-11-21,November 2026,216,18.23,Energy,D365,INC rating hits ULTRA HOT threshold on 2026-11-21 — first call window,Get ahead of the Oct/Nov renewal rush; start ACER process now before ACUITE backlog builds
Mahendra Sponge & Power Ltd.,ACUITE,Term Loan,BB+,21-Nov-2025,MEDIUM,ULTRA HOT,2026-11-21,November 2026,216,214.0,Energy,D365,INC rating hits ULTRA HOT threshold on 2026-11-21 — first call window,Get ahead of the Oct/Nov renewal rush; start ACER process now before ACUITE backlog builds
Mahendra Strips Pvt. Ltd.,ACUITE,Letter of Credit,A 4+,21-Nov-2025,MEDIUM,ULTRA HOT,2026-11-21,November 2026,216,650.0,Other,D365,INC rating hits ULTRA HOT threshold on 2026-11-21 — first call window,Get ahead of the Oct/Nov renewal rush; start ACER process now before ACUITE backlog builds
Mahendra Strips Pvt. Ltd.,ACUITE,Term Loan,A 4+,21-Nov-2025,MEDIUM,ULTRA HOT,2026-11-21,November 2026,216,3.1,Other,D365,INC rating hits ULTRA HOT threshold on 2026-11-21 — first call window,Get ahead of the Oct/Nov renewal rush; start ACER process now before ACUITE backlog builds
Odyssey Motors Pvt. Ltd.,ACUITE,Term Loan,BB-,21-Nov-2025,MEDIUM,ULTRA HOT,2026-11-21,November 2026,216,2.0,Automobiles,D365,INC rating hits ULTRA HOT threshold on 2026-11-21 — first call window,Get ahead of the Oct/Nov renewal rush; start ACER process now before ACUITE backlog builds
A P S Hydro Pvt. Ltd.,ACUITE,Bank Guarantee,A 4,21-Nov-2025,MEDIUM,ULTRA HOT,2026-11-21,November 2026,216,6.0,Energy,D365,INC rating hits ULTRA HOT threshold on 2026-11-21 — first call window,Get ahead of the Oct/Nov renewal rush; start ACER process now before ACUITE backlog builds
A P S Hydro Pvt. Ltd.,ACUITE,Term Loan,B-,21-Nov-2025,MEDIUM,ULTRA HOT,2026-11-21,November 2026,216,15.0,Energy,D365,INC rating hits ULTRA HOT threshold on 2026-11-21 — first call window,Get ahead of the Oct/Nov renewal rush; start ACER process now before ACUITE backlog builds
Animesh Ispat Pvt. Ltd.,ACUITE,Term Loan,BB+,21-Nov-2025,MEDIUM,ULTRA HOT,2026-11-21,November 2026,216,8.0,Other,D365,INC rating hits ULTRA HOT threshold on 2026-11-21 — first call window,Get ahead of the Oct/Nov renewal rush; start ACER process now before ACUITE backlog builds
Megha Fruit Processing Pvt. Ltd.,ACUITE,Letter of Credit,A 4+,24-Nov-2025,MEDIUM,ULTRA HOT,2026-11-24,November 2026,213,7.0,Other,D365,INC rating hits ULTRA HOT threshold on 2026-11-24 — first call window,Get ahead of the Oct/Nov renewal rush; start ACER process now before ACUITE backlog builds
Megha Fruit Processing Pvt. Ltd.,ACUITE,Term Loan,BB-,24-Nov-2025,MEDIUM,ULTRA HOT,2026-11-24,November 2026,213,63.81,Other,D365,INC rating hits ULTRA HOT threshold on 2026-11-24 — first call window,Get ahead of the Oct/Nov renewal rush; start ACER process now before ACUITE backlog builds
Shree Samtainath Enterprises Pvt. Ltd.,ACUITE,Bank Guarantee,A 4,24-Nov-2025,MEDIUM,ULTRA HOT,2026-11-24,November 2026,213,1.25,Other,D365,INC rating hits ULTRA HOT threshold on 2026-11-24 — first call window,Get ahead of the Oct/Nov renewal rush; start ACER process now before ACUITE backlog builds
Technology Frontiers (India) Pvt. Ltd.,ACUITE,Bank Guarantee,A 4,24-Nov-2025,MEDIUM,ULTRA HOT,2026-11-24,November 2026,213,3.0,IT/Technology,D365,INC rating hits ULTRA HOT threshold on 2026-11-24 — first call window,Get ahead of the Oct/Nov renewal rush; start ACER process now before ACUITE backlog builds
Technology Frontiers (India) Pvt. Ltd.,ACUITE,Letter of Credit,A 4,24-Nov-2025,MEDIUM,ULTRA HOT,2026-11-24,November 2026,213,5.82,IT/Technology,D365,INC rating hits ULTRA HOT threshold on 2026-11-24 — first call window,Get ahead of the Oct/Nov renewal rush; start ACER process now before ACUITE backlog builds
Technology Frontiers (India) Pvt. Ltd.,ACUITE,Term Loan,B-,24-Nov-2025,MEDIUM,ULTRA HOT,2026-11-24,November 2026,213,18.18,IT/Technology,D365,INC rating hits ULTRA HOT threshold on 2026-11-24 — first call window,Get ahead of the Oct/Nov renewal rush; start ACER process now before ACUITE backlog builds
Jaliyan Proteins Pvt. Ltd.,ACUITE,Term Loan,B-,26-Nov-2025,MEDIUM,ULTRA HOT,2026-11-26,November 2026,211,1.0,Other,D365,INC rating hits ULTRA HOT threshold on 2026-11-26 — first call window,Get ahead of the Oct/Nov renewal rush; start ACER process now before ACUITE backlog builds
Jaliyan Proteins Pvt. Ltd.,ACUITE,Term Loan,B-,26-Nov-2025,MEDIUM,ULTRA HOT,2026-11-26,November 2026,211,14.0,Other,D365,INC rating hits ULTRA HOT threshold on 2026-11-26 — first call window,Get ahead of the Oct/Nov renewal rush; start ACER process now before ACUITE backlog builds
Sar Transport Systems Pvt. Ltd.,ACUITE,Bank Guarantee,A 4+,26-Nov-2025,MEDIUM,ULTRA HOT,2026-11-26,November 2026,211,2.05,Logistics,D365,INC rating hits ULTRA HOT threshold on 2026-11-26 — first call window,Get ahead of the Oct/Nov renewal rush; start ACER process now before ACUITE backlog builds
Sar Transport Systems Pvt. Ltd.,ACUITE,Term Loan,BB,26-Nov-2025,MEDIUM,ULTRA HOT,2026-11-26,November 2026,211,0.1,Logistics,D365,INC rating hits ULTRA HOT threshold on 2026-11-26 — first call window,Get ahead of the Oct/Nov renewal rush; start ACER process now before ACUITE backlog builds
Hariom Polypacks Ltd.,ACUITE,Bank Guarantee,A 4+,28-Nov-2025,MEDIUM,ULTRA HOT,2026-11-28,November 2026,209,3.0,Other,D365,INC rating hits ULTRA HOT threshold on 2026-11-28 — first call window,Get ahead of the Oct/Nov renewal rush; start ACER process now before ACUITE backlog builds
Hariom Polypacks Ltd.,ACUITE,Term Loan,BB+,28-Nov-2025,MEDIUM,ULTRA HOT,2026-11-28,November 2026,209,16.83,Other,D365,INC rating hits ULTRA HOT threshold on 2026-11-28 — first call window,Get ahead of the Oct/Nov renewal rush; start ACER process now before ACUITE backlog builds
Hariom Polypacks Ltd.,ACUITE,Term Loan,BB+,28-Nov-2025,MEDIUM,ULTRA HOT,2026-11-28,November 2026,209,11.85,Other,D365,INC rating hits ULTRA HOT threshold on 2026-11-28 — first call window,Get ahead of the Oct/Nov renewal rush; start ACER process now before ACUITE backlog builds
Shri Dakshineshwari Maa Polyfabs Ltd.,ACUITE,Bank Guarantee,A 4+,28-Nov-2025,MEDIUM,ULTRA HOT,2026-11-28,November 2026,209,8.0,Other,D365,INC rating hits ULTRA HOT threshold on 2026-11-28 — first call window,Get ahead of the Oct/Nov renewal rush; start ACER process now before ACUITE backlog builds
Shri Dakshineshwari Maa Polyfabs Ltd.,ACUITE,Term Loan,BB+,28-Nov-2025,MEDIUM,ULTRA HOT,2026-11-28,November 2026,209,63.41,Other,D365,INC rating hits ULTRA HOT threshold on 2026-11-28 — first call window,Get ahead of the Oct/Nov renewal rush; start ACER process now before ACUITE backlog builds
Shri Maa Polyfabs Ltd.,ACUITE,Bank Guarantee,A 4+,28-Nov-2025,MEDIUM,ULTRA HOT,2026-11-28,November 2026,209,7.91,Other,D365,INC rating hits ULTRA HOT threshold on 2026-11-28 — first call window,Get ahead of the Oct/Nov renewal rush; start ACER process now before ACUITE backlog builds
Shri Maa Polyfabs Ltd.,ACUITE,Letter of Credit,A 4+,28-Nov-2025,MEDIUM,ULTRA HOT,2026-11-28,November 2026,209,5.0,Other,D365,INC rating hits ULTRA HOT threshold on 2026-11-28 — first call window,Get ahead of the Oct/Nov renewal rush; start ACER process now before ACUITE backlog builds
Shri Maa Polyfabs Ltd.,ACUITE,Term Loan,BB+,28-Nov-2025,MEDIUM,ULTRA HOT,2026-11-28,November 2026,209,0.24,Other,D365,INC rating hits ULTRA HOT threshold on 2026-11-28 — first call window,Get ahead of the Oct/Nov renewal rush; start ACER process now before ACUITE backlog builds
Shri Maa Polyfabs Ltd.,ACUITE,Term Loan,BB+,28-Nov-2025,MEDIUM,ULTRA HOT,2026-11-28,November 2026,209,26.0,Other,D365,INC rating hits ULTRA HOT threshold on 2026-11-28 — first call window,Get ahead of the Oct/Nov renewal rush; start ACER process now before ACUITE backlog builds
