Company Name,Agency,Instrument,Rating,Rating Date,Days Since,Urgency,Amount Cr,Sector
Gammon India Ltd.,CARE,NCD/Bond,D,22-Jul-2025,338,HOT,9092.78,Other
Simplex Infrastructures Ltd.,CARE,NCD/Bond,D,14-Nov-2025,223,MEDIUM,7900.0,Construction
Gayatri Projects Ltd.,CARE,NCD/Bond,D,17-Jul-2025,343,HOT,4447.16,Other
Jaiprakash Associates Ltd.,CARE,NCD/Bond,D,30-Jan-2026,146,LOW,4322.21,Other
Senvion Wind Technology Pvt. Ltd.,CARE,NCD/Bond,BB/A4,10-Mar-2026,107,LOW,3000.0,Energy
Neelachal Ispat Nigam Ltd.,CARE,NCD/Bond,AA/A1+,15-Sep-2025,283,HOT,2000.0,Other
Nagarjuna Fertilizers & Chemicals Ltd.,CARE,NCD/Bond,D,18-Dec-2025,189,MEDIUM,1179.67,Agro/Food
Regen Powertech Pvt. Ltd.,CARE,NCD/Bond,D,30-Jan-2026,146,LOW,905.0,Energy
I L & F S Transportation Networks Ltd.,CARE,NCD/Bond,D,24-Feb-2026,121,LOW,890.0,Logistics
Nutrionex Manufacturers Ltd.,CARE,NCD/Bond,D,11-Jul-2025,349,HOT,840.27,Manufacturing
Lanco Babandh Power Ltd.,CARE,NCD/Bond,D,08-May-2025,413,ULTRA HOT,750.0,Energy
M M T C Ltd.,CARE,NCD/Bond,D,12-Sep-2025,286,HOT,700.0,Other
Hindusthan National Glass & Inds. Ltd.,CARE,NCD/Bond,D,19-Jun-2025,371,ULTRA HOT,600.0,Other
Bangalore Electricity Supply Co. Ltd.,CARE,NCD/Bond,BB+/A4,20-Oct-2025,248,MEDIUM,600.0,Energy
Leel Electricals Ltd.,CARE,NCD/Bond,D,02-Jun-2025,388,ULTRA HOT,595.0,Energy
Lakshmi Infrastructure & Developers India Pvt. Ltd.,CARE,NCD/Bond,D,03-Jul-2025,357,HOT,450.0,Construction
Reliance Home Finance Ltd.,CARE,NCD/Bond,D,16-Feb-2026,129,LOW,435.71,BFSI
J M Mhatre Infra Pvt. Ltd.,CARE,NCD/Bond,BB-/A4,28-Aug-2025,301,HOT,379.0,Construction
Shree Hari Infraprojects Pvt. Ltd.,CARE,NCD/Bond,BB/A4,16-Apr-2026,70,LOW,323.0,Construction
Regen Powertech Pvt. Ltd.,CARE,NCD/Bond,D,30-Jan-2026,146,LOW,310.0,Energy
Future Consumer Ltd.,CARE,NCD/Bond,D,27-Jun-2025,363,HOT,305.75,Other
Nutrionex Manufacturers Ltd.,CARE,NCD/Bond,D,11-Jul-2025,349,HOT,293.0,Manufacturing
Vijai Electricals Ltd.,CARE,NCD/Bond,BB-/A4,10-Apr-2026,76,LOW,285.78,Energy
Rai Bahadur Narain Singh Sugar Mills Ltd.,CARE,NCD/Bond,BB/A4,03-Nov-2025,234,MEDIUM,275.02,Agro/Food
Ritzy Chemicals Pvt. Ltd.,CARE,NCD/Bond,D,07-Jan-2026,169,LOW,255.0,Chemicals/Pharma
Flexituff Ventures Intl. Ltd.,CARE,NCD/Bond,D,17-Apr-2026,69,LOW,251.17,Other
Hero Electric Vehicles Pvt. Ltd.,CARE,NCD/Bond,D,23-Jun-2025,367,ULTRA HOT,250.0,Energy
Invreco Pvt. Ltd.,CARE,NCD/Bond,BBB+/A2,01-Dec-2025,206,MEDIUM,250.0,Other
Krishna Buildestates Pvt. Ltd.,CARE,NCD/Bond,BBB/A3+,26-Mar-2026,91,LOW,246.6,Construction
Feedback Infra Pvt. Ltd.,CARE,NCD/Bond,D,03-Feb-2026,142,LOW,239.0,Construction
C M I Ltd.,CARE,NCD/Bond,D,09-Jul-2025,351,HOT,235.0,Other
T R N Energy Pvt. Ltd.,CARE,NCD/Bond,D,19-Nov-2025,218,MEDIUM,225.0,Energy
Vikran Engineering Ltd.,CARE,NCD/Bond,BB-/A4,02-Jul-2025,358,HOT,215.75,Manufacturing
Arcotech Ltd.,CARE,NCD/Bond,D,11-Sep-2025,287,HOT,205.0,IT/Technology
T R N Energy Pvt. Ltd.,CARE,NCD/Bond,D,19-Nov-2025,218,MEDIUM,205.0,Energy
Reliance Home Finance Ltd.,CARE,NCD/Bond,PP-MLD D,16-Feb-2026,129,LOW,200.0,BFSI
Ramsons Food Ltd.,CARE,NCD/Bond,BB-/A4,24-Sep-2025,274,HOT,195.0,Agro/Food
Katerra India Pvt. Ltd.,CARE,NCD/Bond,D,15-Sep-2025,283,HOT,190.0,Other
Rika Global Impex Ltd.,CARE,NCD/Bond,BB-/A4,09-Jun-2025,381,ULTRA HOT,185.0,Other
Shri Gautam Shipbreaking Inds. Pvt. Ltd.,CARE,NCD/Bond,BB+/A4+,06-Jun-2025,384,ULTRA HOT,180.0,Other
R S A Infraproject Pvt. Ltd.,CARE,NCD/Bond,BB+/A4+,07-Nov-2025,230,MEDIUM,175.0,Construction
Dee Vee Projects Ltd.,CARE,NCD/Bond,BB-/A4,19-Feb-2026,126,LOW,170.0,Other
M R T Signals Ltd.,CARE,NCD/Bond,BB/A4+,17-Jul-2025,343,HOT,161.0,Other
Transaction Solutions Intl. (India) Pvt. Ltd.,CARE,NCD/Bond,BB+/A4+,24-Feb-2026,121,LOW,155.29,Other
Lok Chemicals Pvt. Ltd.,CARE,NCD/Bond,BB+/A4,01-Oct-2025,267,MEDIUM,151.0,Chemicals/Pharma
P C L Oil & Solvents Ltd.,CARE,NCD/Bond,D,17-Nov-2025,220,MEDIUM,135.5,Chemicals/Pharma
Sunalco Alloys Pvt. Ltd.,CARE,NCD/Bond,BB-/A4,25-Feb-2026,120,LOW,135.0,Steel & Metals
Dodsal Enterprises Pvt. Ltd.,CARE,NCD/Bond,D,04-Jul-2025,356,HOT,129.58,Other
Excelsource International Pvt. Ltd.,CARE,NCD/Bond,B+/A4,22-Dec-2025,185,MEDIUM,128.0,Other
Man Structurals Pvt. Ltd.,CARE,NCD/Bond,BB-/A4,21-Jul-2025,339,HOT,126.5,Other
R M N Infrastructures Ltd.,CARE,NCD/Bond,BB+/A4+,31-Mar-2026,86,LOW,125.0,Construction
Shanti Construction (Guj) Pvt. Ltd.,CARE,NCD/Bond,BB+/A4+,17-Sep-2025,281,HOT,121.95,Construction
M K M Diamonds Pvt. Ltd.,CARE,NCD/Bond,D,06-Aug-2025,323,HOT,120.0,Jewellery/Gems
Avexa Corporation Pvt. Ltd.,CARE,NCD/Bond,D,08-Oct-2025,260,MEDIUM,120.0,Other
Textrade International Ltd.,CARE,NCD/Bond,D,27-Jan-2026,149,LOW,120.0,Trading/Exports
R K Infracorp Pvt. Ltd.,CARE,NCD/Bond,B/A4,11-Mar-2026,106,LOW,120.0,Construction
Pragati Infra Solutions Pvt. Ltd.,CARE,NCD/Bond,BBB/A3+,25-Feb-2026,120,LOW,119.0,Construction
Jayshri Gayatri Food Products Pvt. Ltd.,CARE,NCD/Bond,D,25-Jul-2025,335,HOT,117.72,Agro/Food
Zulaikha Motors Pvt. Ltd.,CARE,NCD/Bond,D,12-Feb-2026,133,LOW,116.0,Automobiles
K T M Jewellery Ltd.,CARE,NCD/Bond,BBB-/A3,23-Mar-2026,94,LOW,115.0,Jewellery/Gems
Etco Denim Pvt. Ltd.,CARE,NCD/Bond,D,09-Apr-2026,77,LOW,112.99,Other
A R L Infratech Ltd.,CARE,NCD/Bond,A/A1,01-Oct-2025,267,MEDIUM,110.0,Construction
Varron Industriies Pvt. Ltd.,CARE,NCD/Bond,D,14-May-2025,407,ULTRA HOT,109.1,Other
Kiran Global Chems Ltd.,CARE,NCD/Bond,D,21-May-2025,400,ULTRA HOT,107.0,Chemicals/Pharma
Monomark Engineering (India) Ltd.,CARE,NCD/Bond,BB/A4,30-Sep-2025,268,MEDIUM,105.0,Manufacturing
Hotline Capital Services Pvt. Ltd.,CARE,NCD/Bond,C/A4,01-Apr-2026,85,LOW,100.0,Other
Deepak Vegpro Pvt. Ltd.,CARE,NCD/Bond,BB/A4,14-May-2025,407,ULTRA HOT,100.0,Other
Siddhartha Engineering Ltd.,CARE,NCD/Bond,C/A4,16-Dec-2025,191,MEDIUM,95.75,Manufacturing
Supreme & Co. Pvt. Ltd.,CARE,NCD/Bond,D,04-Jul-2025,356,HOT,91.0,Other
W F B Baird & Co. India Pvt. Ltd.,CARE,NCD/Bond,BBB-/A3,26-Dec-2025,181,MEDIUM,90.0,Other
N K Agro Exports (India) Pvt. Ltd.,CARE,NCD/Bond,BB-/A4,02-Apr-2026,84,LOW,90.0,Agro/Food
Advaith Aerospace Pvt. Ltd.,CARE,NCD/Bond,B+/A4,05-Mar-2026,112,LOW,90.0,Other
Rai Metal Works Pvt. Ltd.,CARE,NCD/Bond,BB-/A4,30-May-2025,391,ULTRA HOT,87.0,Steel & Metals
J U Agri Sciences Pvt. Ltd.,CARE,NCD/Bond,A 4,03-Nov-2025,234,MEDIUM,85.0,Other
Bombay Super Hybrid Seeds Ltd.,CARE,NCD/Bond,BBB-/A3,25-Mar-2026,92,LOW,85.0,Agro/Food
B I L Infratech Ltd.,CARE,NCD/Bond,D,18-Aug-2025,311,HOT,84.5,Construction
Manohar Lal Sarraf & Sons Jewellers Pvt. Ltd.,CARE,NCD/Bond,BB+/A4,02-Dec-2025,205,MEDIUM,83.0,Jewellery/Gems
Reliance Commercial Finance Ltd.,CARE,NCD/Bond,D,27-Jan-2026,149,LOW,81.0,BFSI
B N R Infrastructure Projects Pvt. Ltd.,CARE,NCD/Bond,BB/A4,02-Jan-2026,174,LOW,80.0,Construction
Astron Paper & Board Mill Ltd.,CARE,NCD/Bond,D,21-Jan-2026,155,LOW,78.0,Paper/Packaging
K B K Biotech Pvt. Ltd.,CARE,NCD/Bond,BB/A4,02-Apr-2026,84,LOW,76.78,Healthcare
Jaipur Rugs Co. Ltd.,CARE,NCD/Bond,BB-/A4,08-Jan-2026,168,LOW,75.0,Other
Victoria Foods Pvt. Ltd.,CARE,NCD/Bond,BB/A4,21-Nov-2025,216,MEDIUM,75.0,Agro/Food
Akshara Enterprises India Pvt. Ltd.,CARE,NCD/Bond,BB/A4,19-Mar-2026,98,LOW,74.51,Other
Shree Hari Infraprojects Pvt. Ltd.,CARE,NCD/Bond,BB/A4,16-Apr-2026,70,LOW,73.5,Construction
Sobti Infratech Ltd.,CARE,NCD/Bond,BB+/A4+,18-Aug-2025,311,HOT,70.54,Construction
Tejas Cargo India Ltd.,CARE,NCD/Bond,BB+/A4+,20-Mar-2026,97,LOW,70.0,Logistics
Ray Engineering Pvt. Ltd.,CARE,NCD/Bond,B+/A4,21-May-2025,400,ULTRA HOT,70.0,Manufacturing
Valiant Glass Works Pvt. Ltd.,CARE,NCD/Bond,B/A4,08-Dec-2025,199,MEDIUM,70.0,Other
G V P Infotech Ltd.,CARE,NCD/Bond,D,14-Aug-2025,315,HOT,70.0,IT/Technology
G L S Films Inds. Pvt. Ltd.,CARE,NCD/Bond,D,02-Jun-2025,388,ULTRA HOT,69.75,Other
Shakti Polyweave Pvt. Ltd.,CARE,NCD/Bond,B+/A4,13-Aug-2025,316,HOT,69.6,Textiles
Sri Lakshmi Godavari Spinning Mills Pvt. Ltd.,CARE,NCD/Bond,D,05-Aug-2025,324,HOT,68.0,Textiles
Process Construction & Technical Services Pvt. Ltd.,CARE,NCD/Bond,D,09-Sep-2025,289,HOT,66.7,Construction
Ktex Nonwovens Pvt. Ltd.,CARE,NCD/Bond,BB/A4,24-Dec-2025,183,MEDIUM,65.0,Other
Preeti Buildcon Pvt. Ltd.,CARE,NCD/Bond,BB-/A4,11-Feb-2026,134,LOW,64.15,Construction
S S G Infratech Pvt. Ltd.,CARE,NCD/Bond,D,22-Dec-2025,185,MEDIUM,62.5,Construction
Ktex Nonwovens Pvt. Ltd.,CARE,NCD/Bond,BB/A4,24-Dec-2025,183,MEDIUM,62.48,Other
S K S Ispat & Power Ltd.,CARE,NCD/Bond,BB/A4,26-Sep-2025,272,HOT,62.0,Energy
R L Steels & Energy Ltd.,CARE,NCD/Bond,B+/A4,29-May-2025,392,ULTRA HOT,61.07,Steel & Metals
Vijai Electricals Ltd.,CARE,NCD/Bond,BB-/A4,10-Apr-2026,76,LOW,61.0,Energy
K K R Agro Mills Pvt. Ltd.,CARE,NCD/Bond,D,29-Jan-2026,147,LOW,60.5,Agro/Food
Ritzy Chemicals Pvt. Ltd.,CARE,NCD/Bond,D,07-Jan-2026,169,LOW,60.0,Chemicals/Pharma
Skipperseil Ltd.,CARE,NCD/Bond,BB-/A4,23-Feb-2026,122,LOW,60.0,Other
Vijay Solvex Ltd.,CARE,NCD/Bond,BB/A4,14-May-2025,407,ULTRA HOT,60.0,Other
Kadam & Kadam Jewelers Pvt. Ltd.,CARE,NCD/Bond,D,12-Nov-2025,225,MEDIUM,60.0,Jewellery/Gems
Fides Distribution Pvt. Ltd.,CARE,NCD/Bond,B-/A4,18-Nov-2025,219,MEDIUM,60.0,Trading/Exports
G L S Films Inds. Pvt. Ltd.,CARE,NCD/Bond,D,02-Jun-2025,388,ULTRA HOT,58.0,Other
Pragati Infra Solutions Pvt. Ltd.,CARE,NCD/Bond,BBB/A3+,25-Feb-2026,120,LOW,58.0,Construction
Anjali Labtech Ltd.,CARE,NCD/Bond,BB+/A4+,31-Jul-2025,329,HOT,56.5,Healthcare
Rishabh Constructions Pvt. Ltd.,CARE,NCD/Bond,D,21-May-2025,400,ULTRA HOT,56.24,Construction
Maschio Gaspardo India Pvt. Ltd.,CARE,NCD/Bond,BB+/A4+,04-Jul-2025,356,HOT,55.0,Other
Shrijee Lifestyle Pvt. Ltd.,CARE,NCD/Bond,BB+/A4+,05-Aug-2025,324,HOT,52.0,Other
Gensol Engineering Ltd.,CARE,NCD/Bond,D,20-Mar-2026,97,LOW,51.3,Manufacturing
Kuldeep Motors Pvt. Ltd.,CARE,NCD/Bond,BB/A4,02-Jan-2026,174,LOW,50.0,Automobiles
Jindal Futures Pvt. Ltd.,CARE,NCD/Bond,B-/A4,18-Sep-2025,280,HOT,50.0,Agro/Food
Stanadyne India Pvt. Ltd.,CARE,NCD/Bond,BB/A4,20-Nov-2025,217,MEDIUM,50.0,Other
I G W India Technologies Pvt. Ltd.,CARE,NCD/Bond,BBB+/A2,26-Dec-2025,181,MEDIUM,50.0,IT/Technology
Sri Pathy Associates Pvt. Ltd.,CARE,NCD/Bond,B-/A4,05-Sep-2025,293,HOT,50.0,Other
Deepak Vegpro Pvt. Ltd.,CARE,NCD/Bond,BB/A4,14-May-2025,407,ULTRA HOT,50.0,Other
Ashish Ship Breakers Pvt. Ltd.,CARE,NCD/Bond,B+/A4,09-Sep-2025,289,HOT,50.0,Other
Vimal Coal Pvt. Ltd.,CARE,NCD/Bond,BB-/A4,16-Apr-2026,70,LOW,50.0,Energy
Dembla Valves Ltd.,CARE,NCD/Bond,BB+/A4+,19-Mar-2026,98,LOW,49.5,Other
Feedback Energy Distribution Co. Ltd.,CARE,NCD/Bond,D,13-Jun-2025,377,ULTRA HOT,49.0,Energy
Vikram Roller Flour Mills Ltd.,CARE,NCD/Bond,B-/A4,29-Apr-2026,57,LOW,47.5,Agro/Food
Shree Shankar Vijay Timber Exports Pvt. Ltd.,CARE,NCD/Bond,D,14-May-2025,407,ULTRA HOT,47.0,Logistics
Savair Energy Ltd.,CARE,NCD/Bond,D,09-Apr-2026,77,LOW,47.0,Energy
Space Wood Furnishers Pvt. Ltd.,CARE,NCD/Bond,BB+/A4+,01-Oct-2025,267,MEDIUM,46.5,Other
Bridge & Roof Co. (India) Ltd.,CARE,NCD/Bond,BB/A4,28-Jul-2025,332,HOT,46.3,Other
Astron Paper & Board Mill Ltd.,CARE,NCD/Bond,D,21-Jan-2026,155,LOW,46.0,Paper/Packaging
Vipul Motors Pvt. Ltd.,CARE,NCD/Bond,B/A4,22-Apr-2026,64,LOW,45.0,Automobiles
Jai Gopal Intl. Impex Pvt. Ltd.,CARE,NCD/Bond,A 4,08-Aug-2025,321,HOT,45.0,Other
Ram'S Assorted Cold Storage Ltd.,CARE,NCD/Bond,D,27-May-2025,394,ULTRA HOT,45.0,Other
Khedut Solvexp Pvt. Ltd.,CARE,NCD/Bond,B+/A4,03-Feb-2026,142,LOW,45.0,Other
New Modern Technomech Pvt. Ltd.,CARE,NCD/Bond,C/A4,21-Apr-2026,65,LOW,45.0,IT/Technology
C 5 Engineering Pvt. Ltd.,CARE,NCD/Bond,B+/A4,17-Oct-2025,251,MEDIUM,45.0,Manufacturing
Velko Infratek Projects Pvt. Ltd.,CARE,NCD/Bond,B+/A4,12-May-2025,409,ULTRA HOT,44.0,Construction
Viswaat Chemicals Ltd.,CARE,NCD/Bond,BB/A4,01-Dec-2025,206,MEDIUM,44.0,Chemicals/Pharma
Shrijee Lifestyle Pvt. Ltd.,CARE,NCD/Bond,BB+/A4+,05-Aug-2025,324,HOT,43.0,Other
Eldyne Electro-Systems Pvt. Ltd.,CARE,NCD/Bond,BB/A4,05-Nov-2025,232,MEDIUM,41.32,Other
Nutrient Marine Foods Ltd.,CARE,NCD/Bond,D,18-Mar-2026,99,LOW,40.0,Agro/Food
Kerafibertex International Pvt. Ltd.,CARE,NCD/Bond,BB/A4,05-Mar-2026,112,LOW,40.0,Textiles
B T W-Atlanta Transformers India Pvt. Ltd.,CARE,NCD/Bond,C/A4,26-Feb-2026,119,LOW,40.0,Other
Vimal Coal Pvt. Ltd.,CARE,NCD/Bond,BB-/A4,16-Apr-2026,70,LOW,39.96,Energy
Metcon India Realty & Infrastructure Pvt. Ltd.,CARE,NCD/Bond,B-/A4,05-Aug-2025,324,HOT,39.0,Construction
Advanced Computers & Mobiles India Pvt. Ltd.,CARE,NCD/Bond,D,29-Dec-2025,178,LOW,39.0,Other
Shri Jagdamba Polymers Ltd.,CARE,NCD/Bond,BB/A4,05-Jun-2025,385,ULTRA HOT,38.82,Chemicals/Pharma
Condor Footwear (India) Ltd.,CARE,NCD/Bond,BB-/A4,29-Sep-2025,269,MEDIUM,38.0,Other
Kumaran Filaments Pvt. Ltd.,CARE,NCD/Bond,BB-/A4,22-Sep-2025,276,HOT,38.0,Other
Reliance Commercial Finance Ltd.,CARE,NCD/Bond,PP-MLD D,27-Jan-2026,149,LOW,38.0,BFSI
Oriental Edumed Pvt. Ltd.,CARE,NCD/Bond,B/A4,26-Mar-2026,91,LOW,37.82,Other
U B Cotton Pvt. Ltd.,CARE,NCD/Bond,BB/A4,09-Jan-2026,167,LOW,37.0,Agro/Food
Vivaan Solar Pvt. Ltd.,CARE,NCD/Bond,B-/A4,15-Sep-2025,283,HOT,35.96,Energy
B T W-Atlanta Transformers India Pvt. Ltd.,CARE,NCD/Bond,C/A4,26-Feb-2026,119,LOW,35.0,Other
A K Infraprojects Pvt. Ltd.,CARE,NCD/Bond,BB-/A4,10-Jun-2025,380,ULTRA HOT,35.0,Construction
Dhan Steels Pvt. Ltd.,CARE,NCD/Bond,B/A4,08-May-2025,413,ULTRA HOT,35.0,Steel & Metals
Flash Forge Pvt. Ltd.,CARE,NCD/Bond,C/A4,07-Aug-2025,322,HOT,35.0,Other
Anamika Conductors Pvt. Ltd.,CARE,NCD/Bond,D,10-Nov-2025,227,MEDIUM,35.0,Other
Premier Plasmotec Pvt. Ltd.,CARE,NCD/Bond,BBB-/A3,31-Mar-2026,86,LOW,35.0,Other
Infrastil Global Impex Pvt. Ltd.,CARE,NCD/Bond,B-/A4,22-Jul-2025,338,HOT,35.0,Construction
Knitcraft Apparels Intl. Pvt. Ltd.,CARE,NCD/Bond,D,11-Jun-2025,379,ULTRA HOT,35.0,Textiles
R M N Infrastructures Ltd.,CARE,NCD/Bond,BB+/A4+,31-Mar-2026,86,LOW,35.0,Construction
Alectrona Energy Pvt. Ltd.,CARE,NCD/Bond,D,20-Nov-2025,217,MEDIUM,35.0,Energy
Spansules Pharmatech Pvt. Ltd.,CARE,NCD/Bond,BB-/A4,27-Apr-2026,59,LOW,34.63,Chemicals/Pharma
Tara Tarini Constructions Pvt. Ltd.,CARE,NCD/Bond,BB/A4,03-Feb-2026,142,LOW,34.38,Construction
Oriilon India Pvt. Ltd.,CARE,NCD/Bond,BB/A4,20-Jan-2026,156,LOW,34.18,Other
Pyrotech Workspace Solutions Pvt. Ltd.,CARE,NCD/Bond,BBB/A3+,30-Jan-2026,146,LOW,34.0,IT/Technology
Paper Vantage Point Pvt. Ltd.,CARE,NCD/Bond,BB-/A4,05-Sep-2025,293,HOT,33.85,Paper/Packaging
Agile Security Force Pvt. Ltd.,CARE,NCD/Bond,BB+/A4+,08-Aug-2025,321,HOT,33.0,Other
Mittapally Agro Products Pvt. Ltd.,CARE,NCD/Bond,D,14-Apr-2026,72,LOW,32.5,Agro/Food
Central India Engg. Pvt. Ltd.,CARE,NCD/Bond,BB/A4,27-Mar-2026,90,LOW,32.32,Other
Translite Energy Ltd.,CARE,NCD/Bond,BB+/A4+,23-Jan-2026,153,LOW,32.0,Energy
P V Power Technologies Pvt. Ltd.,CARE,NCD/Bond,BB-/A4,06-Jun-2025,384,ULTRA HOT,31.6,Energy
A S Motors Pvt. Ltd.,CARE,NCD/Bond,BB-/A4,26-Mar-2026,91,LOW,30.29,Automobiles
Envirad Projects Pvt. Ltd.,CARE,NCD/Bond,B+/A4,23-Apr-2026,63,LOW,30.1,Other
Al-Saqib Exports Pvt. Ltd.,CARE,NCD/Bond,D,23-Sep-2025,275,HOT,30.0,Logistics
Siri Constructions Infrastructure Pvt. Ltd.,CARE,NCD/Bond,B/A4,19-Feb-2026,126,LOW,30.0,Construction
Harman Rice Pvt. Ltd.,CARE,NCD/Bond,D,10-Jun-2025,380,ULTRA HOT,30.0,Agro/Food
Ashish Vessel Demolition Pvt. Ltd.,CARE,NCD/Bond,B-/A4,29-Jan-2026,147,LOW,30.0,Other
Supreme & Co. Pvt. Ltd.,CARE,NCD/Bond,D,04-Jul-2025,356,HOT,30.0,Other
Seguro Foundations & Structures Pvt. Ltd.,CARE,NCD/Bond,D,24-Dec-2025,183,MEDIUM,30.0,Other
Bahl Builders Pvt. Ltd.,CARE,NCD/Bond,BB-/A4,30-Apr-2026,56,LOW,30.0,Construction
R Y Midas Alluminiums Pvt. Ltd.,CARE,NCD/Bond,D,06-Oct-2025,262,MEDIUM,29.0,Other
Mectech Process Engineers Pvt. Ltd.,CARE,NCD/Bond,BB+/A4+,19-Sep-2025,279,HOT,29.0,Manufacturing
Krishna Buildestates Pvt. Ltd.,CARE,NCD/Bond,BBB/A3+,26-Mar-2026,91,LOW,28.5,Construction
Dali & Samir Engg. Pvt. Ltd.,CARE,NCD/Bond,BB+/A4+,01-Oct-2025,267,MEDIUM,28.22,Agro/Food
Oswal Lumbers Pvt. Ltd.,CARE,NCD/Bond,B/A4,10-Apr-2026,76,LOW,27.0,Other
Mangal Electrical Inds. Ltd.,CARE,NCD/Bond,B+/A4,20-Jun-2025,370,ULTRA HOT,26.25,Energy
Meena Agency Ltd.,CARE,NCD/Bond,BB+/A4+,30-Mar-2026,87,LOW,26.0,Other
Balar Synthetics Pvt. Ltd.,CARE,NCD/Bond,BB-/A4,09-Jul-2025,351,HOT,25.0,Other
Sarvani Tradelink Pvt. Ltd.,CARE,NCD/Bond,B+/A4,09-Dec-2025,198,MEDIUM,25.0,Paper/Packaging
Crest Merchandise Pvt. Ltd.,CARE,NCD/Bond,B-/A4,28-Jul-2025,332,HOT,25.0,Other
Crescent Auto Repairs & Services India Pvt. Ltd.,CARE,NCD/Bond,B-/A4,09-Sep-2025,289,HOT,25.0,Automobiles
Asia Pacific Resources Pvt. Ltd.,CARE,NCD/Bond,B-/A4,28-Jul-2025,332,HOT,25.0,Other
Shri Vaari Electricals Pvt. Ltd.,CARE,NCD/Bond,BB-/A4,10-Nov-2025,227,MEDIUM,25.0,Energy
Gensol Engineering Ltd.,CARE,NCD/Bond,D,20-Mar-2026,97,LOW,25.0,Manufacturing
Finolex J-Power Systems Ltd.,CARE,NCD/Bond,B+/A4,04-Jun-2025,386,ULTRA HOT,25.0,Energy
E M T Megatherm Pvt. Ltd.,CARE,NCD/Bond,D,25-Aug-2025,304,HOT,25.0,Other
R S Fuel Pvt. Ltd.,CARE,NCD/Bond,BB-/A4,15-May-2025,406,ULTRA HOT,25.0,Energy
Kimiya Engineers Pvt. Ltd.,CARE,NCD/Bond,D,18-Feb-2026,127,LOW,25.0,Manufacturing
Kerafibertex International Pvt. Ltd.,CARE,NCD/Bond,BB/A4,05-Mar-2026,112,LOW,25.0,Textiles
Swift Securitas Pvt. Ltd.,CARE,NCD/Bond,BBB-/A3,26-Feb-2026,119,LOW,24.35,Other
Spansules Formulations India Pvt. Ltd.,CARE,NCD/Bond,BB-/A4,27-Apr-2026,59,LOW,24.13,Other
Spg Infraprojects Ltd.,CARE,NCD/Bond,BB+/A4+,31-Oct-2025,237,MEDIUM,24.0,Construction
Deem Construction Co. Pvt. Ltd.,CARE,NCD/Bond,D,26-Nov-2025,211,MEDIUM,24.0,Construction
Uttarakhand Engineering Products Pvt. Ltd.,CARE,NCD/Bond,B+/A4,12-Jan-2026,164,LOW,24.0,Manufacturing
Castings Dynamics Ltd.,CARE,NCD/Bond,D,20-Nov-2025,217,MEDIUM,23.5,Steel & Metals
Al-Faheem Meatex Pvt. Ltd.,CARE,NCD/Bond,B-/A4,26-Sep-2025,272,HOT,23.0,Other
Rajda Industries & Export Pvt. Ltd.,CARE,NCD/Bond,B/A4,07-Aug-2025,322,HOT,22.0,Logistics
Survi Projects Pvt. Ltd.,CARE,NCD/Bond,B+/A4,10-Oct-2025,258,MEDIUM,22.0,Other
Satrac Engineering Pvt. Ltd.,CARE,NCD/Bond,BB/A4,16-Sep-2025,282,HOT,21.5,Manufacturing
Turbhe Chemicals Pvt. Ltd.,CARE,NCD/Bond,B+/A4,01-Dec-2025,206,MEDIUM,21.0,Chemicals/Pharma
Medipol Pharmaceutical India Pvt. Ltd.,CARE,NCD/Bond,BB-/A4,26-Mar-2026,91,LOW,20.5,Chemicals/Pharma
Bombay Super Hybrid Seeds Ltd.,CARE,NCD/Bond,BBB-/A3,25-Mar-2026,92,LOW,20.0,Agro/Food
B E Contracts Pvt. Ltd.,CARE,NCD/Bond,B/A4,22-Dec-2025,185,MEDIUM,20.0,Other
Design & Manufacturing Vista Electronics Pvt. Ltd.,CARE,NCD/Bond,BBB/A3,06-Apr-2026,80,LOW,20.0,Manufacturing
Pan Intellecom Ltd.,CARE,NCD/Bond,B+/A4,25-Jul-2025,335,HOT,20.0,Other
Somi Conveyor Beltings Ltd.,CARE,NCD/Bond,BB-/A4,06-Jun-2025,384,ULTRA HOT,20.0,Steel & Metals
Eneroil Offshore Drilling Ltd.,CARE,NCD/Bond,BB-/A4,20-Mar-2026,97,LOW,20.0,Energy
Trisquare Switchgears Pvt. Ltd.,CARE,NCD/Bond,BB-/A4,28-Apr-2026,58,LOW,20.0,Other
Svasca Industries (India) Ltd.,CARE,NCD/Bond,B-/A4,30-Oct-2025,238,MEDIUM,20.0,Other
Sophisticated Industrial Materials Analytic Labs Pvt. Ltd.,CARE,NCD/Bond,B/A4,13-Jun-2025,377,ULTRA HOT,20.0,Manufacturing
Inventive Software Solutions Pvt. Ltd.,CARE,NCD/Bond,BB+/A4+,10-Mar-2026,107,LOW,20.0,IT/Technology
Premier Plasmotec Pvt. Ltd.,CARE,NCD/Bond,BBB-/A3,31-Mar-2026,86,LOW,20.0,Other
S P G V Petrochem (India) Pvt. Ltd.,CARE,NCD/Bond,D,13-Apr-2026,73,LOW,20.0,Chemicals/Pharma
Techno Global Services Pvt. Ltd.,CARE,NCD/Bond,BB-/A4,10-Oct-2025,258,MEDIUM,19.5,IT/Technology
Jimcap Electronics Pvt. Ltd.,CARE,NCD/Bond,BB/A4,11-Mar-2026,106,LOW,19.39,Other
P V Power Technologies Pvt. Ltd.,CARE,NCD/Bond,BB-/A4,06-Jun-2025,384,ULTRA HOT,19.0,Energy
Madhu Industries Ltd.,CARE,NCD/Bond,B-/A4,06-Nov-2025,231,MEDIUM,19.0,Other
Sempertrans India Pvt. Ltd.,CARE,NCD/Bond,B/A4,07-Nov-2025,230,MEDIUM,19.0,Other
Bawa Float Glass Ltd.,CARE,NCD/Bond,BB+/A4+,06-Jan-2026,170,LOW,18.0,Other
A-I Enterprises Pvt. Ltd.,CARE,NCD/Bond,B-/A4,10-Nov-2025,227,MEDIUM,18.0,Other
Advanced Computers & Mobiles India Pvt. Ltd.,CARE,NCD/Bond,D,29-Dec-2025,178,LOW,18.0,Other
Noor Impex Pvt. Ltd.,CARE,NCD/Bond,D,16-Sep-2025,282,HOT,18.0,Other
Vista Information Systems Pvt. Ltd.,CARE,NCD/Bond,BBB/A3,06-Apr-2026,80,LOW,17.9,Other
M R L Tyres Ltd.,CARE,NCD/Bond,BBB/A3+,08-Aug-2025,321,HOT,17.0,Automobiles
Pab Organics Pvt. Ltd.,CARE,NCD/Bond,B+/A4,10-Jun-2025,380,ULTRA HOT,17.0,Other
M R L Tyres Ltd.,CARE,NCD/Bond,BB+/A4+,12-Feb-2026,133,LOW,17.0,Automobiles
B R Designs Pvt. Ltd.,CARE,NCD/Bond,D,11-Jul-2025,349,HOT,16.67,Other
Pes Installations Pvt. Ltd.,CARE,NCD/Bond,B+/A4,28-Nov-2025,209,MEDIUM,16.5,Other
Ideal Fastener (India) Pvt. Ltd.,CARE,NCD/Bond,BBB/A3+,29-Sep-2025,269,MEDIUM,16.0,Other
Western Coffee Curers & Exports Pvt. Ltd.,CARE,NCD/Bond,B+/A4,04-Nov-2025,233,MEDIUM,16.0,Agro/Food
Aimco Pesticides Ltd.,CARE,NCD/Bond,BB-/A4,06-Oct-2025,262,MEDIUM,16.0,Agro/Food
Parivartan Buildtech Pvt. Ltd.,CARE,NCD/Bond,D,20-Nov-2025,217,MEDIUM,15.05,Construction
Euro Safety Footwear (India) Ltd.,CARE,NCD/Bond,BB+/A4+,08-Dec-2025,199,MEDIUM,15.0,Other
West Coast Fine Foods (India) Pvt. Ltd.,CARE,NCD/Bond,D,06-May-2025,415,ULTRA HOT,15.0,Agro/Food
Matsya Automobiles Ltd.,CARE,NCD/Bond,B-/A4,14-May-2025,407,ULTRA HOT,15.0,Automobiles
Primuss Pipes & Tubes Ltd.,CARE,NCD/Bond,D,04-Sep-2025,294,HOT,15.0,Steel & Metals
Sparten Granito Pvt. Ltd.,CARE,NCD/Bond,B+/A4,13-Mar-2026,104,LOW,15.0,Other
Sidhant Creations Pvt. Ltd.,CARE,NCD/Bond,D,29-Oct-2025,239,MEDIUM,15.0,Other
Apurvakriti Infrastructure Pvt. Ltd.,CARE,NCD/Bond,B/A4,11-Aug-2025,318,HOT,15.0,Construction
Rajdhani Crafts Inds. Pvt. Ltd.,CARE,NCD/Bond,B-/A4,08-Dec-2025,199,MEDIUM,15.0,Other
Shreeya Peanuts Pvt. Ltd.,CARE,NCD/Bond,C/A4,07-Oct-2025,261,MEDIUM,15.0,Other
Rational Business Corpn. Pvt. Ltd.,CARE,NCD/Bond,B-/A4,11-Jul-2025,349,HOT,15.0,Other
Mahamaya Steel Inds. Ltd.,CARE,NCD/Bond,BB+/A4+,27-Nov-2025,210,MEDIUM,15.0,Steel & Metals
Ecron Acunova Ltd.,CARE,NCD/Bond,D,26-May-2025,395,ULTRA HOT,15.0,Other
Regen Infrastructure & Services Pvt. Ltd.,CARE,NCD/Bond,D,30-Jan-2026,146,LOW,15.0,Construction
Magadh Precision Equipment Ltd.,CARE,NCD/Bond,B/A4,07-Nov-2025,230,MEDIUM,15.0,Manufacturing
Crystal Autocars Pvt. Ltd.,CARE,NCD/Bond,BB-/A4,22-Sep-2025,276,HOT,15.0,Automobiles
Omshree Agro Tech Pvt. Ltd.,CARE,NCD/Bond,B+/A4,27-Jun-2025,363,HOT,15.0,Agro/Food
Gupta Hair Products Pvt. Ltd.,CARE,NCD/Bond,B-/A4,05-Dec-2025,202,MEDIUM,14.75,Other
Jayatma Industries Ltd.,CARE,NCD/Bond,C/A4,03-Jun-2025,387,ULTRA HOT,14.5,Other
Saluja Steel & Power Pvt. Ltd.,CARE,NCD/Bond,BB/A4,21-Jul-2025,339,HOT,14.15,Steel & Metals
Corodex Infrastructure Pvt. Ltd.,CARE,NCD/Bond,D,24-Apr-2026,62,LOW,14.0,Construction
Motor & General Sales Pvt. Ltd.,CARE,NCD/Bond,D,09-Jan-2026,167,LOW,14.0,Automobiles
Shiva Industrial Security Agency (Gujarat) Ltd.,CARE,NCD/Bond,D,27-Apr-2026,59,LOW,14.0,Manufacturing
Shubh Aluminium Pvt. Ltd.,CARE,NCD/Bond,C/A4,06-Feb-2026,139,LOW,14.0,Steel & Metals
Associated Industrial Furnaces Pvt. Ltd.,CARE,NCD/Bond,B-/A4,14-May-2025,407,ULTRA HOT,13.5,Manufacturing
Alleppey Company Ltd.,CARE,NCD/Bond,B-/A4,16-Oct-2025,252,MEDIUM,13.5,Other
Allchem Lifescience Ltd.,CARE,NCD/Bond,B+/A4,26-Sep-2025,272,HOT,13.5,Chemicals/Pharma
Ajay (India) Ltd.,CARE,NCD/Bond,B/A4,05-Feb-2026,140,LOW,13.5,Other
A S Motors Pvt. Ltd.,CARE,NCD/Bond,BB-/A4,26-Mar-2026,91,LOW,13.15,Automobiles
Osaw Indl. Products Pvt. Ltd.,CARE,NCD/Bond,B/A4,03-Jun-2025,387,ULTRA HOT,13.1,Other
Rai Metal Works Pvt. Ltd.,CARE,NCD/Bond,BB-/A4,30-May-2025,391,ULTRA HOT,13.0,Steel & Metals
Rawalwasia Textile Inds. Pvt. Ltd.,CARE,NCD/Bond,B-/A4,08-Apr-2026,78,LOW,13.0,Textiles
Pyrotech Workspace Solutions Pvt. Ltd.,CARE,NCD/Bond,BBB/A3+,30-Jan-2026,146,LOW,13.0,IT/Technology
Sai Surfactants Pvt. Ltd.,CARE,NCD/Bond,B+/A4,08-Jul-2025,352,HOT,13.0,Other
Aries Corporate Services Pvt. Ltd.,CARE,NCD/Bond,B-/A4,09-Apr-2026,77,LOW,13.0,Other
Amarpali Cylinders Pvt. Ltd.,CARE,NCD/Bond,B+/A4,12-Jan-2026,164,LOW,12.56,Other
Mangal Electrical Inds. Ltd.,CARE,NCD/Bond,B+/A4,20-Jun-2025,370,ULTRA HOT,12.5,Energy
Purvanchal Construction Works Pvt. Ltd.,CARE,NCD/Bond,B+/A4,03-Dec-2025,204,MEDIUM,12.3,Construction
Bhardwaj Overseas Pvt. Ltd.,CARE,NCD/Bond,BB-/A4,19-Jun-2025,371,ULTRA HOT,12.15,Other
Maxheal Pharmaceuticals (India) Ltd.,CARE,NCD/Bond,B-/A4,10-Mar-2026,107,LOW,12.0,Chemicals/Pharma
Troix Chemicals Pvt. Ltd.,CARE,NCD/Bond,C/A4,01-Jul-2025,359,HOT,12.0,Chemicals/Pharma
M N C Electricals Pvt. Ltd.,CARE,NCD/Bond,B-/A4,12-May-2025,409,ULTRA HOT,12.0,Energy
I G W India Technologies Pvt. Ltd.,CARE,NCD/Bond,BBB+/A2,26-Dec-2025,181,MEDIUM,12.0,IT/Technology
Milando Fashions Ltd.,CARE,NCD/Bond,B-/A4,11-Jul-2025,349,HOT,12.0,Textiles
Exclusive Steel & Casting Ltd.,CARE,NCD/Bond,B-/A4,12-Aug-2025,317,HOT,11.5,Steel & Metals
Onkar International Pvt. Ltd.,CARE,NCD/Bond,C/A4,06-May-2025,415,ULTRA HOT,11.0,Other
Pai-Aim Solder (India) Pvt. Ltd.,CARE,NCD/Bond,B+/A4,08-Jan-2026,168,LOW,11.0,Other
Sagar Metallics Pvt. Ltd.,CARE,NCD/Bond,B-/A4,12-Feb-2026,133,LOW,11.0,Steel & Metals
S K Petro Services Pvt. Ltd.,CARE,NCD/Bond,D,13-Mar-2026,104,LOW,11.0,Chemicals/Pharma
Vinayak International Housewares Pvt. Ltd.,CARE,NCD/Bond,A 4,29-Oct-2025,239,MEDIUM,10.5,Other
U M Green Lighting Pvt. Ltd.,CARE,NCD/Bond,D,04-Jul-2025,356,HOT,10.5,Steel & Metals
Pack Paper Agencies Pvt. Ltd.,CARE,NCD/Bond,B-/A4,16-Feb-2026,129,LOW,10.5,Paper/Packaging
Deep Wines & Agencies Pvt. Ltd.,CARE,NCD/Bond,BB-/A4,14-May-2025,407,ULTRA HOT,10.27,Other
Milton Industries Ltd.,CARE,NCD/Bond,B+/A4,04-Feb-2026,141,LOW,10.0,Other
Triveni Pattern Glass Pvt. Ltd.,CARE,NCD/Bond,BB/A4,20-Feb-2026,125,LOW,10.0,Other
Rajvir Industries Ltd.,CARE,NCD/Bond,D,04-Dec-2025,203,MEDIUM,10.0,Other
Keya Foods Intl. Pvt. Ltd.,CARE,NCD/Bond,BB-/A4,13-Apr-2026,73,LOW,10.0,Agro/Food
Fatehpuria Transformers & Switchgears Pvt. Ltd.,CARE,NCD/Bond,D,11-Sep-2025,287,HOT,10.0,Other
Nash Fashion (India) Ltd.,CARE,NCD/Bond,D,23-Sep-2025,275,HOT,10.0,Textiles
Medipol Pharmaceutical India Pvt. Ltd.,CARE,NCD/Bond,BB-/A4,26-Mar-2026,91,LOW,10.0,Chemicals/Pharma
Modi Naturals Ltd.,CARE,NCD/Bond,BB/A4,16-Jul-2025,344,HOT,10.0,Other
Aakash Exploration Services Ltd.,CARE,NCD/Bond,BB+/A4+,02-Jun-2025,388,ULTRA HOT,10.0,Other
Vimal Coal Pvt. Ltd.,CARE,NCD/Bond,BB-/A4,16-Apr-2026,70,LOW,10.0,Energy
Indian Additives Ltd.,CARE,NCD/Bond,AA/A1+,11-Feb-2026,134,LOW,10.0,Other
Agri-Best India Ltd.,CARE,NCD/Bond,D,29-Apr-2026,57,LOW,10.0,Other
General Optics (Asia) Ltd.,CARE,NCD/Bond,BB/A4,06-Nov-2025,231,MEDIUM,10.0,Other
23North Logistics Solutions Pvt. Ltd.,CARE,NCD/Bond,B-/A4,09-Sep-2025,289,HOT,10.0,Logistics
Devkiran Paper Mills Pvt. Ltd.,CARE,NCD/Bond,D,25-Sep-2025,273,HOT,9.78,Paper/Packaging
Suvarna Fibrotech Pvt. Ltd.,CARE,NCD/Bond,B-/A4,29-Jan-2026,147,LOW,9.75,IT/Technology
Sangotra Fashions Pvt. Ltd.,CARE,NCD/Bond,B-/A4,13-Oct-2025,255,MEDIUM,9.5,Textiles
Eminent Dealers Pvt. Ltd.,CARE,NCD/Bond,B+/A4,16-May-2025,405,ULTRA HOT,9.5,Trading/Exports
Softel Solutions Pvt. Ltd.,CARE,NCD/Bond,B/A4,17-Jul-2025,343,HOT,9.36,Other
Rhino Lux Pvt. Ltd.,CARE,NCD/Bond,B-/A4,23-Dec-2025,184,MEDIUM,9.0,Other
Agrasen Iron & Steels Pvt. Ltd.,CARE,NCD/Bond,BB+/A4+,02-Dec-2025,205,MEDIUM,9.0,Steel & Metals
Ganpati Mega Builders (India) Pvt. Ltd.,CARE,NCD/Bond,D,09-Oct-2025,259,MEDIUM,9.0,Construction
Ganpati Mega Builders (India) Pvt. Ltd.,CARE,NCD/Bond,B/A4,13-May-2025,408,ULTRA HOT,9.0,Construction
Shreeji Woodcraft Pvt. Ltd.,CARE,NCD/Bond,B+/A4,05-Aug-2025,324,HOT,9.0,Other
Luker Electric Technologies Pvt. Ltd.,CARE,NCD/Bond,BBB/A3,08-Dec-2025,199,MEDIUM,9.0,Energy
Star Engineers (India) Pvt. Ltd.,CARE,NCD/Bond,BB/A4,10-Apr-2026,76,LOW,9.0,Manufacturing
Narayani Coke Pvt. Ltd.,CARE,NCD/Bond,BB+/A4+,01-Dec-2025,206,MEDIUM,9.0,Other
Trimoorty Foamtech Ltd.,CARE,NCD/Bond,B-/A4,17-Oct-2025,251,MEDIUM,9.0,IT/Technology
Narayani Coke Pvt. Ltd.,CARE,NCD/Bond,BBB/A3+,05-Jun-2025,385,ULTRA HOT,9.0,Other
Iscon Craft Paper Mill Pvt. Ltd.,CARE,NCD/Bond,B-/A4,07-May-2025,414,ULTRA HOT,8.75,Paper/Packaging
Relemac Technologies Pvt. Ltd.,CARE,NCD/Bond,A 4,10-Apr-2026,76,LOW,8.5,IT/Technology
Machine Tools (India) Ltd.,CARE,NCD/Bond,B-/A4,08-Apr-2026,78,LOW,8.5,Manufacturing
Advance Metering Technology Ltd.,CARE,NCD/Bond,C/A4,03-Jun-2025,387,ULTRA HOT,8.5,IT/Technology
Vesta Equipment Pvt. Ltd.,CARE,NCD/Bond,D,26-May-2025,395,ULTRA HOT,8.5,Manufacturing
Eneroil Offshore Drilling Ltd.,CARE,NCD/Bond,BB-/A4,20-Mar-2026,97,LOW,8.5,Energy
Alfa Flexitubes Pvt. Ltd.,CARE,NCD/Bond,B-/A4,08-Apr-2026,78,LOW,8.5,Steel & Metals
Lall Steels Pvt. Ltd.,CARE,NCD/Bond,BB-/A4,03-Jul-2025,357,HOT,8.11,Steel & Metals
Eternal Motors Pvt. Ltd.,CARE,NCD/Bond,D,08-Sep-2025,290,HOT,8.0,Automobiles
Asha Enterprises Pvt. Ltd.,CARE,NCD/Bond,B-/A4,12-Feb-2026,133,LOW,8.0,Other
Airtravel Enterprises India Ltd.,CARE,NCD/Bond,D,28-Jan-2026,148,LOW,8.0,Hotels/Tourism
Sai Industries Pvt. Ltd.,CARE,NCD/Bond,B+/A4,23-Jul-2025,337,HOT,8.0,Other
Sotefin Bharat Ltd.,CARE,NCD/Bond,B+/A4,10-Jun-2025,380,ULTRA HOT,8.0,Other
Mayur Leather Products Ltd.,CARE,NCD/Bond,D,04-Jul-2025,356,HOT,8.0,Other
Bagpoly International Pvt. Ltd.,CARE,NCD/Bond,B-/A4,13-Apr-2026,73,LOW,7.8,Other
Varidhi Cotspin Pvt. Ltd.,CARE,NCD/Bond,D,13-Oct-2025,255,MEDIUM,7.5,Other
B L Mehta Constructions Pvt. Ltd.,CARE,NCD/Bond,B-/A4,24-Sep-2025,274,HOT,7.5,Construction
Lord Shiva Construction Co. Pvt. Ltd.,CARE,NCD/Bond,D,03-Nov-2025,234,MEDIUM,7.5,Construction
Haryana Conductors Pvt. Ltd.,CARE,NCD/Bond,B-/A4,23-Jan-2026,153,LOW,7.5,Other
M B E Coal & Mineral Technology India Pvt. Ltd.,CARE,NCD/Bond,D,15-Jul-2025,345,HOT,7.5,Energy
Aakash Exploration Services Ltd.,CARE,NCD/Bond,BB+/A4+,02-Jun-2025,388,ULTRA HOT,7.5,Other
Sobti Infratech Ltd.,CARE,NCD/Bond,BB+/A4+,18-Aug-2025,311,HOT,7.46,Construction
Millennium Babycares Pvt. Ltd.,CARE,NCD/Bond,B-/A4,24-Feb-2026,121,LOW,7.0,Other
Rawmet Resources Pvt. Ltd.,CARE,NCD/Bond,BB-/A4,27-Apr-2026,59,LOW,7.0,Other
Sohn Steel Pvt. Ltd.,CARE,NCD/Bond,B-/A4,30-Oct-2025,238,MEDIUM,7.0,Steel & Metals
Vapi Care Pharma Pvt. Ltd.,CARE,NCD/Bond,BB+/A4+,16-Oct-2025,252,MEDIUM,7.0,Chemicals/Pharma
V S P International Pvt. Ltd.,CARE,NCD/Bond,B-/A4,29-Aug-2025,300,HOT,7.0,Other
Global Ispaat Pvt. Ltd.,CARE,NCD/Bond,B-/A4,18-Jul-2025,342,HOT,7.0,Other
Gupta Metal Sheets Ltd.,CARE,NCD/Bond,B-/A4,30-Sep-2025,268,MEDIUM,7.0,Steel & Metals
Borana Weaves Ltd.,CARE,NCD/Bond,BB+/A4+,26-Dec-2025,181,MEDIUM,7.0,Textiles
Adachi Natural Polymer Ltd.,CARE,NCD/Bond,B-/A4,01-Dec-2025,206,MEDIUM,6.5,Chemicals/Pharma
Shree Hari Infraprojects Pvt. Ltd.,CARE,NCD/Bond,BB/A4,16-Apr-2026,70,LOW,6.5,Construction
P M P Textiles Spg. Mills Ltd.,CARE,NCD/Bond,D,12-Jun-2025,378,ULTRA HOT,6.5,Construction
Cucku Enterprises Pvt. Ltd.,CARE,NCD/Bond,D,07-May-2025,414,ULTRA HOT,6.5,Other
Dwarka Gems Ltd.,CARE,NCD/Bond,B-/A4,26-Feb-2026,119,LOW,6.5,Jewellery/Gems
Shree Seco Pvt. Ltd.,CARE,NCD/Bond,B-/A4,03-Dec-2025,204,MEDIUM,6.5,Other
C-Tech Engineers Pvt. Ltd.,CARE,NCD/Bond,D,23-Jan-2026,153,LOW,6.42,Manufacturing
Talin International Pvt. Ltd.,CARE,NCD/Bond,D,13-Mar-2026,104,LOW,6.25,Other
Shree Shyam Sponge & Power Ltd.,CARE,NCD/Bond,B/A4,16-Jun-2025,374,ULTRA HOT,6.0,Energy
Telogica Ltd.,CARE,NCD/Bond,D,07-Aug-2025,322,HOT,6.0,Other
Sekhani Industries Pvt. Ltd.,CARE,NCD/Bond,B+/A4,09-Oct-2025,259,MEDIUM,6.0,Other
Banglore Polymers Pvt. Ltd.,CARE,NCD/Bond,C/A4,13-Jun-2025,377,ULTRA HOT,6.0,Chemicals/Pharma
Wellcare Oil Tools Pvt. Ltd.,CARE,NCD/Bond,B-/A4,14-Oct-2025,254,MEDIUM,6.0,Energy
Oil & Gas Plant Engineers (India) Pvt. Ltd.,CARE,NCD/Bond,B/A4,17-Sep-2025,281,HOT,6.0,Manufacturing
Friends Timber Pvt. Ltd.,CARE,NCD/Bond,B-/A4,19-Nov-2025,218,MEDIUM,6.0,Other
Alfa Flexitubes Pvt. Ltd.,CARE,NCD/Bond,B-/A4,08-Apr-2026,78,LOW,6.0,Steel & Metals
Classic Enterprises Pvt. Ltd.,CARE,NCD/Bond,B-/A4,09-Jan-2026,167,LOW,5.9,Other
J M V L P S Ltd.,CARE,NCD/Bond,D,16-Jul-2025,344,HOT,5.75,Other
Purv Flexipack Ltd.,CARE,NCD/Bond,B+/A4,01-Sep-2025,297,HOT,5.65,Other
Buildon Plasters Pvt. Ltd.,CARE,NCD/Bond,BB/A4,07-Jan-2026,169,LOW,5.5,Construction
Nash Fashion (India) Ltd.,CARE,NCD/Bond,D,23-Sep-2025,275,HOT,5.5,Textiles
Softel Solutions Pvt. Ltd.,CARE,NCD/Bond,B/A4,17-Jul-2025,343,HOT,5.4,Other
Sologres Granito Pvt. Ltd.,CARE,NCD/Bond,BB/A4,29-May-2025,392,ULTRA HOT,5.25,Other
Azeen Agro Pvt. Ltd.,CARE,NCD/Bond,B-/A4,17-Jun-2025,373,ULTRA HOT,5.01,Agro/Food
Condor Footwear Ltd.,CARE,NCD/Bond,B+/A4,29-Sep-2025,269,MEDIUM,5.0,Other
Fabworth Promoters Pvt. Ltd.,CARE,NCD/Bond,BB+/A4+,04-Nov-2025,233,MEDIUM,5.0,Other
Bahl Builders Pvt. Ltd.,CARE,NCD/Bond,BB-/A4,30-Apr-2026,56,LOW,5.0,Construction
Onkar International Pvt. Ltd.,CARE,NCD/Bond,C/A4,06-May-2025,415,ULTRA HOT,5.0,Other
Empire Alcobrev Pvt. Ltd.,CARE,NCD/Bond,B+/A4,23-Apr-2026,63,LOW,5.0,Other
Ensemble Infrastructure India Ltd.,CARE,NCD/Bond,B-/A4,25-Sep-2025,273,HOT,5.0,Construction
Asuti Trading Pvt. Ltd.,CARE,NCD/Bond,D,31-Jul-2025,329,HOT,5.0,Trading/Exports
Deem Construction Co. Pvt. Ltd.,CARE,NCD/Bond,D,26-Nov-2025,211,MEDIUM,5.0,Construction
Meta Tiles Pvt. Ltd.,CARE,NCD/Bond,D,20-Nov-2025,217,MEDIUM,5.0,Construction
Syndicate Wiper Systems Pvt. Ltd.,CARE,NCD/Bond,B-/A4,07-Oct-2025,261,MEDIUM,5.0,Other
Mohit Ispat Pvt. Ltd.,CARE,NCD/Bond,B-/A4,29-Oct-2025,239,MEDIUM,5.0,Other
Pyrotech Workspace Solutions Pvt. Ltd.,CARE,NCD/Bond,A 3+,30-Jan-2026,146,LOW,5.0,IT/Technology
Resurgent Power Projects Ltd.,CARE,NCD/Bond,D,09-Mar-2026,108,LOW,5.0,Energy
Traditional Gallery Pvt. Ltd.,CARE,NCD/Bond,B+/A4,07-May-2025,414,ULTRA HOT,5.0,Trading/Exports
Phoenix Structural & Engg. Pvt. Ltd.,CARE,NCD/Bond,B-/A4,06-Jun-2025,384,ULTRA HOT,5.0,Other
Tejas Agro Irrigation Systems Pvt. Ltd.,CARE,NCD/Bond,D,16-Jul-2025,344,HOT,5.0,Agro/Food
Thermotech Engineering (Pune) Pvt. Ltd.,CARE,NCD/Bond,B-/A4,08-May-2025,413,ULTRA HOT,5.0,Manufacturing
Syndicate Wiper Systems Pvt. Ltd.,CARE,NCD/Bond,B-/A4,07-Oct-2025,261,MEDIUM,5.0,Other
Metrro Waste Handling Pvt. Ltd.,CARE,NCD/Bond,BB/A4,25-Jul-2025,335,HOT,5.0,Other
Sai Surfactants Pvt. Ltd.,CARE,NCD/Bond,B+/A4,08-Jul-2025,352,HOT,5.0,Other
Sarvani Tradelink Pvt. Ltd.,CARE,NCD/Bond,B+/A4,09-Dec-2025,198,MEDIUM,5.0,Paper/Packaging
Sanauto Engineers (India) Pvt. Ltd.,CARE,NCD/Bond,BB-/A4,09-Feb-2026,136,LOW,5.0,Manufacturing
Singhal Commodities Pvt. Ltd.,CARE,NCD/Bond,B-/A4,03-Feb-2026,142,LOW,5.0,Other
Disruptive Health Solutions Pvt. Ltd.,CARE,NCD/Bond,B-/A4,06-Nov-2025,231,MEDIUM,5.0,Healthcare
Anabond Ltd.,CARE,NCD/Bond,BB/A4,07-Nov-2025,230,MEDIUM,5.0,Other
Aimco Pesticides Ltd.,CARE,NCD/Bond,BB-/A4,06-Oct-2025,262,MEDIUM,5.0,Agro/Food
C S H Power Himoinsa Pvt. Ltd.,CARE,NCD/Bond,A 4,10-Apr-2026,76,LOW,5.0,Energy
Envirad Projects Pvt. Ltd.,CARE,NCD/Bond,B+/A4,23-Apr-2026,63,LOW,4.9,Other
Apurvakriti Infrastructure Pvt. Ltd.,CARE,NCD/Bond,B/A4,11-Aug-2025,318,HOT,4.87,Construction
S P G V Petrochem (India) Pvt. Ltd.,CARE,NCD/Bond,D,13-Apr-2026,73,LOW,4.8,Chemicals/Pharma
Meta Tiles Pvt. Ltd.,CARE,NCD/Bond,D,20-Nov-2025,217,MEDIUM,4.7,Construction
Kapco Electric Pvt. Ltd.,CARE,NCD/Bond,C/A4,16-Sep-2025,282,HOT,4.5,Energy
Eminent Dealers Pvt. Ltd.,CARE,NCD/Bond,B+/A4,16-May-2025,405,ULTRA HOT,4.5,Trading/Exports
C M Auto Sales Pvt. Ltd.,CARE,NCD/Bond,B+/A4,23-Apr-2026,63,LOW,4.5,Automobiles
Biosynergy Lifecare Pvt. Ltd.,CARE,NCD/Bond,B-/A4,22-Aug-2025,307,HOT,4.4,Other
Bharat Electrodrives Pvt. Ltd.,CARE,NCD/Bond,BB+/A4+,05-Feb-2026,140,LOW,4.31,Other
Leopard Vitrified Pvt. Ltd.,CARE,NCD/Bond,B-/A4,17-Feb-2026,128,LOW,4.25,Other
Supermint Exports Pvt. Ltd.,CARE,NCD/Bond,B/A4,08-Apr-2026,78,LOW,4.11,Logistics
Pack Print Inds. (India) Pvt. Ltd.,CARE,NCD/Bond,BB/A4,27-Nov-2025,210,MEDIUM,4.0,Paper/Packaging
Madhav Cotex Pvt. Ltd.,CARE,NCD/Bond,A 4,18-Sep-2025,280,HOT,4.0,Other
Zulaikha Motors Pvt. Ltd.,CARE,NCD/Bond,D,12-Feb-2026,133,LOW,4.0,Automobiles
Accurate Gauging & Instruments Pvt. Ltd.,CARE,NCD/Bond,B/A4,21-Nov-2025,216,MEDIUM,4.0,Other
A-One Footarts Pvt. Ltd.,CARE,NCD/Bond,BBB/A3+,03-Oct-2025,265,MEDIUM,4.0,Other
R S K Industries Pvt. Ltd.,CARE,NCD/Bond,B-/A4,04-Mar-2026,113,LOW,4.0,Other
Meta Tiles Pvt. Ltd.,CARE,NCD/Bond,D,20-Nov-2025,217,MEDIUM,4.0,Construction
Rana Steels India Pvt. Ltd.,CARE,NCD/Bond,D,24-Sep-2025,274,HOT,4.0,Steel & Metals
Sachdev Food Products Pvt. Ltd.,CARE,NCD/Bond,B+/A4,07-Oct-2025,261,MEDIUM,4.0,Agro/Food
Hyper Filteration Pvt. Ltd.,CARE,NCD/Bond,B-/A4,05-Aug-2025,324,HOT,4.0,Other
Sanwariya Packaging Pvt. Ltd.,CARE,NCD/Bond,D,28-Jan-2026,148,LOW,4.0,Paper/Packaging
Jai Gears Pvt. Ltd.,CARE,NCD/Bond,B-/A4,07-Oct-2025,261,MEDIUM,4.0,Other
Ananya Engineering Pvt. Ltd.,CARE,NCD/Bond,B-/A4,06-Jan-2026,170,LOW,4.0,Manufacturing
Alpha Pacific Systems Pvt. Ltd.,CARE,NCD/Bond,B/A4,16-May-2025,405,ULTRA HOT,4.0,Other
Dwarka Gems Ltd.,CARE,NCD/Bond,B-/A4,26-Feb-2026,119,LOW,3.88,Jewellery/Gems
M S Support Services Ltd.,CARE,NCD/Bond,B-/A4,24-Apr-2026,62,LOW,3.75,Logistics
Anuspa Heritage Products Pvt. Ltd.,CARE,NCD/Bond,B+/A4,09-May-2025,412,ULTRA HOT,3.75,Other
Preeti Buildcon Pvt. Ltd.,CARE,NCD/Bond,BB-/A4,11-Feb-2026,134,LOW,3.74,Construction
Dirco Polymers Pvt. Ltd.,CARE,NCD/Bond,BB+/A4+,05-Jan-2026,171,LOW,3.51,Chemicals/Pharma
Manohar Lal Sarraf & Sons Jewellers Pvt. Ltd.,CARE,NCD/Bond,BB+/A4,02-Dec-2025,205,MEDIUM,3.5,Jewellery/Gems
Kniss Laboratories Pvt. Ltd.,CARE,NCD/Bond,D,15-Apr-2026,71,LOW,3.5,Healthcare
B D Security Ltd.,CARE,NCD/Bond,BB/A4,08-Dec-2025,199,MEDIUM,3.22,Other
Softel Solutions Pvt. Ltd.,CARE,NCD/Bond,B/A4,17-Jul-2025,343,HOT,3.08,Other
T K Precision Pvt. Ltd.,CARE,NCD/Bond,B+/A4,12-Mar-2026,105,LOW,3.0,Other
Madhur Knit Crafts Ltd.,CARE,NCD/Bond,B-/A4,13-May-2025,408,ULTRA HOT,3.0,Other
Traditional Gallery Pvt. Ltd.,CARE,NCD/Bond,B+/A4,07-May-2025,414,ULTRA HOT,3.0,Trading/Exports
Gowthami Solvent Oils Pvt. Ltd.,CARE,NCD/Bond,BB/A4,09-Jan-2026,167,LOW,3.0,Chemicals/Pharma
Banglore Polymers Pvt. Ltd.,CARE,NCD/Bond,C/A4,13-Jun-2025,377,ULTRA HOT,3.0,Chemicals/Pharma
Shri Ram Rubtech Pvt. Ltd.,CARE,NCD/Bond,B-/A4,11-Dec-2025,196,MEDIUM,3.0,IT/Technology
Gowthami Solvent Oils Pvt. Ltd.,CARE,NCD/Bond,BB/A4,09-Apr-2026,77,LOW,3.0,Chemicals/Pharma
Anlon Healthcare Ltd.,CARE,NCD/Bond,D,04-Feb-2026,141,LOW,3.0,Healthcare
Bhopal Tractors Pvt. Ltd.,CARE,NCD/Bond,B/A4,06-Aug-2025,323,HOT,3.0,Other
Indian Additives Ltd.,CARE,NCD/Bond,AA/A1+,11-Feb-2026,134,LOW,3.0,Other
Armour Steel Buildings India Pvt. Ltd.,CARE,NCD/Bond,B+/A4,12-Aug-2025,317,HOT,3.0,Steel & Metals
Viswaat Chemicals Ltd.,CARE,NCD/Bond,BB/A4,01-Dec-2025,206,MEDIUM,3.0,Chemicals/Pharma
George Maijo Automobiles Pvt. Ltd.,CARE,NCD/Bond,BB-/A4,16-Mar-2026,101,LOW,3.0,Automobiles
Rewa Leisure Pvt. Ltd.,CARE,NCD/Bond,D,29-Sep-2025,269,MEDIUM,3.0,Other
Haryana Conductors Pvt. Ltd.,CARE,NCD/Bond,B-/A4,23-Jan-2026,153,LOW,3.0,Other
Oil & Gas Plant Engineers (India) Pvt. Ltd.,CARE,NCD/Bond,B/A4,17-Sep-2025,281,HOT,3.0,Manufacturing
Natraj Electro Casting Pvt. Ltd.,CARE,NCD/Bond,B-/A4,14-Apr-2026,72,LOW,2.9,Steel & Metals
J M V L P S Ltd.,CARE,NCD/Bond,D,16-Jul-2025,344,HOT,2.9,Other
Fine Pac Structures Pvt. Ltd.,CARE,NCD/Bond,B-/A4,04-Dec-2025,203,MEDIUM,2.8,Other
E-Procurement Technologies Ltd.,CARE,NCD/Bond,B+/A4,23-Jul-2025,337,HOT,2.8,IT/Technology
Sekhani Industries Pvt. Ltd.,CARE,NCD/Bond,B+/A4,09-Oct-2025,259,MEDIUM,2.72,Other
Alleppey Company Ltd.,CARE,NCD/Bond,B-/A4,16-Oct-2025,252,MEDIUM,2.7,Other
Viraj Syntex Pvt. Ltd.,CARE,NCD/Bond,B+/A4,21-May-2025,400,ULTRA HOT,2.69,Other
Alfa-Therm Ltd.,CARE,NCD/Bond,B-/A4,01-Dec-2025,206,MEDIUM,2.67,Other
Libra International Ltd.,CARE,NCD/Bond,B/A4,04-May-2026,52,LOW,2.55,Other
Vapi Care Pharma Pvt. Ltd.,CARE,NCD/Bond,BB+/A4+,16-Oct-2025,252,MEDIUM,2.5,Chemicals/Pharma
Bend-N-Fab Engineering Pvt. Ltd.,CARE,NCD/Bond,B-/A4,01-Aug-2025,328,HOT,2.5,Manufacturing
Kapco Electric Pvt. Ltd.,CARE,NCD/Bond,C/A4,16-Sep-2025,282,HOT,2.5,Energy
Sun Agrifresh Inds. Pvt. Ltd.,CARE,NCD/Bond,D,29-Dec-2025,178,LOW,2.5,Other
Supreme Hydro Engg. Pvt. Ltd.,CARE,NCD/Bond,BBB+/A2,18-Feb-2026,127,LOW,2.5,Energy
Indian Additives Ltd.,CARE,NCD/Bond,AA/A1+,11-Feb-2026,134,LOW,2.5,Other
Smilax Laboratories Ltd.,CARE,NCD/Bond,BB/A4,06-Jan-2026,170,LOW,2.5,Healthcare
Ganesh Saw Mills Pvt. Ltd.,CARE,NCD/Bond,B-/A4,27-May-2025,394,ULTRA HOT,2.5,Other
Das Garage Pvt. Ltd.,CARE,NCD/Bond,B-/A4,23-Jul-2025,337,HOT,2.46,Other
Technobit Industries Pvt. Ltd.,CARE,NCD/Bond,B-/A4,17-Feb-2026,128,LOW,2.4,IT/Technology
Buds Tea Inds. Ltd.,CARE,NCD/Bond,D,31-Oct-2025,237,MEDIUM,2.0,Agro/Food
Excelsource International Pvt. Ltd.,CARE,NCD/Bond,B+/A4,22-Dec-2025,185,MEDIUM,2.0,Other
Patwari Electricals Pvt. Ltd.,CARE,NCD/Bond,C/A4,10-Jun-2025,380,ULTRA HOT,2.0,Energy
Ace Footmark Pvt. Ltd.,CARE,NCD/Bond,D,20-Feb-2026,125,LOW,2.0,Other
Phoenix Structural & Engg. Pvt. Ltd.,CARE,NCD/Bond,B-/A4,06-Jun-2025,384,ULTRA HOT,2.0,Other
Onkar International Pvt. Ltd.,CARE,NCD/Bond,C/A4,06-May-2025,415,ULTRA HOT,2.0,Other
Periwal Polymers Pvt. Ltd.,CARE,NCD/Bond,B-/A4,07-Aug-2025,322,HOT,2.0,Chemicals/Pharma
Pentech Metals Ltd.,CARE,NCD/Bond,D,30-Jul-2025,330,HOT,2.0,Steel & Metals
Kundana Techno Tex Pvt. Ltd.,CARE,NCD/Bond,BBB-/A3,07-Apr-2026,79,LOW,2.0,IT/Technology
Gujarat H Y-Spin Ltd.,CARE,NCD/Bond,D,12-Feb-2026,133,LOW,2.0,Other
Jagdamba Timbers Pvt. Ltd.,CARE,NCD/Bond,B-/A4,13-May-2025,408,ULTRA HOT,2.0,Other
V S P International Pvt. Ltd.,CARE,NCD/Bond,B-/A4,29-Aug-2025,300,HOT,2.0,Other
Bagkiya Constructions Pvt. Ltd.,CARE,NCD/Bond,B-/A4,10-Jun-2025,380,ULTRA HOT,2.0,Construction
Tiger Logistics (India) Ltd.,CARE,NCD/Bond,B/A4,10-Oct-2025,258,MEDIUM,2.0,Logistics
Tezpur Institute Of Medical Sciences Pvt. Ltd.,CARE,NCD/Bond,D,12-Feb-2026,133,LOW,2.0,Healthcare
Ganpati Moulders Pvt. Ltd.,CARE,NCD/Bond,B-/A4,25-Jun-2025,365,ULTRA HOT,1.88,Other
V K S-Gormi Udotgarh Corridor Pvt. Ltd.,CARE,NCD/Bond,B-/A4,11-Nov-2025,226,MEDIUM,1.76,Other
Paper Vantage Point Pvt. Ltd.,CARE,NCD/Bond,BB-/A4,05-Sep-2025,293,HOT,1.55,Paper/Packaging
Deneb & Pollux Tours & Travels Pvt. Ltd.,CARE,NCD/Bond,B-/A4,30-Jul-2025,330,HOT,1.5,Hotels/Tourism
Kishore Vadilal Pvt. Ltd.,CARE,NCD/Bond,B/A4,26-Nov-2025,211,MEDIUM,1.5,Other
Chintpurni Steels Pvt. Ltd.,CARE,NCD/Bond,B-/A4,19-Sep-2025,279,HOT,1.5,Steel & Metals
Poornima Handicrafts Pvt. Ltd.,CARE,NCD/Bond,B-/A4,13-Jun-2025,377,ULTRA HOT,1.5,Other
Kuber Casting Pvt. Ltd.,CARE,NCD/Bond,B-/A4,12-Feb-2026,133,LOW,1.5,Steel & Metals
Kiran Global Chems Ltd.,CARE,NCD/Bond,D,21-May-2025,400,ULTRA HOT,1.5,Chemicals/Pharma
Premium Laminators Pvt. Ltd.,CARE,NCD/Bond,B+/A4,02-Feb-2026,143,LOW,1.41,Other
Viraj Syntex Pvt. Ltd.,CARE,NCD/Bond,B+/A4,21-May-2025,400,ULTRA HOT,1.35,Other
Encore Projects Pvt. Ltd.,CARE,NCD/Bond,B-/A4,08-Apr-2026,78,LOW,1.35,Other
Pes Installations Pvt. Ltd.,CARE,NCD/Bond,B+/A4,28-Nov-2025,209,MEDIUM,1.33,Other
Arti Silk Mills Pvt. Ltd.,CARE,NCD/Bond,B/A4,12-Jan-2026,164,LOW,1.25,Textiles
Pooja Cotspin Pvt. Ltd.,CARE,NCD/Bond,B+/A4,09-Oct-2025,259,MEDIUM,1.07,Other
Caprihans India Ltd.,CARE,NCD/Bond,B+/A4,19-May-2025,402,ULTRA HOT,1.0,Other
Caprihans India Ltd.,CARE,NCD/Bond,B/A4,12-Mar-2026,105,LOW,1.0,Other
Aditi Infrabuild & Services Ltd.,CARE,NCD/Bond,B-/A4,05-Aug-2025,324,HOT,1.0,Construction
Greatwall Corporate Services Pvt. Ltd.,CARE,NCD/Bond,D,26-Nov-2025,211,MEDIUM,1.0,Other
K B K Biotech Pvt. Ltd.,CARE,NCD/Bond,BB/A4,02-Apr-2026,84,LOW,1.0,Healthcare
G K B Lens Pvt. Ltd.,CARE,NCD/Bond,BB-/A4,04-Aug-2025,325,HOT,1.0,Other
Pan Intellecom Ltd.,CARE,NCD/Bond,B+/A4,25-Jul-2025,335,HOT,1.0,Other
Fenasia Ltd.,CARE,NCD/Bond,A 4,17-Dec-2025,190,MEDIUM,1.0,Other
Periwal Polymers Pvt. Ltd.,CARE,NCD/Bond,B-/A4,07-Aug-2025,322,HOT,1.0,Chemicals/Pharma
Marvelous Metals Pvt. Ltd.,CARE,NCD/Bond,D,21-Nov-2025,216,MEDIUM,1.0,Steel & Metals
Paramount Blankets Pvt. Ltd.,CARE,NCD/Bond,D,29-Apr-2026,57,LOW,1.0,Other
P S Bedi & Co. Pvt. Ltd.,CARE,NCD/Bond,B-/A4,03-Oct-2025,265,MEDIUM,1.0,Other
Crescent Auto Repairs & Services India Pvt. Ltd.,CARE,NCD/Bond,B-/A4,09-Sep-2025,289,HOT,0.75,Automobiles
Panchwati Prayogshala Pvt. Ltd.,CARE,NCD/Bond,B/A4,22-Jul-2025,338,HOT,0.73,Other
Kapilansh Dhatu Udyog Pvt. Ltd.,CARE,NCD/Bond,B+/A4,14-Oct-2025,254,MEDIUM,0.68,Other
Harsh Polyfabric Pvt. Ltd.,CARE,NCD/Bond,B-/A4,11-Aug-2025,318,HOT,0.6,Textiles
Cenosphere India Pvt. Ltd.,CARE,NCD/Bond,B/A4,28-May-2025,393,ULTRA HOT,0.5,Other
Clrk Industries Pvt. Ltd.,CARE,NCD/Bond,BB-/A4,22-Apr-2026,64,LOW,0.5,Other
Meena Agency Ltd.,CARE,NCD/Bond,BB+/A4+,30-Mar-2026,87,LOW,0.5,Other
Madhu Industries Ltd.,CARE,NCD/Bond,B-/A4,06-Nov-2025,231,MEDIUM,0.5,Other
Kanak Pipe Inds. Pvt. Ltd.,CARE,NCD/Bond,B-/A4,13-Oct-2025,255,MEDIUM,0.5,Steel & Metals
K B S C Auto Pvt. Ltd.,CARE,NCD/Bond,B+/A4,28-Apr-2026,58,LOW,0.5,Automobiles
Motor & General Sales Pvt. Ltd.,CARE,NCD/Bond,D,09-Jan-2026,167,LOW,0.5,Automobiles
Rangoli Industries Pvt. Ltd.,CARE,NCD/Bond,B-/A4,31-Oct-2025,237,MEDIUM,0.43,Other
Usha Yarns Ltd.,CARE,NCD/Bond,B+/A4,29-Sep-2025,269,MEDIUM,0.42,Textiles
Nidhi Auto Pvt. Ltd.,CARE,NCD/Bond,B-/A4,11-Dec-2025,196,MEDIUM,0.3,Automobiles
Technobit Industries Pvt. Ltd.,CARE,NCD/Bond,B-/A4,17-Feb-2026,128,LOW,0.25,IT/Technology
Climax Overseas Pvt. Ltd.,CARE,NCD/Bond,D,21-Jul-2025,339,HOT,0.25,Other
Surya Wires Pvt. Ltd.,CARE,NCD/Bond,D,05-Feb-2026,140,LOW,0.25,Steel & Metals
Ezentech India Pvt. Ltd.,CARE,NCD/Bond,B-/A4,27-Jan-2026,149,LOW,0.24,IT/Technology
Mahajan Fabrics Pvt. Ltd.,CARE,NCD/Bond,B-/A4,11-Dec-2025,196,MEDIUM,0.21,Textiles
Sai Industries Pvt. Ltd.,CARE,NCD/Bond,B+/A4,23-Jul-2025,337,HOT,0.2,Other
Sai Shreeja Cars Pvt. Ltd.,CARE,NCD/Bond,B+/A4,14-May-2025,407,ULTRA HOT,0.2,Other
Vinayak Ultraflex Pvt. Ltd.,CARE,NCD/Bond,B-/A4,31-Oct-2025,237,MEDIUM,0.15,Other
Bagpoly International Pvt. Ltd.,CARE,NCD/Bond,B-/A4,13-Apr-2026,73,LOW,0.15,Other
P V Power Technologies Pvt. Ltd.,CARE,NCD/Bond,BB-/A4,06-Jun-2025,384,ULTRA HOT,0.14,Energy
Sanauto Engineers (India) Pvt. Ltd.,CARE,NCD/Bond,BB-/A4,09-Feb-2026,136,LOW,0.13,Manufacturing
Ashiana Manufacturing India Ltd.,CARE,NCD/Bond,B/A4,30-Jul-2025,330,HOT,0.01,Manufacturing
B N R Infrastructure Projects Pvt. Ltd.,CARE,NCD/Bond,BB/A4,17-Mar-2026,100,LOW,,Construction
Durga Krishna Store Pvt. Ltd.,CARE,NCD/Bond,B+/A4,24-Sep-2025,274,HOT,,Other
Essem Auto Electricals Pvt. Ltd.,CARE,NCD/Bond,BB+/A4,08-Apr-2026,78,LOW,,Energy
Euro Safety Footwear (India) Ltd.,CARE,NCD/Bond,BB+/A4+,05-Jan-2026,171,LOW,,Other
Gainwell Engineering Pvt. Ltd.,CARE,NCD/Bond,BB+/A4,02-Jun-2025,388,ULTRA HOT,,Manufacturing
Goel International Pvt. Ltd.,CARE,NCD/Bond,BBB-/A3,15-Sep-2025,283,HOT,,Other
Omnitech Engineering Ltd.,CARE,NCD/Bond,BBB-/A3,07-Apr-2026,79,LOW,,Manufacturing
Quippo Oil & Gas Infrastructure Ltd.,CARE,NCD/Bond,C/A4,13-Nov-2025,224,MEDIUM,,Construction
R L Steels & Energy Ltd.,CARE,NCD/Bond,D,03-Sep-2025,295,HOT,,Steel & Metals
Vikran Engineering Ltd.,CARE,NCD/Bond,BB-/A4,28-Jan-2026,148,LOW,,Manufacturing
