Company Name,Agency,Instrument Type,Rating,Rating Date,Current Urgency,Q1_Month,Escalation_Date,Amt_num,Sector,NCD_Flag,Source,Why Target,ACER Pitch Angle,Amount_Display
L & W Construction Pvt. Ltd.,ICRA,NCD/Bond,BB+/A4+,2026-03-31,LOW/MEDIUM,Mar 2027,2027-03-31,1830.0,Construction,NCD — SEBI License Required,D365,INC rating hits ULTRA HOT on 2027-03-31 — prime Q1 2027 renewal target,Your NCD/Bond at ICRA goes critical in Mar 2027. Start ACER process in Sep 2026 — before the Q1 rush.,₹1830.0 Cr
Cloudtail India Pvt. Ltd.,ICRA,NCD/Bond,B+/A4,2026-03-31,LOW/MEDIUM,Mar 2027,2027-03-31,1750.0,Other,NCD — SEBI License Required,D365,INC rating hits ULTRA HOT on 2027-03-31 — prime Q1 2027 renewal target,Your NCD/Bond at ICRA goes critical in Mar 2027. Start ACER process in Sep 2026 — before the Q1 rush.,₹1750.0 Cr
Nandan Petrochem Ltd.,ICRA,NCD/Bond,BB+/A4+,2026-03-20,LOW/MEDIUM,Mar 2027,2027-03-20,245.0,Chemicals/Pharma,NCD — SEBI License Required,D365,INC rating hits ULTRA HOT on 2027-03-20 — prime Q1 2027 renewal target,Your NCD/Bond at ICRA goes critical in Mar 2027. Start ACER process in Sep 2026 — before the Q1 rush.,₹245.0 Cr
J G Hosiery Pvt. Ltd.,ICRA,NCD/Bond,A/A2+,2025-12-23,HOT,Dec 2026,2026-12-23,230.0,Other,NCD — SEBI License Required,D365,INC rating hits ULTRA HOT on 2026-12-23 — prime Q1 2027 renewal target,Your NCD/Bond at ICRA goes critical in Dec 2026. Start ACER process in Sep 2026 — before the Q1 rush.,₹230.0 Cr
L & W Building Solutions Pvt. Ltd.,ICRA,NCD/Bond,BB+/A4+,2026-03-31,LOW/MEDIUM,Mar 2027,2027-03-31,205.0,Construction,NCD — SEBI License Required,D365,INC rating hits ULTRA HOT on 2027-03-31 — prime Q1 2027 renewal target,Your NCD/Bond at ICRA goes critical in Mar 2027. Start ACER process in Sep 2026 — before the Q1 rush.,₹205.0 Cr
Machino Plastics Ltd.,ICRA,Term Loan,BB+,2026-03-11,LOW/MEDIUM,Mar 2027,2027-03-11,162.2,Chemicals/Pharma,Standard,D365,INC rating hits ULTRA HOT on 2027-03-11 — prime Q1 2027 renewal target,Your Term Loan at ICRA goes critical in Mar 2027. Start ACER process in Sep 2026 — before the Q1 rush.,₹162.2 Cr
Sterling Distillers Pvt. Ltd.,ICRA,Term Loan,BB+,2026-03-19,LOW/MEDIUM,Mar 2027,2027-03-19,150.0,Other,Standard,D365,INC rating hits ULTRA HOT on 2027-03-19 — prime Q1 2027 renewal target,Your Term Loan at ICRA goes critical in Mar 2027. Start ACER process in Sep 2026 — before the Q1 rush.,₹150.0 Cr
Gina Engineering Co. Pvt. Ltd.,ICRA,NCD/Bond,BB+/A4+,2026-03-19,LOW/MEDIUM,Mar 2027,2027-03-19,130.0,Manufacturing,NCD — SEBI License Required,D365,INC rating hits ULTRA HOT on 2027-03-19 — prime Q1 2027 renewal target,Your NCD/Bond at ICRA goes critical in Mar 2027. Start ACER process in Sep 2026 — before the Q1 rush.,₹130.0 Cr
Davariya Brothers Pvt. Ltd.,ICRA,NCD/Bond,B+/A4,2026-03-30,LOW/MEDIUM,Mar 2027,2027-03-30,115.19,Other,NCD — SEBI License Required,D365,INC rating hits ULTRA HOT on 2027-03-30 — prime Q1 2027 renewal target,Your NCD/Bond at ICRA goes critical in Mar 2027. Start ACER process in Sep 2026 — before the Q1 rush.,₹115.2 Cr
Therapiva Pvt. Ltd.,ICRA,Term Loan,B-,2026-03-20,LOW/MEDIUM,Mar 2027,2027-03-20,103.8,Other,Standard,D365,INC rating hits ULTRA HOT on 2027-03-20 — prime Q1 2027 renewal target,Your Term Loan at ICRA goes critical in Mar 2027. Start ACER process in Sep 2026 — before the Q1 rush.,₹103.8 Cr
Tenshi Kaizen Pvt. Ltd.,ICRA,Term Loan,B+,2026-03-30,LOW/MEDIUM,Mar 2027,2027-03-30,90.0,Other,Standard,D365,INC rating hits ULTRA HOT on 2027-03-30 — prime Q1 2027 renewal target,Your Term Loan at ICRA goes critical in Mar 2027. Start ACER process in Sep 2026 — before the Q1 rush.,₹90.0 Cr
Bird Airport Hotel Pvt. Ltd.,ICRA,Term Loan,B+,2025-12-08,HOT,Dec 2026,2026-12-08,82.18,Hotels/Tourism,Standard,D365,INC rating hits ULTRA HOT on 2026-12-08 — prime Q1 2027 renewal target,Your Term Loan at ICRA goes critical in Dec 2026. Start ACER process in Sep 2026 — before the Q1 rush.,₹82.2 Cr
J G Hosiery Pvt. Ltd.,ICRA,Fund-Based,A,2025-12-23,HOT,Dec 2026,2026-12-23,75.0,Other,Standard,D365,INC rating hits ULTRA HOT on 2026-12-23 — prime Q1 2027 renewal target,Your Fund-Based at ICRA goes critical in Dec 2026. Start ACER process in Sep 2026 — before the Q1 rush.,₹75.0 Cr
L & W Construction Pvt. Ltd.,ICRA,Term Loan,BB+,2026-03-31,LOW/MEDIUM,Mar 2027,2027-03-31,70.0,Construction,Standard,D365,INC rating hits ULTRA HOT on 2027-03-31 — prime Q1 2027 renewal target,Your Term Loan at ICRA goes critical in Mar 2027. Start ACER process in Sep 2026 — before the Q1 rush.,₹70.0 Cr
Rajsamadhiyala Spintex Pvt. Ltd.,ICRA,Term Loan,B,2025-12-30,LOW/MEDIUM,Dec 2026,2026-12-30,62.0,Other,Standard,D365,INC rating hits ULTRA HOT on 2026-12-30 — prime Q1 2027 renewal target,Your Term Loan at ICRA goes critical in Dec 2026. Start ACER process in Sep 2026 — before the Q1 rush.,₹62.0 Cr
V S Ferrous Enterprises Pvt. Ltd.,ICRA,NCD/Bond,B+,2026-03-12,LOW/MEDIUM,Mar 2027,2027-03-12,50.0,Other,NCD — SEBI License Required,D365,INC rating hits ULTRA HOT on 2027-03-12 — prime Q1 2027 renewal target,Your NCD/Bond at ICRA goes critical in Mar 2027. Start ACER process in Sep 2026 — before the Q1 rush.,₹50.0 Cr
Satyadeeptha Pharmaceuticals Ltd.,ICRA,Term Loan,BB+,2025-12-17,HOT,Dec 2026,2026-12-17,43.37,Chemicals/Pharma,Standard,D365,INC rating hits ULTRA HOT on 2026-12-17 — prime Q1 2027 renewal target,Your Term Loan at ICRA goes critical in Dec 2026. Start ACER process in Sep 2026 — before the Q1 rush.,₹43.4 Cr
Chowgule Industries Pvt. Ltd.,ICRA,NCD/Bond,BB+/A4+,2025-12-05,HOT,Dec 2026,2026-12-05,40.0,Other,NCD — SEBI License Required,D365,INC rating hits ULTRA HOT on 2026-12-05 — prime Q1 2027 renewal target,Your NCD/Bond at ICRA goes critical in Dec 2026. Start ACER process in Sep 2026 — before the Q1 rush.,₹40.0 Cr
J G Hosiery Pvt. Ltd.,ICRA,Term Loan,A,2025-12-23,HOT,Dec 2026,2026-12-23,36.73,Other,Standard,D365,INC rating hits ULTRA HOT on 2026-12-23 — prime Q1 2027 renewal target,Your Term Loan at ICRA goes critical in Dec 2026. Start ACER process in Sep 2026 — before the Q1 rush.,₹36.7 Cr
Yedeshwari Agro Products Ltd.,ICRA,Term Loan,B-,2026-03-30,LOW/MEDIUM,Mar 2027,2027-03-30,35.7,Agro/Food,Standard,D365,INC rating hits ULTRA HOT on 2027-03-30 — prime Q1 2027 renewal target,Your Term Loan at ICRA goes critical in Mar 2027. Start ACER process in Sep 2026 — before the Q1 rush.,₹35.7 Cr
Surajbhan Rajkumar Pvt. Ltd.,ICRA,NCD/Bond,B+/A4,2026-03-16,LOW/MEDIUM,Mar 2027,2027-03-16,35.0,Other,NCD — SEBI License Required,D365,INC rating hits ULTRA HOT on 2027-03-16 — prime Q1 2027 renewal target,Your NCD/Bond at ICRA goes critical in Mar 2027. Start ACER process in Sep 2026 — before the Q1 rush.,₹35.0 Cr
Rameswar Udyog Pvt. Ltd.,ICRA,Term Loan,B+,2025-12-12,HOT,Dec 2026,2026-12-12,34.0,Other,Standard,D365,INC rating hits ULTRA HOT on 2026-12-12 — prime Q1 2027 renewal target,Your Term Loan at ICRA goes critical in Dec 2026. Start ACER process in Sep 2026 — before the Q1 rush.,₹34.0 Cr
Metco Roof Pvt. Ltd.,ICRA,Term Loan,B+,2025-12-24,HOT,Dec 2026,2026-12-24,30.0,Other,Standard,D365,INC rating hits ULTRA HOT on 2026-12-24 — prime Q1 2027 renewal target,Your Term Loan at ICRA goes critical in Dec 2026. Start ACER process in Sep 2026 — before the Q1 rush.,₹30.0 Cr
Charoen Pokphand Seeds (India) Pvt. Ltd.,ICRA,Term Loan,B+,2026-03-24,LOW/MEDIUM,Mar 2027,2027-03-24,30.0,Other,Standard,D365,INC rating hits ULTRA HOT on 2027-03-24 — prime Q1 2027 renewal target,Your Term Loan at ICRA goes critical in Mar 2027. Start ACER process in Sep 2026 — before the Q1 rush.,₹30.0 Cr
Jell Pharmaceuticals Pvt. Ltd.,ICRA,Non-Fund-Based,A 4,2026-03-30,LOW/MEDIUM,Mar 2027,2027-03-30,30.0,Chemicals/Pharma,Standard,D365,INC rating hits ULTRA HOT on 2027-03-30 — prime Q1 2027 renewal target,Your Non-Fund-Based at ICRA goes critical in Mar 2027. Start ACER process in Sep 2026 — before the Q1 rush.,₹30.0 Cr
Savla Foods & Cold Storage Pvt. Ltd.,ICRA,NCD/Bond,BB+/A4+,2026-03-26,LOW/MEDIUM,Mar 2027,2027-03-26,29.39,Agro/Food,NCD — SEBI License Required,D365,INC rating hits ULTRA HOT on 2027-03-26 — prime Q1 2027 renewal target,Your NCD/Bond at ICRA goes critical in Mar 2027. Start ACER process in Sep 2026 — before the Q1 rush.,₹29.4 Cr
Metco Roof Pvt. Ltd.,ICRA,Non-Fund-Based,A 4,2025-12-24,HOT,Dec 2026,2026-12-24,26.0,Other,Standard,D365,INC rating hits ULTRA HOT on 2026-12-24 — prime Q1 2027 renewal target,Your Non-Fund-Based at ICRA goes critical in Dec 2026. Start ACER process in Sep 2026 — before the Q1 rush.,₹26.0 Cr
Dureza Granito Pvt. Ltd.,ICRA,Term Loan,B,2026-03-13,LOW/MEDIUM,Mar 2027,2027-03-13,25.0,Other,Standard,D365,INC rating hits ULTRA HOT on 2027-03-13 — prime Q1 2027 renewal target,Your Term Loan at ICRA goes critical in Mar 2027. Start ACER process in Sep 2026 — before the Q1 rush.,₹25.0 Cr
Tirumala Seven Hills Pvt. Ltd.,ICRA,Non-Fund-Based,A 4,2025-12-17,HOT,Dec 2026,2026-12-17,23.0,Other,Standard,D365,INC rating hits ULTRA HOT on 2026-12-17 — prime Q1 2027 renewal target,Your Non-Fund-Based at ICRA goes critical in Dec 2026. Start ACER process in Sep 2026 — before the Q1 rush.,₹23.0 Cr
Kwality Pharmaceuticals Ltd.,ICRA,Term Loan,B+,2025-12-05,HOT,Dec 2026,2026-12-05,22.0,Chemicals/Pharma,Standard,D365,INC rating hits ULTRA HOT on 2026-12-05 — prime Q1 2027 renewal target,Your Term Loan at ICRA goes critical in Dec 2026. Start ACER process in Sep 2026 — before the Q1 rush.,₹22.0 Cr
N G Fertilizers & Chemicals Pvt. Ltd.,ICRA,Term Loan,B+,2025-12-12,HOT,Dec 2026,2026-12-12,20.0,Chemicals/Pharma,Standard,D365,INC rating hits ULTRA HOT on 2026-12-12 — prime Q1 2027 renewal target,Your Term Loan at ICRA goes critical in Dec 2026. Start ACER process in Sep 2026 — before the Q1 rush.,₹20.0 Cr
Yash Exports (India) Pvt. Ltd.,ICRA,Term Loan,B+,2025-12-23,HOT,Dec 2026,2026-12-23,19.37,Other,Standard,D365,INC rating hits ULTRA HOT on 2026-12-23 — prime Q1 2027 renewal target,Your Term Loan at ICRA goes critical in Dec 2026. Start ACER process in Sep 2026 — before the Q1 rush.,₹19.4 Cr
Manishri Refractories & Ceramics Pvt. Ltd.,ICRA,Non-Fund-Based,A 4,2026-03-24,LOW/MEDIUM,Mar 2027,2027-03-24,19.0,Other,Standard,D365,INC rating hits ULTRA HOT on 2027-03-24 — prime Q1 2027 renewal target,Your Non-Fund-Based at ICRA goes critical in Mar 2027. Start ACER process in Sep 2026 — before the Q1 rush.,₹19.0 Cr
C D R Projects Pvt. Ltd.,ICRA,Non-Fund-Based,A 4,2025-12-24,HOT,Dec 2026,2026-12-24,18.75,Other,Standard,D365,INC rating hits ULTRA HOT on 2026-12-24 — prime Q1 2027 renewal target,Your Non-Fund-Based at ICRA goes critical in Dec 2026. Start ACER process in Sep 2026 — before the Q1 rush.,₹18.8 Cr
K B K Chem-Engineering Pvt. Ltd.,ICRA,Non-Fund-Based,A 4,2026-03-19,LOW/MEDIUM,Mar 2027,2027-03-19,17.0,Chemicals/Pharma,Standard,D365,INC rating hits ULTRA HOT on 2027-03-19 — prime Q1 2027 renewal target,Your Non-Fund-Based at ICRA goes critical in Mar 2027. Start ACER process in Sep 2026 — before the Q1 rush.,₹17.0 Cr
Mor Alloys Pvt. Ltd.,ICRA,NCD/Bond,B+/A4,2025-12-10,HOT,Dec 2026,2026-12-10,16.55,Steel & Metals,NCD — SEBI License Required,D365,INC rating hits ULTRA HOT on 2026-12-10 — prime Q1 2027 renewal target,Your NCD/Bond at ICRA goes critical in Dec 2026. Start ACER process in Sep 2026 — before the Q1 rush.,₹16.6 Cr
Merit Technologies India Ltd.,ICRA,Non-Fund-Based,A 4,2026-03-12,LOW/MEDIUM,Mar 2027,2027-03-12,16.0,IT/Technology,Standard,D365,INC rating hits ULTRA HOT on 2027-03-12 — prime Q1 2027 renewal target,Your Non-Fund-Based at ICRA goes critical in Mar 2027. Start ACER process in Sep 2026 — before the Q1 rush.,₹16.0 Cr
Magnolia Martinique Clothing Pvt. Ltd.,ICRA,Term Loan,B+,2025-12-10,HOT,Dec 2026,2026-12-10,15.0,Other,Standard,D365,INC rating hits ULTRA HOT on 2026-12-10 — prime Q1 2027 renewal target,Your Term Loan at ICRA goes critical in Dec 2026. Start ACER process in Sep 2026 — before the Q1 rush.,₹15.0 Cr
Unique Multi Films Virudhunagar Pvt. Ltd.,ICRA,Non-Fund-Based,A 4,2025-12-19,HOT,Dec 2026,2026-12-19,15.0,Other,Standard,D365,INC rating hits ULTRA HOT on 2026-12-19 — prime Q1 2027 renewal target,Your Non-Fund-Based at ICRA goes critical in Dec 2026. Start ACER process in Sep 2026 — before the Q1 rush.,₹15.0 Cr
Weener Empire Plastics Pvt. Ltd.,ICRA,NCD/Bond,B+/A4,2025-12-24,HOT,Dec 2026,2026-12-24,15.0,Chemicals/Pharma,NCD — SEBI License Required,D365,INC rating hits ULTRA HOT on 2026-12-24 — prime Q1 2027 renewal target,Your NCD/Bond at ICRA goes critical in Dec 2026. Start ACER process in Sep 2026 — before the Q1 rush.,₹15.0 Cr
Sahastraa Exports Pvt. Ltd.,ICRA,Non-Fund-Based,A 4,2025-12-26,HOT,Dec 2026,2026-12-26,15.0,Other,Standard,D365,INC rating hits ULTRA HOT on 2026-12-26 — prime Q1 2027 renewal target,Your Non-Fund-Based at ICRA goes critical in Dec 2026. Start ACER process in Sep 2026 — before the Q1 rush.,₹15.0 Cr
Grentex & Co. Pvt. Ltd.,ICRA,NCD/Bond,BB/A4+,2026-03-30,LOW/MEDIUM,Mar 2027,2027-03-30,15.0,Other,NCD — SEBI License Required,D365,INC rating hits ULTRA HOT on 2027-03-30 — prime Q1 2027 renewal target,Your NCD/Bond at ICRA goes critical in Mar 2027. Start ACER process in Sep 2026 — before the Q1 rush.,₹15.0 Cr
Prince Yarnn India Ltd.,ICRA,Term Loan,B+,2026-03-30,LOW/MEDIUM,Mar 2027,2027-03-30,12.81,Textiles,Standard,D365,INC rating hits ULTRA HOT on 2027-03-30 — prime Q1 2027 renewal target,Your Term Loan at ICRA goes critical in Mar 2027. Start ACER process in Sep 2026 — before the Q1 rush.,₹12.8 Cr
Strawberry Studio Exports Pvt. Ltd.,ICRA,NCD/Bond,B+/A4,2026-03-16,LOW/MEDIUM,Mar 2027,2027-03-16,12.7,Other,NCD — SEBI License Required,D365,INC rating hits ULTRA HOT on 2027-03-16 — prime Q1 2027 renewal target,Your NCD/Bond at ICRA goes critical in Mar 2027. Start ACER process in Sep 2026 — before the Q1 rush.,₹12.7 Cr
Shreegopal Gobind Agro Tech Pvt. Ltd.,ICRA,Term Loan,B+,2025-12-23,HOT,Dec 2026,2026-12-23,12.5,Agro/Food,Standard,D365,INC rating hits ULTRA HOT on 2026-12-23 — prime Q1 2027 renewal target,Your Term Loan at ICRA goes critical in Dec 2026. Start ACER process in Sep 2026 — before the Q1 rush.,₹12.5 Cr
Uni-Tech Automation Pvt. Ltd.,ICRA,Term Loan,B+,2025-12-22,HOT,Dec 2026,2026-12-22,12.0,Manufacturing,Standard,D365,INC rating hits ULTRA HOT on 2026-12-22 — prime Q1 2027 renewal target,Your Term Loan at ICRA goes critical in Dec 2026. Start ACER process in Sep 2026 — before the Q1 rush.,₹12.0 Cr
Ovis Equipments Pvt. Ltd.,ICRA,Non-Fund-Based,B+,2026-03-11,LOW/MEDIUM,Mar 2027,2027-03-11,11.0,Manufacturing,Standard,D365,INC rating hits ULTRA HOT on 2027-03-11 — prime Q1 2027 renewal target,Your Non-Fund-Based at ICRA goes critical in Mar 2027. Start ACER process in Sep 2026 — before the Q1 rush.,₹11.0 Cr
Jell Pharmaceuticals Pvt. Ltd.,ICRA,Fund-Based,A 4,2026-03-30,LOW/MEDIUM,Mar 2027,2027-03-30,10.75,Chemicals/Pharma,Standard,D365,INC rating hits ULTRA HOT on 2027-03-30 — prime Q1 2027 renewal target,Your Fund-Based at ICRA goes critical in Mar 2027. Start ACER process in Sep 2026 — before the Q1 rush.,₹10.8 Cr
Satyadeeptha Pharmaceuticals Ltd.,ICRA,Non-Fund-Based,A 4+,2025-12-17,HOT,Dec 2026,2026-12-17,10.0,Chemicals/Pharma,Standard,D365,INC rating hits ULTRA HOT on 2026-12-17 — prime Q1 2027 renewal target,Your Non-Fund-Based at ICRA goes critical in Dec 2026. Start ACER process in Sep 2026 — before the Q1 rush.,₹10.0 Cr
Agarwal Fastners Pvt. Ltd.,ICRA,Term Loan,B+,2026-03-13,LOW/MEDIUM,Mar 2027,2027-03-13,10.0,Other,Standard,D365,INC rating hits ULTRA HOT on 2027-03-13 — prime Q1 2027 renewal target,Your Term Loan at ICRA goes critical in Mar 2027. Start ACER process in Sep 2026 — before the Q1 rush.,₹10.0 Cr
Glitter Metals Pvt. Ltd.,ICRA,NCD/Bond,B+/A4,2026-03-18,LOW/MEDIUM,Mar 2027,2027-03-18,10.0,Steel & Metals,NCD — SEBI License Required,D365,INC rating hits ULTRA HOT on 2027-03-18 — prime Q1 2027 renewal target,Your NCD/Bond at ICRA goes critical in Mar 2027. Start ACER process in Sep 2026 — before the Q1 rush.,₹10.0 Cr
Rasi Electrodes Ltd.,ICRA,NCD/Bond,BB+/A4+,2026-03-30,LOW/MEDIUM,Mar 2027,2027-03-30,10.0,Other,NCD — SEBI License Required,D365,INC rating hits ULTRA HOT on 2027-03-30 — prime Q1 2027 renewal target,Your NCD/Bond at ICRA goes critical in Mar 2027. Start ACER process in Sep 2026 — before the Q1 rush.,₹10.0 Cr
Kwality Pharmaceuticals Ltd.,ICRA,NCD/Bond,B+/A4,2025-12-05,HOT,Dec 2026,2026-12-05,9.92,Chemicals/Pharma,NCD — SEBI License Required,D365,INC rating hits ULTRA HOT on 2026-12-05 — prime Q1 2027 renewal target,Your NCD/Bond at ICRA goes critical in Dec 2026. Start ACER process in Sep 2026 — before the Q1 rush.,₹9.9 Cr
Mangal Sponge & Steel Pvt. Ltd.,ICRA,Term Loan,B-,2026-03-20,LOW/MEDIUM,Mar 2027,2027-03-20,9.5,Steel & Metals,Standard,D365,INC rating hits ULTRA HOT on 2027-03-20 — prime Q1 2027 renewal target,Your Term Loan at ICRA goes critical in Mar 2027. Start ACER process in Sep 2026 — before the Q1 rush.,₹9.5 Cr
Kwality Pharmaceuticals Ltd.,ICRA,Non-Fund-Based,A 4,2025-12-05,HOT,Dec 2026,2026-12-05,9.0,Chemicals/Pharma,Standard,D365,INC rating hits ULTRA HOT on 2026-12-05 — prime Q1 2027 renewal target,Your Non-Fund-Based at ICRA goes critical in Dec 2026. Start ACER process in Sep 2026 — before the Q1 rush.,₹9.0 Cr
Uni-Tech Automation Pvt. Ltd.,ICRA,NCD/Bond,B+/A4,2025-12-22,HOT,Dec 2026,2026-12-22,9.0,Manufacturing,NCD — SEBI License Required,D365,INC rating hits ULTRA HOT on 2026-12-22 — prime Q1 2027 renewal target,Your NCD/Bond at ICRA goes critical in Dec 2026. Start ACER process in Sep 2026 — before the Q1 rush.,₹9.0 Cr
Flyjac Logistics Pvt. Ltd.,ICRA,NCD/Bond,A 1+,2025-12-11,HOT,Dec 2026,2026-12-11,8.5,Logistics,NCD — SEBI License Required,D365,INC rating hits ULTRA HOT on 2026-12-11 — prime Q1 2027 renewal target,Your NCD/Bond at ICRA goes critical in Dec 2026. Start ACER process in Sep 2026 — before the Q1 rush.,₹8.5 Cr
Shell Apparels Pvt. Ltd.,ICRA,Term Loan,B+,2025-12-30,LOW/MEDIUM,Dec 2026,2026-12-30,8.14,Textiles,Standard,D365,INC rating hits ULTRA HOT on 2026-12-30 — prime Q1 2027 renewal target,Your Term Loan at ICRA goes critical in Dec 2026. Start ACER process in Sep 2026 — before the Q1 rush.,₹8.1 Cr
Samkit Diamond Export Pvt. Ltd.,ICRA,NCD/Bond,B/A4,2025-12-17,HOT,Dec 2026,2026-12-17,8.0,Jewellery,NCD — SEBI License Required,D365,INC rating hits ULTRA HOT on 2026-12-17 — prime Q1 2027 renewal target,Your NCD/Bond at ICRA goes critical in Dec 2026. Start ACER process in Sep 2026 — before the Q1 rush.,₹8.0 Cr
Sadguru Medical & Research Centre Pvt. Ltd.,ICRA,Term Loan,B,2026-03-31,LOW/MEDIUM,Mar 2027,2027-03-31,7.9,Healthcare,Standard,D365,INC rating hits ULTRA HOT on 2027-03-31 — prime Q1 2027 renewal target,Your Term Loan at ICRA goes critical in Mar 2027. Start ACER process in Sep 2026 — before the Q1 rush.,₹7.9 Cr
Metco Roof Pvt. Ltd.,ICRA,NCD/Bond,B+/A4,2025-12-24,HOT,Dec 2026,2026-12-24,7.72,Other,NCD — SEBI License Required,D365,INC rating hits ULTRA HOT on 2026-12-24 — prime Q1 2027 renewal target,Your NCD/Bond at ICRA goes critical in Dec 2026. Start ACER process in Sep 2026 — before the Q1 rush.,₹7.7 Cr
Manishri Refractories & Ceramics Pvt. Ltd.,ICRA,Term Loan,B,2026-03-24,LOW/MEDIUM,Mar 2027,2027-03-24,7.67,Other,Standard,D365,INC rating hits ULTRA HOT on 2027-03-24 — prime Q1 2027 renewal target,Your Term Loan at ICRA goes critical in Mar 2027. Start ACER process in Sep 2026 — before the Q1 rush.,₹7.7 Cr
Mathuram Swastha Evam Shikshan Sansthan,ICRA,Term Loan,B+,2025-12-10,HOT,Dec 2026,2026-12-10,7.0,Other,Standard,D365,INC rating hits ULTRA HOT on 2026-12-10 — prime Q1 2027 renewal target,Your Term Loan at ICRA goes critical in Dec 2026. Start ACER process in Sep 2026 — before the Q1 rush.,₹7.0 Cr
L E Marble Gallery Pvt. Ltd.,ICRA,Non-Fund-Based,A 4,2026-03-18,LOW/MEDIUM,Mar 2027,2027-03-18,7.0,Mining,Standard,D365,INC rating hits ULTRA HOT on 2027-03-18 — prime Q1 2027 renewal target,Your Non-Fund-Based at ICRA goes critical in Mar 2027. Start ACER process in Sep 2026 — before the Q1 rush.,₹7.0 Cr
Savla Foods & Cold Storage Pvt. Ltd.,ICRA,Fund-Based,BB+,2026-03-26,LOW/MEDIUM,Mar 2027,2027-03-26,7.0,Agro/Food,Standard,D365,INC rating hits ULTRA HOT on 2027-03-26 — prime Q1 2027 renewal target,Your Fund-Based at ICRA goes critical in Mar 2027. Start ACER process in Sep 2026 — before the Q1 rush.,₹7.0 Cr
Marudhara Polypack Pvt. Ltd.,ICRA,Term Loan,B+,2025-12-10,HOT,Dec 2026,2026-12-10,6.25,Other,Standard,D365,INC rating hits ULTRA HOT on 2026-12-10 — prime Q1 2027 renewal target,Your Term Loan at ICRA goes critical in Dec 2026. Start ACER process in Sep 2026 — before the Q1 rush.,₹6.2 Cr
Millenium Exim Pvt. Ltd.,ICRA,NCD/Bond,B/A4,2025-12-08,HOT,Dec 2026,2026-12-08,6.21,Agro/Food,NCD — SEBI License Required,D365,INC rating hits ULTRA HOT on 2026-12-08 — prime Q1 2027 renewal target,Your NCD/Bond at ICRA goes critical in Dec 2026. Start ACER process in Sep 2026 — before the Q1 rush.,₹6.2 Cr
V V C Motors Pvt. Ltd.,ICRA,Non-Fund-Based,A 4,2025-12-19,HOT,Dec 2026,2026-12-19,6.0,Other,Standard,D365,INC rating hits ULTRA HOT on 2026-12-19 — prime Q1 2027 renewal target,Your Non-Fund-Based at ICRA goes critical in Dec 2026. Start ACER process in Sep 2026 — before the Q1 rush.,₹6.0 Cr
Sharpline Automation Pvt. Ltd.,ICRA,Non-Fund-Based,A 4,2025-12-26,HOT,Dec 2026,2026-12-26,6.0,Manufacturing,Standard,D365,INC rating hits ULTRA HOT on 2026-12-26 — prime Q1 2027 renewal target,Your Non-Fund-Based at ICRA goes critical in Dec 2026. Start ACER process in Sep 2026 — before the Q1 rush.,₹6.0 Cr
Siddarth Organisation Ltd.,ICRA,NCD/Bond,C/A4,2026-03-09,LOW/MEDIUM,Mar 2027,2027-03-09,5.8,Other,NCD — SEBI License Required,D365,INC rating hits ULTRA HOT on 2027-03-09 — prime Q1 2027 renewal target,Your NCD/Bond at ICRA goes critical in Mar 2027. Start ACER process in Sep 2026 — before the Q1 rush.,₹5.8 Cr
Satyadeeptha Pharmaceuticals Ltd.,ICRA,NCD/Bond,BB+/A4+,2025-12-17,HOT,Dec 2026,2026-12-17,5.63,Chemicals/Pharma,NCD — SEBI License Required,D365,INC rating hits ULTRA HOT on 2026-12-17 — prime Q1 2027 renewal target,Your NCD/Bond at ICRA goes critical in Dec 2026. Start ACER process in Sep 2026 — before the Q1 rush.,₹5.6 Cr
Champion Commercial Co. Ltd.,ICRA,Non-Fund-Based,A 4,2025-12-05,HOT,Dec 2026,2026-12-05,5.5,Other,Standard,D365,INC rating hits ULTRA HOT on 2026-12-05 — prime Q1 2027 renewal target,Your Non-Fund-Based at ICRA goes critical in Dec 2026. Start ACER process in Sep 2026 — before the Q1 rush.,₹5.5 Cr
Dugar Polymers Ltd.,ICRA,Non-Fund-Based,A 4,2025-12-18,HOT,Dec 2026,2026-12-18,5.5,Chemicals/Pharma,Standard,D365,INC rating hits ULTRA HOT on 2026-12-18 — prime Q1 2027 renewal target,Your Non-Fund-Based at ICRA goes critical in Dec 2026. Start ACER process in Sep 2026 — before the Q1 rush.,₹5.5 Cr
Sterling Distillers Pvt. Ltd.,ICRA,Bank Guarantee,BB+,2026-03-19,LOW/MEDIUM,Mar 2027,2027-03-19,5.5,Other,Standard,D365,INC rating hits ULTRA HOT on 2027-03-19 — prime Q1 2027 renewal target,Your Bank Guarantee at ICRA goes critical in Mar 2027. Start ACER process in Sep 2026 — before the Q1 rush.,₹5.5 Cr
C D R Projects Pvt. Ltd.,ICRA,NCD/Bond,B+/A4,2025-12-24,HOT,Dec 2026,2026-12-24,5.04,Other,NCD — SEBI License Required,D365,INC rating hits ULTRA HOT on 2026-12-24 — prime Q1 2027 renewal target,Your NCD/Bond at ICRA goes critical in Dec 2026. Start ACER process in Sep 2026 — before the Q1 rush.,₹5.0 Cr
Pearson Drums & Barrels Pvt. Ltd.,ICRA,Non-Fund-Based,A 4,2025-12-08,HOT,Dec 2026,2026-12-08,5.0,Other,Standard,D365,INC rating hits ULTRA HOT on 2026-12-08 — prime Q1 2027 renewal target,Your Non-Fund-Based at ICRA goes critical in Dec 2026. Start ACER process in Sep 2026 — before the Q1 rush.,₹5.0 Cr
Jayaraj Fortune Packaging Pvt. Ltd.,ICRA,Non-Fund-Based,A 4,2025-12-11,HOT,Dec 2026,2026-12-11,5.0,Paper/Packaging,Standard,D365,INC rating hits ULTRA HOT on 2026-12-11 — prime Q1 2027 renewal target,Your Non-Fund-Based at ICRA goes critical in Dec 2026. Start ACER process in Sep 2026 — before the Q1 rush.,₹5.0 Cr
Relcom Technology Pvt. Ltd.,ICRA,Term Loan,B,2025-12-24,HOT,Dec 2026,2026-12-24,5.0,IT/Technology,Standard,D365,INC rating hits ULTRA HOT on 2026-12-24 — prime Q1 2027 renewal target,Your Term Loan at ICRA goes critical in Dec 2026. Start ACER process in Sep 2026 — before the Q1 rush.,₹5.0 Cr
S M L P G Cylinders Pvt. Ltd.,ICRA,Non-Fund-Based,A 4,2025-12-26,HOT,Dec 2026,2026-12-26,5.0,Other,Standard,D365,INC rating hits ULTRA HOT on 2026-12-26 — prime Q1 2027 renewal target,Your Non-Fund-Based at ICRA goes critical in Dec 2026. Start ACER process in Sep 2026 — before the Q1 rush.,₹5.0 Cr
Machino Plastics Ltd.,ICRA,NCD/Bond,BB+/A4+,2026-03-11,LOW/MEDIUM,Mar 2027,2027-03-11,5.0,Chemicals/Pharma,NCD — SEBI License Required,D365,INC rating hits ULTRA HOT on 2027-03-11 — prime Q1 2027 renewal target,Your NCD/Bond at ICRA goes critical in Mar 2027. Start ACER process in Sep 2026 — before the Q1 rush.,₹5.0 Cr
Meenar Polydyed Yarns Ltd.,ICRA,Term Loan,B+,2026-03-25,LOW/MEDIUM,Mar 2027,2027-03-25,5.0,Textiles,Standard,D365,INC rating hits ULTRA HOT on 2027-03-25 — prime Q1 2027 renewal target,Your Term Loan at ICRA goes critical in Mar 2027. Start ACER process in Sep 2026 — before the Q1 rush.,₹5.0 Cr
Memon Health Care Pvt. Ltd.,ICRA,Term Loan,B+,2025-12-22,HOT,Dec 2026,2026-12-22,4.07,Healthcare,Standard,D365,INC rating hits ULTRA HOT on 2026-12-22 — prime Q1 2027 renewal target,Your Term Loan at ICRA goes critical in Dec 2026. Start ACER process in Sep 2026 — before the Q1 rush.,₹4.1 Cr
Yash Exports (India) Pvt. Ltd.,ICRA,Term Loan,B+,2025-12-23,HOT,Dec 2026,2026-12-23,4.07,Other,Standard,D365,INC rating hits ULTRA HOT on 2026-12-23 — prime Q1 2027 renewal target,Your Term Loan at ICRA goes critical in Dec 2026. Start ACER process in Sep 2026 — before the Q1 rush.,₹4.1 Cr
Vishva Vishal Refractory Ltd.,ICRA,Non-Fund-Based,A 4,2025-12-17,HOT,Dec 2026,2026-12-17,4.0,Other,Standard,D365,INC rating hits ULTRA HOT on 2026-12-17 — prime Q1 2027 renewal target,Your Non-Fund-Based at ICRA goes critical in Dec 2026. Start ACER process in Sep 2026 — before the Q1 rush.,₹4.0 Cr
Agarwal Fastners Pvt. Ltd.,ICRA,Non-Fund-Based,A 4,2026-03-13,LOW/MEDIUM,Mar 2027,2027-03-13,4.0,Other,Standard,D365,INC rating hits ULTRA HOT on 2027-03-13 — prime Q1 2027 renewal target,Your Non-Fund-Based at ICRA goes critical in Mar 2027. Start ACER process in Sep 2026 — before the Q1 rush.,₹4.0 Cr
Rajsamadhiyala Spintex Pvt. Ltd.,ICRA,Non-Fund-Based,A 4,2025-12-30,LOW/MEDIUM,Dec 2026,2026-12-30,3.9,Other,Standard,D365,INC rating hits ULTRA HOT on 2026-12-30 — prime Q1 2027 renewal target,Your Non-Fund-Based at ICRA goes critical in Dec 2026. Start ACER process in Sep 2026 — before the Q1 rush.,₹3.9 Cr
K C Toolroom Pvt. Ltd.,ICRA,Term Loan,B+,2026-03-09,LOW/MEDIUM,Mar 2027,2027-03-09,3.8,Other,Standard,D365,INC rating hits ULTRA HOT on 2027-03-09 — prime Q1 2027 renewal target,Your Term Loan at ICRA goes critical in Mar 2027. Start ACER process in Sep 2026 — before the Q1 rush.,₹3.8 Cr
Manishri Refractories & Ceramics Pvt. Ltd.,ICRA,NCD/Bond,B/A4,2026-03-24,LOW/MEDIUM,Mar 2027,2027-03-24,3.73,Other,NCD — SEBI License Required,D365,INC rating hits ULTRA HOT on 2027-03-24 — prime Q1 2027 renewal target,Your NCD/Bond at ICRA goes critical in Mar 2027. Start ACER process in Sep 2026 — before the Q1 rush.,₹3.7 Cr
Pavan Cotton Products Pvt. Ltd.,ICRA,Term Loan,B,2025-12-17,HOT,Dec 2026,2026-12-17,3.64,Agro/Food,Standard,D365,INC rating hits ULTRA HOT on 2026-12-17 — prime Q1 2027 renewal target,Your Term Loan at ICRA goes critical in Dec 2026. Start ACER process in Sep 2026 — before the Q1 rush.,₹3.6 Cr
Sterling Distillers Pvt. Ltd.,ICRA,Non-Fund-Based,BB+,2026-03-19,LOW/MEDIUM,Mar 2027,2027-03-19,3.6,Other,Standard,D365,INC rating hits ULTRA HOT on 2027-03-19 — prime Q1 2027 renewal target,Your Non-Fund-Based at ICRA goes critical in Mar 2027. Start ACER process in Sep 2026 — before the Q1 rush.,₹3.6 Cr
Dureza Granito Pvt. Ltd.,ICRA,Non-Fund-Based,A 4,2026-03-13,LOW/MEDIUM,Mar 2027,2027-03-13,3.5,Other,Standard,D365,INC rating hits ULTRA HOT on 2027-03-13 — prime Q1 2027 renewal target,Your Non-Fund-Based at ICRA goes critical in Mar 2027. Start ACER process in Sep 2026 — before the Q1 rush.,₹3.5 Cr
Winfab Equipments Pvt. Ltd.,ICRA,Non-Fund-Based,A 4,2026-03-19,LOW/MEDIUM,Mar 2027,2027-03-19,3.5,Manufacturing,Standard,D365,INC rating hits ULTRA HOT on 2027-03-19 — prime Q1 2027 renewal target,Your Non-Fund-Based at ICRA goes critical in Mar 2027. Start ACER process in Sep 2026 — before the Q1 rush.,₹3.5 Cr
Memon Health Care Pvt. Ltd.,ICRA,NCD/Bond,B+/A4,2025-12-22,HOT,Dec 2026,2026-12-22,3.33,Healthcare,NCD — SEBI License Required,D365,INC rating hits ULTRA HOT on 2026-12-22 — prime Q1 2027 renewal target,Your NCD/Bond at ICRA goes critical in Dec 2026. Start ACER process in Sep 2026 — before the Q1 rush.,₹3.3 Cr
Savla Foods & Cold Storage Pvt. Ltd.,ICRA,Term Loan,BB+,2026-03-26,LOW/MEDIUM,Mar 2027,2027-03-26,3.11,Agro/Food,Standard,D365,INC rating hits ULTRA HOT on 2027-03-26 — prime Q1 2027 renewal target,Your Term Loan at ICRA goes critical in Mar 2027. Start ACER process in Sep 2026 — before the Q1 rush.,₹3.1 Cr
Yamuna Machine Works Ltd.,ICRA,Fund-Based,A 4,2026-03-11,LOW/MEDIUM,Mar 2027,2027-03-11,3.0,Manufacturing,Standard,D365,INC rating hits ULTRA HOT on 2027-03-11 — prime Q1 2027 renewal target,Your Fund-Based at ICRA goes critical in Mar 2027. Start ACER process in Sep 2026 — before the Q1 rush.,₹3.0 Cr
Manishri Refractories & Ceramics Pvt. Ltd.,ICRA,Fund-Based,A 4,2026-03-24,LOW/MEDIUM,Mar 2027,2027-03-24,3.0,Other,Standard,D365,INC rating hits ULTRA HOT on 2027-03-24 — prime Q1 2027 renewal target,Your Fund-Based at ICRA goes critical in Mar 2027. Start ACER process in Sep 2026 — before the Q1 rush.,₹3.0 Cr
Prince Yarnn India Ltd.,ICRA,Non-Fund-Based,A 4,2026-03-30,LOW/MEDIUM,Mar 2027,2027-03-30,3.0,Textiles,Standard,D365,INC rating hits ULTRA HOT on 2027-03-30 — prime Q1 2027 renewal target,Your Non-Fund-Based at ICRA goes critical in Mar 2027. Start ACER process in Sep 2026 — before the Q1 rush.,₹3.0 Cr
K P Saha Pvt. Ltd.,ICRA,Term Loan,B+,2025-12-10,HOT,Dec 2026,2026-12-10,2.69,Other,Standard,D365,INC rating hits ULTRA HOT on 2026-12-10 — prime Q1 2027 renewal target,Your Term Loan at ICRA goes critical in Dec 2026. Start ACER process in Sep 2026 — before the Q1 rush.,₹2.7 Cr
Dugar Polymers Ltd.,ICRA,Term Loan,B+,2025-12-18,HOT,Dec 2026,2026-12-18,2.59,Chemicals/Pharma,Standard,D365,INC rating hits ULTRA HOT on 2026-12-18 — prime Q1 2027 renewal target,Your Term Loan at ICRA goes critical in Dec 2026. Start ACER process in Sep 2026 — before the Q1 rush.,₹2.6 Cr
Millenium Exim Pvt. Ltd.,ICRA,Term Loan,B,2025-12-08,HOT,Dec 2026,2026-12-08,2.54,Agro/Food,Standard,D365,INC rating hits ULTRA HOT on 2026-12-08 — prime Q1 2027 renewal target,Your Term Loan at ICRA goes critical in Dec 2026. Start ACER process in Sep 2026 — before the Q1 rush.,₹2.5 Cr
Vishva Vishal Refractory Ltd.,ICRA,Term Loan,BB,2025-12-17,HOT,Dec 2026,2026-12-17,2.5,Other,Standard,D365,INC rating hits ULTRA HOT on 2026-12-17 — prime Q1 2027 renewal target,Your Term Loan at ICRA goes critical in Dec 2026. Start ACER process in Sep 2026 — before the Q1 rush.,₹2.5 Cr
Yash Exports (India) Pvt. Ltd.,ICRA,NCD/Bond,B+/A4,2025-12-23,HOT,Dec 2026,2026-12-23,2.42,Other,NCD — SEBI License Required,D365,INC rating hits ULTRA HOT on 2026-12-23 — prime Q1 2027 renewal target,Your NCD/Bond at ICRA goes critical in Dec 2026. Start ACER process in Sep 2026 — before the Q1 rush.,₹2.4 Cr
Yamuna Machine Works Ltd.,ICRA,Term Loan,B+,2026-03-11,LOW/MEDIUM,Mar 2027,2027-03-11,2.41,Manufacturing,Standard,D365,INC rating hits ULTRA HOT on 2027-03-11 — prime Q1 2027 renewal target,Your Term Loan at ICRA goes critical in Mar 2027. Start ACER process in Sep 2026 — before the Q1 rush.,₹2.4 Cr
Pearson Drums & Barrels Pvt. Ltd.,ICRA,Fund-Based,A 4,2025-12-08,HOT,Dec 2026,2026-12-08,2.4,Other,Standard,D365,INC rating hits ULTRA HOT on 2026-12-08 — prime Q1 2027 renewal target,Your Fund-Based at ICRA goes critical in Dec 2026. Start ACER process in Sep 2026 — before the Q1 rush.,₹2.4 Cr
Sivaani Agribusiness Pvt. Ltd.,ICRA,Term Loan,B+,2025-12-11,HOT,Dec 2026,2026-12-11,2.08,Other,Standard,D365,INC rating hits ULTRA HOT on 2026-12-11 — prime Q1 2027 renewal target,Your Term Loan at ICRA goes critical in Dec 2026. Start ACER process in Sep 2026 — before the Q1 rush.,₹2.1 Cr
Winner Nippon Leatherette Pvt. Ltd.,ICRA,NCD/Bond,B+/A4,2025-12-24,HOT,Dec 2026,2026-12-24,2.05,Other,NCD — SEBI License Required,D365,INC rating hits ULTRA HOT on 2026-12-24 — prime Q1 2027 renewal target,Your NCD/Bond at ICRA goes critical in Dec 2026. Start ACER process in Sep 2026 — before the Q1 rush.,₹2.0 Cr
Shell Apparels Pvt. Ltd.,ICRA,Non-Fund-Based,B+,2025-12-30,LOW/MEDIUM,Dec 2026,2026-12-30,2.01,Textiles,Standard,D365,INC rating hits ULTRA HOT on 2026-12-30 — prime Q1 2027 renewal target,Your Non-Fund-Based at ICRA goes critical in Dec 2026. Start ACER process in Sep 2026 — before the Q1 rush.,₹2.0 Cr
Grentex & Co. Pvt. Ltd.,ICRA,Non-Fund-Based,A 4+,2026-03-30,LOW/MEDIUM,Mar 2027,2027-03-30,2.0,Other,Standard,D365,INC rating hits ULTRA HOT on 2027-03-30 — prime Q1 2027 renewal target,Your Non-Fund-Based at ICRA goes critical in Mar 2027. Start ACER process in Sep 2026 — before the Q1 rush.,₹2.0 Cr
Prince Yarnn India Ltd.,ICRA,Fund-Based,B+,2026-03-30,LOW/MEDIUM,Mar 2027,2027-03-30,2.0,Textiles,Standard,D365,INC rating hits ULTRA HOT on 2027-03-30 — prime Q1 2027 renewal target,Your Fund-Based at ICRA goes critical in Mar 2027. Start ACER process in Sep 2026 — before the Q1 rush.,₹2.0 Cr
Pearson Drums & Barrels Pvt. Ltd.,ICRA,Term Loan,B+,2025-12-08,HOT,Dec 2026,2026-12-08,1.96,Other,Standard,D365,INC rating hits ULTRA HOT on 2026-12-08 — prime Q1 2027 renewal target,Your Term Loan at ICRA goes critical in Dec 2026. Start ACER process in Sep 2026 — before the Q1 rush.,₹2.0 Cr
Jay Bharat Spices Pvt. Ltd.,ICRA,Term Loan,B+,2026-03-30,LOW/MEDIUM,Mar 2027,2027-03-30,1.95,Agro/Food,Standard,D365,INC rating hits ULTRA HOT on 2027-03-30 — prime Q1 2027 renewal target,Your Term Loan at ICRA goes critical in Mar 2027. Start ACER process in Sep 2026 — before the Q1 rush.,₹1.9 Cr
Winner Nippon Leatherette Pvt. Ltd.,ICRA,Non-Fund-Based,A 4,2025-12-24,HOT,Dec 2026,2026-12-24,1.75,Other,Standard,D365,INC rating hits ULTRA HOT on 2026-12-24 — prime Q1 2027 renewal target,Your Non-Fund-Based at ICRA goes critical in Dec 2026. Start ACER process in Sep 2026 — before the Q1 rush.,₹1.8 Cr
Ami Riddhi Chem Pvt. Ltd.,ICRA,Non-Fund-Based,A 4,2026-03-19,LOW/MEDIUM,Mar 2027,2027-03-19,1.58,Chemicals/Pharma,Standard,D365,INC rating hits ULTRA HOT on 2027-03-19 — prime Q1 2027 renewal target,Your Non-Fund-Based at ICRA goes critical in Mar 2027. Start ACER process in Sep 2026 — before the Q1 rush.,₹1.6 Cr
Champion Commercial Co. Ltd.,ICRA,NCD/Bond,B+/A4,2025-12-05,HOT,Dec 2026,2026-12-05,1.5,Other,NCD — SEBI License Required,D365,INC rating hits ULTRA HOT on 2026-12-05 — prime Q1 2027 renewal target,Your NCD/Bond at ICRA goes critical in Dec 2026. Start ACER process in Sep 2026 — before the Q1 rush.,₹1.5 Cr
Flyjac Logistics Pvt. Ltd.,ICRA,NCD/Bond,A+/A1+,2025-12-11,HOT,Dec 2026,2026-12-11,1.5,Logistics,NCD — SEBI License Required,D365,INC rating hits ULTRA HOT on 2026-12-11 — prime Q1 2027 renewal target,Your NCD/Bond at ICRA goes critical in Dec 2026. Start ACER process in Sep 2026 — before the Q1 rush.,₹1.5 Cr
Active Char Products Pvt. Ltd.,ICRA,Term Loan,B+,2025-12-12,HOT,Dec 2026,2026-12-12,1.5,Other,Standard,D365,INC rating hits ULTRA HOT on 2026-12-12 — prime Q1 2027 renewal target,Your Term Loan at ICRA goes critical in Dec 2026. Start ACER process in Sep 2026 — before the Q1 rush.,₹1.5 Cr
Yamuna Machine Works Ltd.,ICRA,Non-Fund-Based,A 4,2026-03-11,LOW/MEDIUM,Mar 2027,2027-03-11,1.5,Manufacturing,Standard,D365,INC rating hits ULTRA HOT on 2027-03-11 — prime Q1 2027 renewal target,Your Non-Fund-Based at ICRA goes critical in Mar 2027. Start ACER process in Sep 2026 — before the Q1 rush.,₹1.5 Cr
N B Cotex Pvt. Ltd.,ICRA,Term Loan,B,2026-03-25,LOW/MEDIUM,Mar 2027,2027-03-25,1.49,Other,Standard,D365,INC rating hits ULTRA HOT on 2027-03-25 — prime Q1 2027 renewal target,Your Term Loan at ICRA goes critical in Mar 2027. Start ACER process in Sep 2026 — before the Q1 rush.,₹1.5 Cr
Winner Nippon Leatherette Pvt. Ltd.,ICRA,Term Loan,B+,2025-12-24,HOT,Dec 2026,2026-12-24,1.45,Other,Standard,D365,INC rating hits ULTRA HOT on 2026-12-24 — prime Q1 2027 renewal target,Your Term Loan at ICRA goes critical in Dec 2026. Start ACER process in Sep 2026 — before the Q1 rush.,₹1.4 Cr
Krishna Transnational Marbles Pvt. Ltd.,ICRA,Non-Fund-Based,A 4,2026-03-25,LOW/MEDIUM,Mar 2027,2027-03-25,1.3,Mining,Standard,D365,INC rating hits ULTRA HOT on 2027-03-25 — prime Q1 2027 renewal target,Your Non-Fund-Based at ICRA goes critical in Mar 2027. Start ACER process in Sep 2026 — before the Q1 rush.,₹1.3 Cr
Sharpline Automation Pvt. Ltd.,ICRA,Term Loan,B-,2025-12-26,HOT,Dec 2026,2026-12-26,1.29,Manufacturing,Standard,D365,INC rating hits ULTRA HOT on 2026-12-26 — prime Q1 2027 renewal target,Your Term Loan at ICRA goes critical in Dec 2026. Start ACER process in Sep 2026 — before the Q1 rush.,₹1.3 Cr
Chayagraphics Healthcare Pvt. Ltd.,ICRA,Non-Fund-Based,A 4,2026-03-11,LOW/MEDIUM,Mar 2027,2027-03-11,1.25,Healthcare,Standard,D365,INC rating hits ULTRA HOT on 2027-03-11 — prime Q1 2027 renewal target,Your Non-Fund-Based at ICRA goes critical in Mar 2027. Start ACER process in Sep 2026 — before the Q1 rush.,₹1.2 Cr
C D R Projects Pvt. Ltd.,ICRA,Term Loan,B+,2025-12-24,HOT,Dec 2026,2026-12-24,1.21,Other,Standard,D365,INC rating hits ULTRA HOT on 2026-12-24 — prime Q1 2027 renewal target,Your Term Loan at ICRA goes critical in Dec 2026. Start ACER process in Sep 2026 — before the Q1 rush.,₹1.2 Cr
Samkit Diamond Export Pvt. Ltd.,ICRA,NCD/Bond,B/A4,2025-12-17,HOT,Dec 2026,2026-12-17,1.02,Jewellery,NCD — SEBI License Required,D365,INC rating hits ULTRA HOT on 2026-12-17 — prime Q1 2027 renewal target,Your NCD/Bond at ICRA goes critical in Dec 2026. Start ACER process in Sep 2026 — before the Q1 rush.,₹1.0 Cr
Rameswar Udyog Pvt. Ltd.,ICRA,Non-Fund-Based,A 4,2025-12-12,HOT,Dec 2026,2026-12-12,1.0,Other,Standard,D365,INC rating hits ULTRA HOT on 2026-12-12 — prime Q1 2027 renewal target,Your Non-Fund-Based at ICRA goes critical in Dec 2026. Start ACER process in Sep 2026 — before the Q1 rush.,₹1.0 Cr
Tirumala Seven Hills Pvt. Ltd.,ICRA,NCD/Bond,B+/A4,2025-12-17,HOT,Dec 2026,2026-12-17,1.0,Other,NCD — SEBI License Required,D365,INC rating hits ULTRA HOT on 2026-12-17 — prime Q1 2027 renewal target,Your NCD/Bond at ICRA goes critical in Dec 2026. Start ACER process in Sep 2026 — before the Q1 rush.,₹1.0 Cr
Relcom Technology Pvt. Ltd.,ICRA,Non-Fund-Based,B,2025-12-24,HOT,Dec 2026,2026-12-24,1.0,IT/Technology,Standard,D365,INC rating hits ULTRA HOT on 2026-12-24 — prime Q1 2027 renewal target,Your Non-Fund-Based at ICRA goes critical in Dec 2026. Start ACER process in Sep 2026 — before the Q1 rush.,₹1.0 Cr
Sharpline Automation Pvt. Ltd.,ICRA,Fund-Based,A 4,2025-12-26,HOT,Dec 2026,2026-12-26,1.0,Manufacturing,Standard,D365,INC rating hits ULTRA HOT on 2026-12-26 — prime Q1 2027 renewal target,Your Fund-Based at ICRA goes critical in Dec 2026. Start ACER process in Sep 2026 — before the Q1 rush.,₹1.0 Cr
Mangal Sponge & Steel Pvt. Ltd.,ICRA,Non-Fund-Based,A 4,2026-03-20,LOW/MEDIUM,Mar 2027,2027-03-20,1.0,Steel & Metals,Standard,D365,INC rating hits ULTRA HOT on 2027-03-20 — prime Q1 2027 renewal target,Your Non-Fund-Based at ICRA goes critical in Mar 2027. Start ACER process in Sep 2026 — before the Q1 rush.,₹1.0 Cr
Samkit Diamond Export Pvt. Ltd.,ICRA,Non-Fund-Based,A 4,2025-12-17,HOT,Dec 2026,2026-12-17,0.98,Jewellery,Standard,D365,INC rating hits ULTRA HOT on 2026-12-17 — prime Q1 2027 renewal target,Your Non-Fund-Based at ICRA goes critical in Dec 2026. Start ACER process in Sep 2026 — before the Q1 rush.,₹1.0 Cr
Strawberry Studio Exports Pvt. Ltd.,ICRA,Non-Fund-Based,A 4,2026-03-16,LOW/MEDIUM,Mar 2027,2027-03-16,0.98,Other,Standard,D365,INC rating hits ULTRA HOT on 2027-03-16 — prime Q1 2027 renewal target,Your Non-Fund-Based at ICRA goes critical in Mar 2027. Start ACER process in Sep 2026 — before the Q1 rush.,₹1.0 Cr
Sivaani Agribusiness Pvt. Ltd.,ICRA,NCD/Bond,B+/A4,2025-12-11,HOT,Dec 2026,2026-12-11,0.92,Other,NCD — SEBI License Required,D365,INC rating hits ULTRA HOT on 2026-12-11 — prime Q1 2027 renewal target,Your NCD/Bond at ICRA goes critical in Dec 2026. Start ACER process in Sep 2026 — before the Q1 rush.,₹0.9 Cr
Machino Plastics Ltd.,ICRA,NCD/Bond,BB+/A4+,2026-03-11,LOW/MEDIUM,Mar 2027,2027-03-11,0.8,Chemicals/Pharma,NCD — SEBI License Required,D365,INC rating hits ULTRA HOT on 2027-03-11 — prime Q1 2027 renewal target,Your NCD/Bond at ICRA goes critical in Mar 2027. Start ACER process in Sep 2026 — before the Q1 rush.,₹0.8 Cr
T C S & Associates Pvt. Ltd.,ICRA,Term Loan,B+,2025-12-01,HOT,Dec 2026,2026-12-01,0.71,Other,Standard,D365,INC rating hits ULTRA HOT on 2026-12-01 — prime Q1 2027 renewal target,Your Term Loan at ICRA goes critical in Dec 2026. Start ACER process in Sep 2026 — before the Q1 rush.,₹0.7 Cr
Antique Cottex Pvt. Ltd.,ICRA,NCD/Bond,B+/A4,2025-12-30,LOW/MEDIUM,Dec 2026,2026-12-30,0.66,Other,NCD — SEBI License Required,D365,INC rating hits ULTRA HOT on 2026-12-30 — prime Q1 2027 renewal target,Your NCD/Bond at ICRA goes critical in Dec 2026. Start ACER process in Sep 2026 — before the Q1 rush.,₹0.7 Cr
Disha Communications Pvt. Ltd.,ICRA,Non-Fund-Based,B+,2026-03-18,LOW/MEDIUM,Mar 2027,2027-03-18,0.65,IT/Technology,Standard,D365,INC rating hits ULTRA HOT on 2027-03-18 — prime Q1 2027 renewal target,Your Non-Fund-Based at ICRA goes critical in Mar 2027. Start ACER process in Sep 2026 — before the Q1 rush.,₹0.7 Cr
Active Char Products Pvt. Ltd.,ICRA,Non-Fund-Based,A 4,2025-12-12,HOT,Dec 2026,2026-12-12,0.5,Other,Standard,D365,INC rating hits ULTRA HOT on 2026-12-12 — prime Q1 2027 renewal target,Your Non-Fund-Based at ICRA goes critical in Dec 2026. Start ACER process in Sep 2026 — before the Q1 rush.,₹0.5 Cr
Savla Foods & Cold Storage Pvt. Ltd.,ICRA,Bank Guarantee,A 4+,2026-03-26,LOW/MEDIUM,Mar 2027,2027-03-26,0.5,Agro/Food,Standard,D365,INC rating hits ULTRA HOT on 2027-03-26 — prime Q1 2027 renewal target,Your Bank Guarantee at ICRA goes critical in Mar 2027. Start ACER process in Sep 2026 — before the Q1 rush.,₹0.5 Cr
K C Toolroom Pvt. Ltd.,ICRA,Non-Fund-Based,A 4,2026-03-09,LOW/MEDIUM,Mar 2027,2027-03-09,0.3,Other,Standard,D365,INC rating hits ULTRA HOT on 2027-03-09 — prime Q1 2027 renewal target,Your Non-Fund-Based at ICRA goes critical in Mar 2027. Start ACER process in Sep 2026 — before the Q1 rush.,₹0.3 Cr
Jagrut Motors Pvt. Ltd.,ICRA,Term Loan,B+,2026-03-09,LOW/MEDIUM,Mar 2027,2027-03-09,0.26,Other,Standard,D365,INC rating hits ULTRA HOT on 2027-03-09 — prime Q1 2027 renewal target,Your Term Loan at ICRA goes critical in Mar 2027. Start ACER process in Sep 2026 — before the Q1 rush.,₹0.3 Cr
Millenium Exim Pvt. Ltd.,ICRA,Non-Fund-Based,A 4,2025-12-08,HOT,Dec 2026,2026-12-08,0.25,Agro/Food,Standard,D365,INC rating hits ULTRA HOT on 2026-12-08 — prime Q1 2027 renewal target,Your Non-Fund-Based at ICRA goes critical in Dec 2026. Start ACER process in Sep 2026 — before the Q1 rush.,₹0.2 Cr
V V C Motors Pvt. Ltd.,ICRA,NCD/Bond,B+/A4,2025-12-19,HOT,Dec 2026,2026-12-19,0.25,Other,NCD — SEBI License Required,D365,INC rating hits ULTRA HOT on 2026-12-19 — prime Q1 2027 renewal target,Your NCD/Bond at ICRA goes critical in Dec 2026. Start ACER process in Sep 2026 — before the Q1 rush.,₹0.2 Cr
Pavan Cotton Products Pvt. Ltd.,ICRA,Non-Fund-Based,A 4,2025-12-17,HOT,Dec 2026,2026-12-17,0.24,Agro/Food,Standard,D365,INC rating hits ULTRA HOT on 2026-12-17 — prime Q1 2027 renewal target,Your Non-Fund-Based at ICRA goes critical in Dec 2026. Start ACER process in Sep 2026 — before the Q1 rush.,₹0.2 Cr
K P Saha Pvt. Ltd.,ICRA,Non-Fund-Based,B+,2025-12-10,HOT,Dec 2026,2026-12-10,0.13,Other,Standard,D365,INC rating hits ULTRA HOT on 2026-12-10 — prime Q1 2027 renewal target,Your Non-Fund-Based at ICRA goes critical in Dec 2026. Start ACER process in Sep 2026 — before the Q1 rush.,₹0.1 Cr
Decor Paper Mills Ltd.,ICRA,Non-Fund-Based,A 4,2025-12-19,HOT,Dec 2026,2026-12-19,0.13,Agro/Food,Standard,D365,INC rating hits ULTRA HOT on 2026-12-19 — prime Q1 2027 renewal target,Your Non-Fund-Based at ICRA goes critical in Dec 2026. Start ACER process in Sep 2026 — before the Q1 rush.,₹0.1 Cr
Shreenathji Cotgin Pvt. Ltd.,ICRA,Non-Fund-Based,A 4,2025-12-19,HOT,Dec 2026,2026-12-19,0.1,Other,Standard,D365,INC rating hits ULTRA HOT on 2026-12-19 — prime Q1 2027 renewal target,Your Non-Fund-Based at ICRA goes critical in Dec 2026. Start ACER process in Sep 2026 — before the Q1 rush.,₹0.1 Cr
Pearson Drums & Barrels Pvt. Ltd.,ICRA,NCD/Bond,B+/A4,2025-12-08,HOT,Dec 2026,2026-12-08,0.04,Other,NCD — SEBI License Required,D365,INC rating hits ULTRA HOT on 2026-12-08 — prime Q1 2027 renewal target,Your NCD/Bond at ICRA goes critical in Dec 2026. Start ACER process in Sep 2026 — before the Q1 rush.,₹0.0 Cr
Antique Cottex Pvt. Ltd.,ICRA,Term Loan,B+,2025-12-30,LOW/MEDIUM,Dec 2026,2026-12-30,0.02,Other,Standard,D365,INC rating hits ULTRA HOT on 2026-12-30 — prime Q1 2027 renewal target,Your Term Loan at ICRA goes critical in Dec 2026. Start ACER process in Sep 2026 — before the Q1 rush.,₹0.0 Cr
Champion Commercial Co. Ltd.,ICRA,Short-Term Loan,A 4,2025-12-05,HOT,Dec 2026,2026-12-05,0.0,Other,Standard,D365,INC rating hits ULTRA HOT on 2026-12-05 — prime Q1 2027 renewal target,Your Short-Term Loan at ICRA goes critical in Dec 2026. Start ACER process in Sep 2026 — before the Q1 rush.,—
Rameswar Udyog Pvt. Ltd.,ICRA,Term Loan,B+,2025-12-12,HOT,Dec 2026,2026-12-12,0.0,Other,Standard,D365,INC rating hits ULTRA HOT on 2026-12-12 — prime Q1 2027 renewal target,Your Term Loan at ICRA goes critical in Dec 2026. Start ACER process in Sep 2026 — before the Q1 rush.,—
Rameswar Udyog Pvt. Ltd.,ICRA,Short-Term Loan,A 4,2025-12-12,HOT,Dec 2026,2026-12-12,0.0,Other,Standard,D365,INC rating hits ULTRA HOT on 2026-12-12 — prime Q1 2027 renewal target,Your Short-Term Loan at ICRA goes critical in Dec 2026. Start ACER process in Sep 2026 — before the Q1 rush.,—
Samkit Diamond Export Pvt. Ltd.,ICRA,NCD/Bond,B/A4,2025-12-17,HOT,Dec 2026,2026-12-17,0.0,Jewellery,NCD — SEBI License Required,D365,INC rating hits ULTRA HOT on 2026-12-17 — prime Q1 2027 renewal target,Your NCD/Bond at ICRA goes critical in Dec 2026. Start ACER process in Sep 2026 — before the Q1 rush.,—
Tirumala Seven Hills Pvt. Ltd.,ICRA,Term Loan,B+,2025-12-17,HOT,Dec 2026,2026-12-17,0.0,Other,Standard,D365,INC rating hits ULTRA HOT on 2026-12-17 — prime Q1 2027 renewal target,Your Term Loan at ICRA goes critical in Dec 2026. Start ACER process in Sep 2026 — before the Q1 rush.,—
Tirumala Seven Hills Pvt. Ltd.,ICRA,Short-Term Loan,A 4,2025-12-17,HOT,Dec 2026,2026-12-17,0.0,Other,Standard,D365,INC rating hits ULTRA HOT on 2026-12-17 — prime Q1 2027 renewal target,Your Short-Term Loan at ICRA goes critical in Dec 2026. Start ACER process in Sep 2026 — before the Q1 rush.,—
Shree Shyam Sponge & Power Ltd.,ICRA,Short-Term Loan,A 4,2025-12-19,HOT,Dec 2026,2026-12-19,0.0,Energy,Standard,D365,INC rating hits ULTRA HOT on 2026-12-19 — prime Q1 2027 renewal target,Your Short-Term Loan at ICRA goes critical in Dec 2026. Start ACER process in Sep 2026 — before the Q1 rush.,—
Mehta Brothers Gems Pvt. Ltd.,ICRA,Term Loan,B+,2025-12-22,HOT,Dec 2026,2026-12-22,0.0,Jewellery,Standard,D365,INC rating hits ULTRA HOT on 2026-12-22 — prime Q1 2027 renewal target,Your Term Loan at ICRA goes critical in Dec 2026. Start ACER process in Sep 2026 — before the Q1 rush.,—
Sahastraa Exports Pvt. Ltd.,ICRA,Short-Term Loan,A 4,2025-12-26,HOT,Dec 2026,2026-12-26,0.0,Other,Standard,D365,INC rating hits ULTRA HOT on 2026-12-26 — prime Q1 2027 renewal target,Your Short-Term Loan at ICRA goes critical in Dec 2026. Start ACER process in Sep 2026 — before the Q1 rush.,—
A S Moloobhoy Pvt. Ltd.,ICRA,Short-Term Loan,A 4,2026-01-23,LOW/MEDIUM,Jan 2027,2027-01-23,0.0,Other,Standard,D365,INC rating hits ULTRA HOT on 2027-01-23 — prime Q1 2027 renewal target,Your Short-Term Loan at ICRA goes critical in Jan 2027. Start ACER process in Sep 2026 — before the Q1 rush.,—
Prasuna Vamsikrishna Spg. Mills Pvt. Ltd.,ICRA,Short-Term Loan,A 4+,2026-01-29,LOW/MEDIUM,Jan 2027,2027-01-29,0.0,Agro/Food,Standard,D365,INC rating hits ULTRA HOT on 2027-01-29 — prime Q1 2027 renewal target,Your Short-Term Loan at ICRA goes critical in Jan 2027. Start ACER process in Sep 2026 — before the Q1 rush.,—
Mittal Udyog Indore Pvt. Ltd.,ICRA,Short-Term Loan,A 4,2026-02-05,LOW/MEDIUM,Feb 2027,2027-02-05,0.0,Other,Standard,D365,INC rating hits ULTRA HOT on 2027-02-05 — prime Q1 2027 renewal target,Your Short-Term Loan at ICRA goes critical in Feb 2027. Start ACER process in Sep 2026 — before the Q1 rush.,—
Secure Industries Pvt. Ltd.,ICRA,Short-Term Loan,A 4,2026-02-27,LOW/MEDIUM,Feb 2027,2027-02-27,0.0,Other,Standard,D365,INC rating hits ULTRA HOT on 2027-02-27 — prime Q1 2027 renewal target,Your Short-Term Loan at ICRA goes critical in Feb 2027. Start ACER process in Sep 2026 — before the Q1 rush.,—
Sree Sudheer Ceramics Pvt. Ltd.,ICRA,Short-Term Loan,A 4,2026-02-27,LOW/MEDIUM,Feb 2027,2027-02-27,0.0,Other,Standard,D365,INC rating hits ULTRA HOT on 2027-02-27 — prime Q1 2027 renewal target,Your Short-Term Loan at ICRA goes critical in Feb 2027. Start ACER process in Sep 2026 — before the Q1 rush.,—
Euro Pratik Ispat Pvt. Ltd.,ICRA,Short-Term Loan,A 4,2026-03-05,LOW/MEDIUM,Mar 2027,2027-03-05,0.0,Other,Standard,D365,INC rating hits ULTRA HOT on 2027-03-05 — prime Q1 2027 renewal target,Your Short-Term Loan at ICRA goes critical in Mar 2027. Start ACER process in Sep 2026 — before the Q1 rush.,—
Ami Riddhi Chem Pvt. Ltd.,ICRA,Short-Term Loan,A 4,2026-03-19,LOW/MEDIUM,Mar 2027,2027-03-19,0.0,Chemicals/Pharma,Standard,D365,INC rating hits ULTRA HOT on 2027-03-19 — prime Q1 2027 renewal target,Your Short-Term Loan at ICRA goes critical in Mar 2027. Start ACER process in Sep 2026 — before the Q1 rush.,—
Nandan Petrochem Ltd.,ICRA,Term Loan,BB+,2026-03-20,LOW/MEDIUM,Mar 2027,2027-03-20,0.0,Chemicals/Pharma,Standard,D365,INC rating hits ULTRA HOT on 2027-03-20 — prime Q1 2027 renewal target,Your Term Loan at ICRA goes critical in Mar 2027. Start ACER process in Sep 2026 — before the Q1 rush.,—
I H B Ltd.,IND-RA,Term Loan,A+,2026-03-31,LOW/MEDIUM,Mar 2027,2027-03-31,6725.0,Other,Standard,D365,INC rating hits ULTRA HOT on 2027-03-31 — prime Q1 2027 renewal target,Your Term Loan at IND-RA goes critical in Mar 2027. Start ACER process in Sep 2026 — before the Q1 rush.,₹6725.0 Cr
Jaymala Infrastructure Pvt. Ltd.,IND-RA,Term Loan,BBB-,2026-03-30,LOW/MEDIUM,Mar 2027,2027-03-30,1986.53,Construction,Standard,D365,INC rating hits ULTRA HOT on 2027-03-30 — prime Q1 2027 renewal target,Your Term Loan at IND-RA goes critical in Mar 2027. Start ACER process in Sep 2026 — before the Q1 rush.,₹1986.5 Cr
H E S Infra Ltd.,IND-RA,Fund-Based,A 4+,2025-12-17,HOT,Dec 2026,2026-12-17,802.0,Construction,Standard,D365,INC rating hits ULTRA HOT on 2026-12-17 — prime Q1 2027 renewal target,Your Fund-Based at IND-RA goes critical in Dec 2026. Start ACER process in Sep 2026 — before the Q1 rush.,₹802.0 Cr
Electronics Corpn. Of Tamil Nadu Ltd.,IND-RA,Term Loan,A,2026-03-09,LOW/MEDIUM,Mar 2027,2027-03-09,520.0,Other,Standard,D365,INC rating hits ULTRA HOT on 2027-03-09 — prime Q1 2027 renewal target,Your Term Loan at IND-RA goes critical in Mar 2027. Start ACER process in Sep 2026 — before the Q1 rush.,₹520.0 Cr
C P L Pharmaceuticals Pvt. Ltd.,IND-RA,Term Loan,BBB+,2025-12-03,HOT,Dec 2026,2026-12-03,409.55,Chemicals/Pharma,Standard,D365,INC rating hits ULTRA HOT on 2026-12-03 — prime Q1 2027 renewal target,Your Term Loan at IND-RA goes critical in Dec 2026. Start ACER process in Sep 2026 — before the Q1 rush.,₹409.6 Cr
H E S Infra Ltd.,IND-RA,Fund-Based,A 4+,2025-12-17,HOT,Dec 2026,2026-12-17,289.0,Construction,Standard,D365,INC rating hits ULTRA HOT on 2026-12-17 — prime Q1 2027 renewal target,Your Fund-Based at IND-RA goes critical in Dec 2026. Start ACER process in Sep 2026 — before the Q1 rush.,₹289.0 Cr
Vijai Electricals Ltd.,IND-RA,Fund-Based,A 4,2025-12-09,HOT,Dec 2026,2026-12-09,280.54,Energy,Standard,D365,INC rating hits ULTRA HOT on 2026-12-09 — prime Q1 2027 renewal target,Your Fund-Based at IND-RA goes critical in Dec 2026. Start ACER process in Sep 2026 — before the Q1 rush.,₹280.5 Cr
F Robin Power Solutions Pvt. Ltd.,IND-RA,Term Loan,BB+,2026-03-30,LOW/MEDIUM,Mar 2027,2027-03-30,235.0,Energy,Standard,D365,INC rating hits ULTRA HOT on 2027-03-30 — prime Q1 2027 renewal target,Your Term Loan at IND-RA goes critical in Mar 2027. Start ACER process in Sep 2026 — before the Q1 rush.,₹235.0 Cr
M R K R Constructions & Inds. Pvt. Ltd.,IND-RA,Fund-Based,A 3,2025-12-15,HOT,Dec 2026,2026-12-15,200.0,Construction,Standard,D365,INC rating hits ULTRA HOT on 2026-12-15 — prime Q1 2027 renewal target,Your Fund-Based at IND-RA goes critical in Dec 2026. Start ACER process in Sep 2026 — before the Q1 rush.,₹200.0 Cr
Sky Spintex Pvt. Ltd.,IND-RA,Term Loan,BBB-,2025-12-08,HOT,Dec 2026,2026-12-08,146.98,Other,Standard,D365,INC rating hits ULTRA HOT on 2026-12-08 — prime Q1 2027 renewal target,Your Term Loan at IND-RA goes critical in Dec 2026. Start ACER process in Sep 2026 — before the Q1 rush.,₹147.0 Cr
Radiant Textiles Pvt. Ltd.,IND-RA,NCD/Bond,BB/A4+,2025-12-08,HOT,Dec 2026,2026-12-08,121.0,Textiles,NCD — SEBI License Required,D365,INC rating hits ULTRA HOT on 2026-12-08 — prime Q1 2027 renewal target,Your NCD/Bond at IND-RA goes critical in Dec 2026. Start ACER process in Sep 2026 — before the Q1 rush.,₹121.0 Cr
Lulu India Shopping Mall Pvt. Ltd.,IND-RA,NCD/Bond,BBB/A3+,2026-03-11,LOW/MEDIUM,Mar 2027,2027-03-11,120.0,Other,NCD — SEBI License Required,D365,INC rating hits ULTRA HOT on 2027-03-11 — prime Q1 2027 renewal target,Your NCD/Bond at IND-RA goes critical in Mar 2027. Start ACER process in Sep 2026 — before the Q1 rush.,₹120.0 Cr
Vijai Electricals Ltd.,IND-RA,Term Loan,B+,2025-12-09,HOT,Dec 2026,2026-12-09,113.38,Energy,Standard,D365,INC rating hits ULTRA HOT on 2026-12-09 — prime Q1 2027 renewal target,Your Term Loan at IND-RA goes critical in Dec 2026. Start ACER process in Sep 2026 — before the Q1 rush.,₹113.4 Cr
Dembla Valves Ltd.,IND-RA,Fund-Based,A 4,2025-12-19,HOT,Dec 2026,2026-12-19,100.0,Other,Standard,D365,INC rating hits ULTRA HOT on 2026-12-19 — prime Q1 2027 renewal target,Your Fund-Based at IND-RA goes critical in Dec 2026. Start ACER process in Sep 2026 — before the Q1 rush.,₹100.0 Cr
Dalkan Ship Breaking Ltd.,IND-RA,Fund-Based,A 4+,2025-12-09,HOT,Dec 2026,2026-12-09,95.0,Other,Standard,D365,INC rating hits ULTRA HOT on 2026-12-09 — prime Q1 2027 renewal target,Your Fund-Based at IND-RA goes critical in Dec 2026. Start ACER process in Sep 2026 — before the Q1 rush.,₹95.0 Cr
Jodhani Papers Pvt. Ltd.,IND-RA,Term Loan,BBB,2026-03-11,LOW/MEDIUM,Mar 2027,2027-03-11,89.46,Paper/Packaging,Standard,D365,INC rating hits ULTRA HOT on 2027-03-11 — prime Q1 2027 renewal target,Your Term Loan at IND-RA goes critical in Mar 2027. Start ACER process in Sep 2026 — before the Q1 rush.,₹89.5 Cr
Ashok Textile Mills Pvt. Ltd.,IND-RA,NCD/Bond,B/A4,2025-12-19,HOT,Dec 2026,2026-12-19,89.21,Agro/Food,NCD — SEBI License Required,D365,INC rating hits ULTRA HOT on 2026-12-19 — prime Q1 2027 renewal target,Your NCD/Bond at IND-RA goes critical in Dec 2026. Start ACER process in Sep 2026 — before the Q1 rush.,₹89.2 Cr
C P L Pharmaceuticals Pvt. Ltd.,IND-RA,Term Loan,BBB+,2025-12-03,HOT,Dec 2026,2026-12-03,80.0,Chemicals/Pharma,Standard,D365,INC rating hits ULTRA HOT on 2026-12-03 — prime Q1 2027 renewal target,Your Term Loan at IND-RA goes critical in Dec 2026. Start ACER process in Sep 2026 — before the Q1 rush.,₹80.0 Cr
Goa Sponge & Power Ltd.,IND-RA,NCD/Bond,B/A4,2025-12-19,HOT,Dec 2026,2026-12-19,80.0,Energy,NCD — SEBI License Required,D365,INC rating hits ULTRA HOT on 2026-12-19 — prime Q1 2027 renewal target,Your NCD/Bond at IND-RA goes critical in Dec 2026. Start ACER process in Sep 2026 — before the Q1 rush.,₹80.0 Cr
Sri Andal Paper Mills Pvt. Ltd.,IND-RA,Term Loan,BB,2026-03-30,LOW/MEDIUM,Mar 2027,2027-03-30,80.0,Agro/Food,Standard,D365,INC rating hits ULTRA HOT on 2027-03-30 — prime Q1 2027 renewal target,Your Term Loan at IND-RA goes critical in Mar 2027. Start ACER process in Sep 2026 — before the Q1 rush.,₹80.0 Cr
Rabwin Industries Pvt. Ltd.,IND-RA,Term Loan,BB,2025-12-08,HOT,Dec 2026,2026-12-08,76.6,Other,Standard,D365,INC rating hits ULTRA HOT on 2026-12-08 — prime Q1 2027 renewal target,Your Term Loan at IND-RA goes critical in Dec 2026. Start ACER process in Sep 2026 — before the Q1 rush.,₹76.6 Cr
Sambandam Spinning Mills Ltd.,IND-RA,Term Loan,BB,2025-12-19,HOT,Dec 2026,2026-12-19,75.55,Agro/Food,Standard,D365,INC rating hits ULTRA HOT on 2026-12-19 — prime Q1 2027 renewal target,Your Term Loan at IND-RA goes critical in Dec 2026. Start ACER process in Sep 2026 — before the Q1 rush.,₹75.5 Cr
Kapeeshwar Sugars & Chemicals Ltd.,IND-RA,Term Loan,BB,2025-12-01,HOT,Dec 2026,2026-12-01,74.5,Agro/Food,Standard,D365,INC rating hits ULTRA HOT on 2026-12-01 — prime Q1 2027 renewal target,Your Term Loan at IND-RA goes critical in Dec 2026. Start ACER process in Sep 2026 — before the Q1 rush.,₹74.5 Cr
Clifton Export Pvt. Ltd.,IND-RA,NCD/Bond,B/A4,2025-12-19,HOT,Dec 2026,2026-12-19,69.26,Other,NCD — SEBI License Required,D365,INC rating hits ULTRA HOT on 2026-12-19 — prime Q1 2027 renewal target,Your NCD/Bond at IND-RA goes critical in Dec 2026. Start ACER process in Sep 2026 — before the Q1 rush.,₹69.3 Cr
R S Development & Constructions India Pvt. Ltd.,IND-RA,NCD/Bond,B/A4,2025-12-19,HOT,Dec 2026,2026-12-19,67.89,Construction,NCD — SEBI License Required,D365,INC rating hits ULTRA HOT on 2026-12-19 — prime Q1 2027 renewal target,Your NCD/Bond at IND-RA goes critical in Dec 2026. Start ACER process in Sep 2026 — before the Q1 rush.,₹67.9 Cr
Superior Films Pvt. Ltd.,IND-RA,NCD/Bond,BB+/A4+,2025-12-19,HOT,Dec 2026,2026-12-19,64.5,Other,NCD — SEBI License Required,D365,INC rating hits ULTRA HOT on 2026-12-19 — prime Q1 2027 renewal target,Your NCD/Bond at IND-RA goes critical in Dec 2026. Start ACER process in Sep 2026 — before the Q1 rush.,₹64.5 Cr
Omax Cotspin Pvt. Ltd.,IND-RA,Term Loan,BBB,2026-03-09,LOW/MEDIUM,Mar 2027,2027-03-09,53.01,Other,Standard,D365,INC rating hits ULTRA HOT on 2027-03-09 — prime Q1 2027 renewal target,Your Term Loan at IND-RA goes critical in Mar 2027. Start ACER process in Sep 2026 — before the Q1 rush.,₹53.0 Cr
G S R Ventures Pvt. Ltd.,IND-RA,Fund-Based,A 4,2026-01-16,LOW/MEDIUM,Jan 2027,2027-01-16,50.0,Other,Standard,D365,INC rating hits ULTRA HOT on 2027-01-16 — prime Q1 2027 renewal target,Your Fund-Based at IND-RA goes critical in Jan 2027. Start ACER process in Sep 2026 — before the Q1 rush.,₹50.0 Cr
Asclepius Hospitals & Health Care Pvt. Ltd.,IND-RA,NCD/Bond,B-/A4,2026-03-27,LOW/MEDIUM,Mar 2027,2027-03-27,49.81,Healthcare,NCD — SEBI License Required,D365,INC rating hits ULTRA HOT on 2027-03-27 — prime Q1 2027 renewal target,Your NCD/Bond at IND-RA goes critical in Mar 2027. Start ACER process in Sep 2026 — before the Q1 rush.,₹49.8 Cr
Kairali Steels & Alloys Pvt. Ltd.,IND-RA,NCD/Bond,B/A4,2025-12-19,HOT,Dec 2026,2026-12-19,47.38,Steel & Metals,NCD — SEBI License Required,D365,INC rating hits ULTRA HOT on 2026-12-19 — prime Q1 2027 renewal target,Your NCD/Bond at IND-RA goes critical in Dec 2026. Start ACER process in Sep 2026 — before the Q1 rush.,₹47.4 Cr
Itaan Pharma Pvt. Ltd.,IND-RA,Term Loan,B,2026-03-20,LOW/MEDIUM,Mar 2027,2027-03-20,41.54,Chemicals/Pharma,Standard,D365,INC rating hits ULTRA HOT on 2027-03-20 — prime Q1 2027 renewal target,Your Term Loan at IND-RA goes critical in Mar 2027. Start ACER process in Sep 2026 — before the Q1 rush.,₹41.5 Cr
Kilavikulam Rajalakshmi Solar Power Developer Pvt. Ltd.,IND-RA,Term Loan,BB,2025-12-29,HOT,Dec 2026,2026-12-29,38.5,Energy,Standard,D365,INC rating hits ULTRA HOT on 2026-12-29 — prime Q1 2027 renewal target,Your Term Loan at IND-RA goes critical in Dec 2026. Start ACER process in Sep 2026 — before the Q1 rush.,₹38.5 Cr
R K S Steel Inds. Pvt. Ltd.,IND-RA,NCD/Bond,B-/A4,2025-12-19,HOT,Dec 2026,2026-12-19,38.02,Steel & Metals,NCD — SEBI License Required,D365,INC rating hits ULTRA HOT on 2026-12-19 — prime Q1 2027 renewal target,Your NCD/Bond at IND-RA goes critical in Dec 2026. Start ACER process in Sep 2026 — before the Q1 rush.,₹38.0 Cr
Vipul Organics Ltd.,IND-RA,NCD/Bond,B/A4,2026-03-25,LOW/MEDIUM,Mar 2027,2027-03-25,37.15,Other,NCD — SEBI License Required,D365,INC rating hits ULTRA HOT on 2027-03-25 — prime Q1 2027 renewal target,Your NCD/Bond at IND-RA goes critical in Mar 2027. Start ACER process in Sep 2026 — before the Q1 rush.,₹37.1 Cr
N P Infraprojects India Pvt. Ltd.,IND-RA,Fund-Based,A 4+,2025-12-16,HOT,Dec 2026,2026-12-16,37.0,Construction,Standard,D365,INC rating hits ULTRA HOT on 2026-12-16 — prime Q1 2027 renewal target,Your Fund-Based at IND-RA goes critical in Dec 2026. Start ACER process in Sep 2026 — before the Q1 rush.,₹37.0 Cr
Leben Life Sciences Pvt. Ltd.,IND-RA,NCD/Bond,B-,2025-12-19,HOT,Dec 2026,2026-12-19,35.63,Other,NCD — SEBI License Required,D365,INC rating hits ULTRA HOT on 2026-12-19 — prime Q1 2027 renewal target,Your NCD/Bond at IND-RA goes critical in Dec 2026. Start ACER process in Sep 2026 — before the Q1 rush.,₹35.6 Cr
Vertigo Impex Pvt. Ltd.,IND-RA,NCD/Bond,B/A4,2025-12-19,HOT,Dec 2026,2026-12-19,32.5,Other,NCD — SEBI License Required,D365,INC rating hits ULTRA HOT on 2026-12-19 — prime Q1 2027 renewal target,Your NCD/Bond at IND-RA goes critical in Dec 2026. Start ACER process in Sep 2026 — before the Q1 rush.,₹32.5 Cr
Approcool Aircon Pvt. Ltd.,IND-RA,Term Loan,B,2025-12-19,HOT,Dec 2026,2026-12-19,30.15,Other,Standard,D365,INC rating hits ULTRA HOT on 2026-12-19 — prime Q1 2027 renewal target,Your Term Loan at IND-RA goes critical in Dec 2026. Start ACER process in Sep 2026 — before the Q1 rush.,₹30.1 Cr
K P Manish Global Ingredients Pvt. Ltd.,IND-RA,Fund-Based,A 4+,2026-01-21,LOW/MEDIUM,Jan 2027,2027-01-21,30.0,Other,Standard,D365,INC rating hits ULTRA HOT on 2027-01-21 — prime Q1 2027 renewal target,Your Fund-Based at IND-RA goes critical in Jan 2027. Start ACER process in Sep 2026 — before the Q1 rush.,₹30.0 Cr
Jai Ganesh Ispat & Ferro Alloys Pvt. Ltd.,IND-RA,Term Loan,B-,2025-12-19,HOT,Dec 2026,2026-12-19,27.0,Steel & Metals,Standard,D365,INC rating hits ULTRA HOT on 2026-12-19 — prime Q1 2027 renewal target,Your Term Loan at IND-RA goes critical in Dec 2026. Start ACER process in Sep 2026 — before the Q1 rush.,₹27.0 Cr
Camex Ltd.,IND-RA,NCD/Bond,B-/A4,2025-12-19,HOT,Dec 2026,2026-12-19,24.5,Other,NCD — SEBI License Required,D365,INC rating hits ULTRA HOT on 2026-12-19 — prime Q1 2027 renewal target,Your NCD/Bond at IND-RA goes critical in Dec 2026. Start ACER process in Sep 2026 — before the Q1 rush.,₹24.5 Cr
Approcool Aircon Pvt. Ltd.,IND-RA,Fund-Based,A 4,2025-12-19,HOT,Dec 2026,2026-12-19,24.5,Other,Standard,D365,INC rating hits ULTRA HOT on 2026-12-19 — prime Q1 2027 renewal target,Your Fund-Based at IND-RA goes critical in Dec 2026. Start ACER process in Sep 2026 — before the Q1 rush.,₹24.5 Cr
N N Saha & Sons Agro Pvt. Ltd.,IND-RA,Term Loan,B-,2025-12-19,HOT,Dec 2026,2026-12-19,24.0,Agro/Food,Standard,D365,INC rating hits ULTRA HOT on 2026-12-19 — prime Q1 2027 renewal target,Your Term Loan at IND-RA goes critical in Dec 2026. Start ACER process in Sep 2026 — before the Q1 rush.,₹24.0 Cr
Gansons Pvt. Ltd.,IND-RA,NCD/Bond,B-/A4,2025-12-19,HOT,Dec 2026,2026-12-19,23.0,Other,NCD — SEBI License Required,D365,INC rating hits ULTRA HOT on 2026-12-19 — prime Q1 2027 renewal target,Your NCD/Bond at IND-RA goes critical in Dec 2026. Start ACER process in Sep 2026 — before the Q1 rush.,₹23.0 Cr
Shrikishan & Co. Pvt. Ltd.,IND-RA,NCD/Bond,B-/A4,2025-12-19,HOT,Dec 2026,2026-12-19,23.0,Other,NCD — SEBI License Required,D365,INC rating hits ULTRA HOT on 2026-12-19 — prime Q1 2027 renewal target,Your NCD/Bond at IND-RA goes critical in Dec 2026. Start ACER process in Sep 2026 — before the Q1 rush.,₹23.0 Cr
Sunrise Timply Co. Pvt. Ltd.,IND-RA,NCD/Bond,B/A4,2025-12-19,HOT,Dec 2026,2026-12-19,23.0,Other,NCD — SEBI License Required,D365,INC rating hits ULTRA HOT on 2026-12-19 — prime Q1 2027 renewal target,Your NCD/Bond at IND-RA goes critical in Dec 2026. Start ACER process in Sep 2026 — before the Q1 rush.,₹23.0 Cr
Rydak Syndicate Ltd.,IND-RA,NCD/Bond,B/A4,2025-12-19,HOT,Dec 2026,2026-12-19,22.0,Other,NCD — SEBI License Required,D365,INC rating hits ULTRA HOT on 2026-12-19 — prime Q1 2027 renewal target,Your NCD/Bond at IND-RA goes critical in Dec 2026. Start ACER process in Sep 2026 — before the Q1 rush.,₹22.0 Cr
S S V Fab Inds. Pvt. Ltd.,IND-RA,NCD/Bond,B/A4,2026-03-24,LOW/MEDIUM,Mar 2027,2027-03-24,21.0,Other,NCD — SEBI License Required,D365,INC rating hits ULTRA HOT on 2027-03-24 — prime Q1 2027 renewal target,Your NCD/Bond at IND-RA goes critical in Mar 2027. Start ACER process in Sep 2026 — before the Q1 rush.,₹21.0 Cr
Indicon Construction Pvt. Ltd.,IND-RA,Fund-Based,A 4,2026-01-09,LOW/MEDIUM,Jan 2027,2027-01-09,20.0,Construction,Standard,D365,INC rating hits ULTRA HOT on 2027-01-09 — prime Q1 2027 renewal target,Your Fund-Based at IND-RA goes critical in Jan 2027. Start ACER process in Sep 2026 — before the Q1 rush.,₹20.0 Cr
Celon Laboratories Pvt. Ltd.,IND-RA,Term Loan,BB-,2026-03-27,LOW/MEDIUM,Mar 2027,2027-03-27,20.0,Other,Standard,D365,INC rating hits ULTRA HOT on 2027-03-27 — prime Q1 2027 renewal target,Your Term Loan at IND-RA goes critical in Mar 2027. Start ACER process in Sep 2026 — before the Q1 rush.,₹20.0 Cr
Technoplast Packaging Pvt. Ltd.,IND-RA,Fund-Based,A 3+,2026-03-27,LOW/MEDIUM,Mar 2027,2027-03-27,19.0,IT/Technology,Standard,D365,INC rating hits ULTRA HOT on 2027-03-27 — prime Q1 2027 renewal target,Your Fund-Based at IND-RA goes critical in Mar 2027. Start ACER process in Sep 2026 — before the Q1 rush.,₹19.0 Cr
K7 Computing Pvt. Ltd.,IND-RA,NCD/Bond,B-/A4,2025-12-19,HOT,Dec 2026,2026-12-19,18.0,Other,NCD — SEBI License Required,D365,INC rating hits ULTRA HOT on 2026-12-19 — prime Q1 2027 renewal target,Your NCD/Bond at IND-RA goes critical in Dec 2026. Start ACER process in Sep 2026 — before the Q1 rush.,₹18.0 Cr
Srinivas Infrastructure Pvt. Ltd.,IND-RA,NCD/Bond,B/A4,2025-12-19,HOT,Dec 2026,2026-12-19,17.0,Construction,NCD — SEBI License Required,D365,INC rating hits ULTRA HOT on 2026-12-19 — prime Q1 2027 renewal target,Your NCD/Bond at IND-RA goes critical in Dec 2026. Start ACER process in Sep 2026 — before the Q1 rush.,₹17.0 Cr
Abhiraj Engicon Pvt. Ltd.,IND-RA,NCD/Bond,B-/A4,2025-12-19,HOT,Dec 2026,2026-12-19,16.39,Other,NCD — SEBI License Required,D365,INC rating hits ULTRA HOT on 2026-12-19 — prime Q1 2027 renewal target,Your NCD/Bond at IND-RA goes critical in Dec 2026. Start ACER process in Sep 2026 — before the Q1 rush.,₹16.4 Cr
Jal Precision Products Ltd.,IND-RA,Term Loan,BB+,2025-12-08,HOT,Dec 2026,2026-12-08,15.5,Other,Standard,D365,INC rating hits ULTRA HOT on 2026-12-08 — prime Q1 2027 renewal target,Your Term Loan at IND-RA goes critical in Dec 2026. Start ACER process in Sep 2026 — before the Q1 rush.,₹15.5 Cr
Vaibhav Edibles Pvt. Ltd.,IND-RA,Term Loan,B-,2025-12-19,HOT,Dec 2026,2026-12-19,14.04,Agro/Food,Standard,D365,INC rating hits ULTRA HOT on 2026-12-19 — prime Q1 2027 renewal target,Your Term Loan at IND-RA goes critical in Dec 2026. Start ACER process in Sep 2026 — before the Q1 rush.,₹14.0 Cr
Kilavikulam Rajalakshmi Solar Power Developer Pvt. Ltd.,IND-RA,Term Loan,BB,2025-12-29,HOT,Dec 2026,2026-12-29,12.71,Energy,Standard,D365,INC rating hits ULTRA HOT on 2026-12-29 — prime Q1 2027 renewal target,Your Term Loan at IND-RA goes critical in Dec 2026. Start ACER process in Sep 2026 — before the Q1 rush.,₹12.7 Cr
Mahakali Ispat Pvt. Ltd.,IND-RA,NCD/Bond,B-/A4,2025-12-19,HOT,Dec 2026,2026-12-19,11.3,Other,NCD — SEBI License Required,D365,INC rating hits ULTRA HOT on 2026-12-19 — prime Q1 2027 renewal target,Your NCD/Bond at IND-RA goes critical in Dec 2026. Start ACER process in Sep 2026 — before the Q1 rush.,₹11.3 Cr
Kuna Impex Pvt. Ltd.,IND-RA,NCD/Bond,B-/A4,2025-12-19,HOT,Dec 2026,2026-12-19,11.25,Other,NCD — SEBI License Required,D365,INC rating hits ULTRA HOT on 2026-12-19 — prime Q1 2027 renewal target,Your NCD/Bond at IND-RA goes critical in Dec 2026. Start ACER process in Sep 2026 — before the Q1 rush.,₹11.2 Cr
Caravel Logistics Pvt. Ltd.,IND-RA,NCD/Bond,C/A4,2025-12-19,HOT,Dec 2026,2026-12-19,11.1,Logistics,NCD — SEBI License Required,D365,INC rating hits ULTRA HOT on 2026-12-19 — prime Q1 2027 renewal target,Your NCD/Bond at IND-RA goes critical in Dec 2026. Start ACER process in Sep 2026 — before the Q1 rush.,₹11.1 Cr
Adwaith Lakshmi Inds. Ltd.,IND-RA,Fund-Based,A 4,2026-01-09,LOW/MEDIUM,Jan 2027,2027-01-09,10.0,Other,Standard,D365,INC rating hits ULTRA HOT on 2027-01-09 — prime Q1 2027 renewal target,Your Fund-Based at IND-RA goes critical in Jan 2027. Start ACER process in Sep 2026 — before the Q1 rush.,₹10.0 Cr
Score Information Technologies Ltd. (2000),IND-RA,Fund-Based,A 4+,2026-03-10,LOW/MEDIUM,Mar 2027,2027-03-10,10.0,IT/Technology,Standard,D365,INC rating hits ULTRA HOT on 2027-03-10 — prime Q1 2027 renewal target,Your Fund-Based at IND-RA goes critical in Mar 2027. Start ACER process in Sep 2026 — before the Q1 rush.,₹10.0 Cr
Sambandam Spinning Mills Ltd.,IND-RA,Term Loan,A 4+,2025-12-19,HOT,Dec 2026,2026-12-19,9.25,Agro/Food,Standard,D365,INC rating hits ULTRA HOT on 2026-12-19 — prime Q1 2027 renewal target,Your Term Loan at IND-RA goes critical in Dec 2026. Start ACER process in Sep 2026 — before the Q1 rush.,₹9.2 Cr
Polixel Security Systems Pvt. Ltd.,IND-RA,NCD/Bond,B-/A4,2025-12-19,HOT,Dec 2026,2026-12-19,8.5,Other,NCD — SEBI License Required,D365,INC rating hits ULTRA HOT on 2026-12-19 — prime Q1 2027 renewal target,Your NCD/Bond at IND-RA goes critical in Dec 2026. Start ACER process in Sep 2026 — before the Q1 rush.,₹8.5 Cr
Anubhav Plast Ltd.,IND-RA,NCD/Bond,B-/A4,2025-12-19,HOT,Dec 2026,2026-12-19,8.5,Other,NCD — SEBI License Required,D365,INC rating hits ULTRA HOT on 2026-12-19 — prime Q1 2027 renewal target,Your NCD/Bond at IND-RA goes critical in Dec 2026. Start ACER process in Sep 2026 — before the Q1 rush.,₹8.5 Cr
Rabwin Industries Pvt. Ltd.,IND-RA,Term Loan,BB,2025-12-08,HOT,Dec 2026,2026-12-08,8.4,Other,Standard,D365,INC rating hits ULTRA HOT on 2026-12-08 — prime Q1 2027 renewal target,Your Term Loan at IND-RA goes critical in Dec 2026. Start ACER process in Sep 2026 — before the Q1 rush.,₹8.4 Cr
Vishesh Diagnostics Pvt. Ltd.,IND-RA,Term Loan,B-,2025-12-19,HOT,Dec 2026,2026-12-19,7.0,Healthcare,Standard,D365,INC rating hits ULTRA HOT on 2026-12-19 — prime Q1 2027 renewal target,Your Term Loan at IND-RA goes critical in Dec 2026. Start ACER process in Sep 2026 — before the Q1 rush.,₹7.0 Cr
Sreenidhi Raja Packing Solutions Pvt. Ltd.,IND-RA,Term Loan,B-,2025-12-19,HOT,Dec 2026,2026-12-19,6.3,Other,Standard,D365,INC rating hits ULTRA HOT on 2026-12-19 — prime Q1 2027 renewal target,Your Term Loan at IND-RA goes critical in Dec 2026. Start ACER process in Sep 2026 — before the Q1 rush.,₹6.3 Cr
Hiland Agro Products Pvt. Ltd.,IND-RA,NCD/Bond,B-/A4,2025-12-19,HOT,Dec 2026,2026-12-19,6.23,Agro/Food,NCD — SEBI License Required,D365,INC rating hits ULTRA HOT on 2026-12-19 — prime Q1 2027 renewal target,Your NCD/Bond at IND-RA goes critical in Dec 2026. Start ACER process in Sep 2026 — before the Q1 rush.,₹6.2 Cr
Vijai Electricals Ltd.,IND-RA,Fund-Based,A 4,2025-12-09,HOT,Dec 2026,2026-12-09,5.2,Energy,Standard,D365,INC rating hits ULTRA HOT on 2026-12-09 — prime Q1 2027 renewal target,Your Fund-Based at IND-RA goes critical in Dec 2026. Start ACER process in Sep 2026 — before the Q1 rush.,₹5.2 Cr
G D Dyestuff Inds. Ltd.,IND-RA,Letter of Credit,A 4,2025-12-01,HOT,Dec 2026,2026-12-01,5.0,Other,Standard,D365,INC rating hits ULTRA HOT on 2026-12-01 — prime Q1 2027 renewal target,Your Letter of Credit at IND-RA goes critical in Dec 2026. Start ACER process in Sep 2026 — before the Q1 rush.,₹5.0 Cr
Clean Coal Enterprises Pvt. Ltd.,IND-RA,Fund-Based,A 4+,2026-03-06,LOW/MEDIUM,Mar 2027,2027-03-06,5.0,Mining,Standard,D365,INC rating hits ULTRA HOT on 2027-03-06 — prime Q1 2027 renewal target,Your Fund-Based at IND-RA goes critical in Mar 2027. Start ACER process in Sep 2026 — before the Q1 rush.,₹5.0 Cr
Clean Coal Enterprises Pvt. Ltd.,IND-RA,Fund-Based,A 4+,2026-03-06,LOW/MEDIUM,Mar 2027,2027-03-06,5.0,Mining,Standard,D365,INC rating hits ULTRA HOT on 2027-03-06 — prime Q1 2027 renewal target,Your Fund-Based at IND-RA goes critical in Mar 2027. Start ACER process in Sep 2026 — before the Q1 rush.,₹5.0 Cr
Vintage Coffee Pvt. Ltd.,IND-RA,Fund-Based,A 4+,2026-01-27,LOW/MEDIUM,Jan 2027,2027-01-27,4.58,Other,Standard,D365,INC rating hits ULTRA HOT on 2027-01-27 — prime Q1 2027 renewal target,Your Fund-Based at IND-RA goes critical in Jan 2027. Start ACER process in Sep 2026 — before the Q1 rush.,₹4.6 Cr
Sangam Forgings Pvt. Ltd.,IND-RA,NCD/Bond,B-/A4,2025-12-19,HOT,Dec 2026,2026-12-19,4.5,Steel & Metals,NCD — SEBI License Required,D365,INC rating hits ULTRA HOT on 2026-12-19 — prime Q1 2027 renewal target,Your NCD/Bond at IND-RA goes critical in Dec 2026. Start ACER process in Sep 2026 — before the Q1 rush.,₹4.5 Cr
Omax Cotspin Pvt. Ltd.,IND-RA,Fund-Based,A 3+,2026-03-09,LOW/MEDIUM,Mar 2027,2027-03-09,4.5,Other,Standard,D365,INC rating hits ULTRA HOT on 2027-03-09 — prime Q1 2027 renewal target,Your Fund-Based at IND-RA goes critical in Mar 2027. Start ACER process in Sep 2026 — before the Q1 rush.,₹4.5 Cr
Monsoon Bounty Foods Mfg. Pvt. Ltd.,IND-RA,Term Loan,BB-,2025-12-09,HOT,Dec 2026,2026-12-09,3.64,Agro/Food,Standard,D365,INC rating hits ULTRA HOT on 2026-12-09 — prime Q1 2027 renewal target,Your Term Loan at IND-RA goes critical in Dec 2026. Start ACER process in Sep 2026 — before the Q1 rush.,₹3.6 Cr
Score Information Technologies Ltd. (2000),IND-RA,Fund-Based,A 4+,2026-03-10,LOW/MEDIUM,Mar 2027,2027-03-10,3.0,IT/Technology,Standard,D365,INC rating hits ULTRA HOT on 2027-03-10 — prime Q1 2027 renewal target,Your Fund-Based at IND-RA goes critical in Mar 2027. Start ACER process in Sep 2026 — before the Q1 rush.,₹3.0 Cr
Sky Spintex Pvt. Ltd.,IND-RA,Fund-Based,A 3,2025-12-08,HOT,Dec 2026,2026-12-08,2.5,Other,Standard,D365,INC rating hits ULTRA HOT on 2026-12-08 — prime Q1 2027 renewal target,Your Fund-Based at IND-RA goes critical in Dec 2026. Start ACER process in Sep 2026 — before the Q1 rush.,₹2.5 Cr
G D Dyestuff Inds. Ltd.,IND-RA,Term Loan,B+,2025-12-01,HOT,Dec 2026,2026-12-01,2.38,Other,Standard,D365,INC rating hits ULTRA HOT on 2026-12-01 — prime Q1 2027 renewal target,Your Term Loan at IND-RA goes critical in Dec 2026. Start ACER process in Sep 2026 — before the Q1 rush.,₹2.4 Cr
Laxmi Hydraulics Pvt. Ltd.,IND-RA,Fund-Based,A 2+,2025-12-08,HOT,Dec 2026,2026-12-08,2.0,Other,Standard,D365,INC rating hits ULTRA HOT on 2026-12-08 — prime Q1 2027 renewal target,Your Fund-Based at IND-RA goes critical in Dec 2026. Start ACER process in Sep 2026 — before the Q1 rush.,₹2.0 Cr
Dalkan Ship Breaking Ltd.,IND-RA,Term Loan,BB-,2025-12-09,HOT,Dec 2026,2026-12-09,1.09,Other,Standard,D365,INC rating hits ULTRA HOT on 2026-12-09 — prime Q1 2027 renewal target,Your Term Loan at IND-RA goes critical in Dec 2026. Start ACER process in Sep 2026 — before the Q1 rush.,₹1.1 Cr
Jaymala Infrastructure Pvt. Ltd.,IND-RA,Term Loan,BBB-,2026-03-30,LOW/MEDIUM,Mar 2027,2027-03-30,0.34,Construction,Standard,D365,INC rating hits ULTRA HOT on 2027-03-30 — prime Q1 2027 renewal target,Your Term Loan at IND-RA goes critical in Mar 2027. Start ACER process in Sep 2026 — before the Q1 rush.,₹0.3 Cr
G D Dyestuff Inds. Ltd.,IND-RA,Bank Guarantee,A 4,2025-12-01,HOT,Dec 2026,2026-12-01,0.3,Other,Standard,D365,INC rating hits ULTRA HOT on 2026-12-01 — prime Q1 2027 renewal target,Your Bank Guarantee at IND-RA goes critical in Dec 2026. Start ACER process in Sep 2026 — before the Q1 rush.,₹0.3 Cr
