Company Name,Agency,Instrument Type,Rating,Rating Date,Current Urgency,Escalates To,Escalation Date,Escalation Month,Days Since (Jun 25),Amount Cr,Sector,Source,Why Target,ACER Pitch Angle,Call Week
Alpine Shoes Pvt. Ltd.,IND-RA,Term Loan,BB-,05-Nov-2025,MEDIUM,ULTRA HOT,2026-11-05,November 2026,232,22.58,Other,D365,INC rating hits ULTRA HOT threshold on 2026-11-05 — first call window,Get ahead of the Oct/Nov renewal rush; start ACER process now before IND-RA backlog builds,Nov Wk1 (Nov 1-7)
J V S Comatsco Inds. Pvt. Ltd.,IND-RA,Term Loan,BBB+,05-Nov-2025,MEDIUM,ULTRA HOT,2026-11-05,November 2026,232,80.0,Other,D365,INC rating hits ULTRA HOT threshold on 2026-11-05 — first call window,Get ahead of the Oct/Nov renewal rush; start ACER process now before IND-RA backlog builds,Nov Wk1 (Nov 1-7)
M P Entertainment & Developers Pvt. Ltd.,IND-RA,Term Loan,B-,05-Nov-2025,MEDIUM,ULTRA HOT,2026-11-05,November 2026,232,100.0,Construction,D365,INC rating hits ULTRA HOT threshold on 2026-11-05 — first call window,Get ahead of the Oct/Nov renewal rush; start ACER process now before IND-RA backlog builds,Nov Wk1 (Nov 1-7)
Shrinath Rotopack Pvt. Ltd.,IND-RA,Non-Fund-Based,A 4+,04-Nov-2025,MEDIUM,ULTRA HOT,2026-11-04,November 2026,233,6.3,Other,D365,INC rating hits ULTRA HOT threshold on 2026-11-04 — first call window,Get ahead of the Oct/Nov renewal rush; start ACER process now before IND-RA backlog builds,Nov Wk1 (Nov 1-7)
Shrinath Rotopack Pvt. Ltd.,IND-RA,Term Loan,BB,04-Nov-2025,MEDIUM,ULTRA HOT,2026-11-04,November 2026,233,67.96,Other,D365,INC rating hits ULTRA HOT threshold on 2026-11-04 — first call window,Get ahead of the Oct/Nov renewal rush; start ACER process now before IND-RA backlog builds,Nov Wk1 (Nov 1-7)
Siddhi Vinayak Knots & Prints Pvt. Ltd.,IND-RA,NCD/Bond,B+/A4,09-Feb-2026,LOW,HOT,2026-11-06,November 2026,136,119.47,Paper/Packaging,D365,INC rating hits HOT threshold on 2026-11-06 — first call window,Get ahead of the Oct/Nov renewal rush; start ACER process now before IND-RA backlog builds,Nov Wk1 (Nov 1-7)
Wave Beverages Pvt. Ltd.,IND-RA,Term Loan,BB+,06-Nov-2025,MEDIUM,ULTRA HOT,2026-11-06,November 2026,231,197.5,Other,D365,INC rating hits ULTRA HOT threshold on 2026-11-06 — first call window,Get ahead of the Oct/Nov renewal rush; start ACER process now before IND-RA backlog builds,Nov Wk1 (Nov 1-7)
Bansal Ship Breakers Pvt. Ltd.,IND-RA,Non-Fund-Based,BB+,12-Nov-2025,MEDIUM,ULTRA HOT,2026-11-12,November 2026,225,227.46,Other,D365,INC rating hits ULTRA HOT threshold on 2026-11-12 — first call window,Get ahead of the Oct/Nov renewal rush; start ACER process now before IND-RA backlog builds,Nov Wk2 (Nov 8-14)
Four Star International Ltd.,IND-RA,Non-Fund-Based,A 4+,10-Nov-2025,MEDIUM,ULTRA HOT,2026-11-10,November 2026,227,12.0,Other,D365,INC rating hits ULTRA HOT threshold on 2026-11-10 — first call window,Get ahead of the Oct/Nov renewal rush; start ACER process now before IND-RA backlog builds,Nov Wk2 (Nov 8-14)
Four Star International Ltd.,IND-RA,Term Loan,BB+,10-Nov-2025,MEDIUM,ULTRA HOT,2026-11-10,November 2026,227,28.05,Other,D365,INC rating hits ULTRA HOT threshold on 2026-11-10 — first call window,Get ahead of the Oct/Nov renewal rush; start ACER process now before IND-RA backlog builds,Nov Wk2 (Nov 8-14)
Four Star International Ltd.,IND-RA,Term Loan,BB+,10-Nov-2025,MEDIUM,ULTRA HOT,2026-11-10,November 2026,227,0.31,Other,D365,INC rating hits ULTRA HOT threshold on 2026-11-10 — first call window,Get ahead of the Oct/Nov renewal rush; start ACER process now before IND-RA backlog builds,Nov Wk2 (Nov 8-14)
G R T Hotels & Resorts Pvt. Ltd.,IND-RA,Term Loan,B+,11-Nov-2025,MEDIUM,ULTRA HOT,2026-11-11,November 2026,226,32.08,Hotels/Tourism,D365,INC rating hits ULTRA HOT threshold on 2026-11-11 — first call window,Get ahead of the Oct/Nov renewal rush; start ACER process now before IND-RA backlog builds,Nov Wk2 (Nov 8-14)
Glowmore Finance Pvt. Ltd.,IND-RA,Term Loan,B+,10-Nov-2025,MEDIUM,ULTRA HOT,2026-11-10,November 2026,227,25.0,BFSI,D365,INC rating hits ULTRA HOT threshold on 2026-11-10 — first call window,Get ahead of the Oct/Nov renewal rush; start ACER process now before IND-RA backlog builds,Nov Wk2 (Nov 8-14)
Kumar Spintex Pvt. Ltd.,IND-RA,NCD/Bond,BB-/A4+,11-Nov-2025,MEDIUM,ULTRA HOT,2026-11-11,November 2026,226,43.27,Other,D365,INC rating hits ULTRA HOT threshold on 2026-11-11 — first call window,Get ahead of the Oct/Nov renewal rush; start ACER process now before IND-RA backlog builds,Nov Wk2 (Nov 8-14)
Wadi Surgicals Pvt. Ltd.,IND-RA,Term Loan,BB+,24-Feb-2026,LOW,HOT,2026-11-21,November 2026,121,27.79,Other,D365,INC rating hits HOT threshold on 2026-11-21 — first call window,Get ahead of the Oct/Nov renewal rush; start ACER process now before IND-RA backlog builds,Nov Wk3 (Nov 15-21)
Aikya Chemicals Pvt. Ltd.,IND-RA,NCD/Bond,B-/A4,24-Nov-2025,MEDIUM,ULTRA HOT,2026-11-24,November 2026,213,5.5,Chemicals/Pharma,D365,INC rating hits ULTRA HOT threshold on 2026-11-24 — first call window,Get ahead of the Oct/Nov renewal rush; start ACER process now before IND-RA backlog builds,Nov Wk4 (Nov 22-30)
Ailsinghani Transport Pvt. Ltd.,IND-RA,NCD/Bond,B-/A4,24-Nov-2025,MEDIUM,ULTRA HOT,2026-11-24,November 2026,213,4.0,Logistics,D365,INC rating hits ULTRA HOT threshold on 2026-11-24 — first call window,Get ahead of the Oct/Nov renewal rush; start ACER process now before IND-RA backlog builds,Nov Wk4 (Nov 22-30)
Ajara Health Care & Research Centre Pvt. Ltd.,IND-RA,Term Loan,B-,24-Nov-2025,MEDIUM,ULTRA HOT,2026-11-24,November 2026,213,29.3,Healthcare,D365,INC rating hits ULTRA HOT threshold on 2026-11-24 — first call window,Get ahead of the Oct/Nov renewal rush; start ACER process now before IND-RA backlog builds,Nov Wk4 (Nov 22-30)
Anand Motor Agencies Ltd.,IND-RA,NCD/Bond,B-/A4,24-Nov-2025,MEDIUM,ULTRA HOT,2026-11-24,November 2026,213,29.8,Automobiles,D365,INC rating hits ULTRA HOT threshold on 2026-11-24 — first call window,Get ahead of the Oct/Nov renewal rush; start ACER process now before IND-RA backlog builds,Nov Wk4 (Nov 22-30)
Atmastco Ltd.,IND-RA,NCD/Bond,B/A4,27-Feb-2026,LOW,HOT,2026-11-24,November 2026,118,85.75,Other,D365,INC rating hits HOT threshold on 2026-11-24 — first call window,Get ahead of the Oct/Nov renewal rush; start ACER process now before IND-RA backlog builds,Nov Wk4 (Nov 22-30)
Atria Wind (Kadambur) Pvt. Ltd.,IND-RA,Term Loan,BB+,24-Nov-2025,MEDIUM,ULTRA HOT,2026-11-24,November 2026,213,179.33,Energy,D365,INC rating hits ULTRA HOT threshold on 2026-11-24 — first call window,Get ahead of the Oct/Nov renewal rush; start ACER process now before IND-RA backlog builds,Nov Wk4 (Nov 22-30)
B C Sen & Co. Ltd.,IND-RA,NCD/Bond,B-/A4,27-Feb-2026,LOW,HOT,2026-11-24,November 2026,118,39.5,Other,D365,INC rating hits HOT threshold on 2026-11-24 — first call window,Get ahead of the Oct/Nov renewal rush; start ACER process now before IND-RA backlog builds,Nov Wk4 (Nov 22-30)
B L Agro Inds. Ltd.,IND-RA,NCD/Bond,B-/A4,24-Nov-2025,MEDIUM,ULTRA HOT,2026-11-24,November 2026,213,352.0,Agro/Food,D365,INC rating hits ULTRA HOT threshold on 2026-11-24 — first call window,Get ahead of the Oct/Nov renewal rush; start ACER process now before IND-RA backlog builds,Nov Wk4 (Nov 22-30)
Balaji Oil Industries Pvt. Ltd.,IND-RA,NCD/Bond,B-/A4,27-Feb-2026,LOW,HOT,2026-11-24,November 2026,118,32.39,Energy,D365,INC rating hits HOT threshold on 2026-11-24 — first call window,Get ahead of the Oct/Nov renewal rush; start ACER process now before IND-RA backlog builds,Nov Wk4 (Nov 22-30)
Bemco Sleepers Ltd.,IND-RA,NCD/Bond,B-/A4,24-Nov-2025,MEDIUM,ULTRA HOT,2026-11-24,November 2026,213,13.1,Other,D365,INC rating hits ULTRA HOT threshold on 2026-11-24 — first call window,Get ahead of the Oct/Nov renewal rush; start ACER process now before IND-RA backlog builds,Nov Wk4 (Nov 22-30)
Bon Ton Softwares Pvt. Ltd.,IND-RA,NCD/Bond,B-/A4,27-Feb-2026,LOW,HOT,2026-11-24,November 2026,118,26.14,IT/Technology,D365,INC rating hits HOT threshold on 2026-11-24 — first call window,Get ahead of the Oct/Nov renewal rush; start ACER process now before IND-RA backlog builds,Nov Wk4 (Nov 22-30)
Boxovia Pvt. Ltd.,IND-RA,Term Loan,B,27-Feb-2026,LOW,HOT,2026-11-24,November 2026,118,85.0,Other,D365,INC rating hits HOT threshold on 2026-11-24 — first call window,Get ahead of the Oct/Nov renewal rush; start ACER process now before IND-RA backlog builds,Nov Wk4 (Nov 22-30)
C M C Textiles Pvt. Ltd.,IND-RA,NCD/Bond,B/A4,24-Nov-2025,MEDIUM,ULTRA HOT,2026-11-24,November 2026,213,27.73,Construction,D365,INC rating hits ULTRA HOT threshold on 2026-11-24 — first call window,Get ahead of the Oct/Nov renewal rush; start ACER process now before IND-RA backlog builds,Nov Wk4 (Nov 22-30)
Cennet Biopharma Pvt. Ltd.,IND-RA,NCD/Bond,B-/A4,27-Feb-2026,LOW,HOT,2026-11-24,November 2026,118,15.0,Chemicals/Pharma,D365,INC rating hits HOT threshold on 2026-11-24 — first call window,Get ahead of the Oct/Nov renewal rush; start ACER process now before IND-RA backlog builds,Nov Wk4 (Nov 22-30)
Charoen Pokphand Seeds (India) Pvt. Ltd.,IND-RA,NCD/Bond,B-/A4,27-Feb-2026,LOW,HOT,2026-11-24,November 2026,118,110.0,Agro/Food,D365,INC rating hits HOT threshold on 2026-11-24 — first call window,Get ahead of the Oct/Nov renewal rush; start ACER process now before IND-RA backlog builds,Nov Wk4 (Nov 22-30)
Clavecon ( India) Pvt. Ltd.,IND-RA,NCD/Bond,B-/A4,24-Nov-2025,MEDIUM,ULTRA HOT,2026-11-24,November 2026,213,7.78,Other,D365,INC rating hits ULTRA HOT threshold on 2026-11-24 — first call window,Get ahead of the Oct/Nov renewal rush; start ACER process now before IND-RA backlog builds,Nov Wk4 (Nov 22-30)
Dev'S Chem Tec Pvt. Ltd.,IND-RA,NCD/Bond,B-/A4,24-Nov-2025,MEDIUM,ULTRA HOT,2026-11-24,November 2026,213,6.0,Chemicals/Pharma,D365,INC rating hits ULTRA HOT threshold on 2026-11-24 — first call window,Get ahead of the Oct/Nov renewal rush; start ACER process now before IND-RA backlog builds,Nov Wk4 (Nov 22-30)
Dhaulagiree Polyolefins Pvt. Ltd.,IND-RA,NCD/Bond,B-/A4,24-Nov-2025,MEDIUM,ULTRA HOT,2026-11-24,November 2026,213,3.4,Other,D365,INC rating hits ULTRA HOT threshold on 2026-11-24 — first call window,Get ahead of the Oct/Nov renewal rush; start ACER process now before IND-RA backlog builds,Nov Wk4 (Nov 22-30)
Diamond Textile Mills Pvt. Ltd.,IND-RA,NCD/Bond,B/A4,27-Feb-2026,LOW,HOT,2026-11-24,November 2026,118,53.0,Textiles,D365,INC rating hits HOT threshold on 2026-11-24 — first call window,Get ahead of the Oct/Nov renewal rush; start ACER process now before IND-RA backlog builds,Nov Wk4 (Nov 22-30)
Digilogic Systems Ltd.,IND-RA,NCD/Bond,B-/A4,24-Nov-2025,MEDIUM,ULTRA HOT,2026-11-24,November 2026,213,4.8,Other,D365,INC rating hits ULTRA HOT threshold on 2026-11-24 — first call window,Get ahead of the Oct/Nov renewal rush; start ACER process now before IND-RA backlog builds,Nov Wk4 (Nov 22-30)
Doddanavar Global Energy Pvt. Ltd.,IND-RA,Term Loan,B,04-Mar-2026,LOW,HOT,2026-11-29,November 2026,113,65.76,Energy,D365,INC rating hits HOT threshold on 2026-11-29 — first call window,Get ahead of the Oct/Nov renewal rush; start ACER process now before IND-RA backlog builds,Nov Wk4 (Nov 22-30)
Fiza Developers & Infrastructure Pvt. Ltd.,IND-RA,NCD/Bond,B-/A4,24-Nov-2025,MEDIUM,ULTRA HOT,2026-11-24,November 2026,213,15.0,Construction,D365,INC rating hits ULTRA HOT threshold on 2026-11-24 — first call window,Get ahead of the Oct/Nov renewal rush; start ACER process now before IND-RA backlog builds,Nov Wk4 (Nov 22-30)
Golden Seams Inds. Pvt. Ltd.,IND-RA,NCD/Bond,BB-/A4+,27-Feb-2026,LOW,HOT,2026-11-24,November 2026,118,40.0,Jewellery/Gems,D365,INC rating hits HOT threshold on 2026-11-24 — first call window,Get ahead of the Oct/Nov renewal rush; start ACER process now before IND-RA backlog builds,Nov Wk4 (Nov 22-30)
Harihar Alloys Pvt. Ltd.,IND-RA,NCD/Bond,B-/A4,24-Nov-2025,MEDIUM,ULTRA HOT,2026-11-24,November 2026,213,41.31,Steel & Metals,D365,INC rating hits ULTRA HOT threshold on 2026-11-24 — first call window,Get ahead of the Oct/Nov renewal rush; start ACER process now before IND-RA backlog builds,Nov Wk4 (Nov 22-30)
Jai Bhavani Furnishing Pvt. Ltd.,IND-RA,Term Loan,B-,24-Nov-2025,MEDIUM,ULTRA HOT,2026-11-24,November 2026,213,8.0,Other,D365,INC rating hits ULTRA HOT threshold on 2026-11-24 — first call window,Get ahead of the Oct/Nov renewal rush; start ACER process now before IND-RA backlog builds,Nov Wk4 (Nov 22-30)
Jasmine Towels Pvt. Ltd.,IND-RA,NCD/Bond,B/A4,24-Nov-2025,MEDIUM,ULTRA HOT,2026-11-24,November 2026,213,18.25,Other,D365,INC rating hits ULTRA HOT threshold on 2026-11-24 — first call window,Get ahead of the Oct/Nov renewal rush; start ACER process now before IND-RA backlog builds,Nov Wk4 (Nov 22-30)
Kafila Hospitality & Travels Pvt. Ltd.,IND-RA,Term Loan,B-,24-Nov-2025,MEDIUM,ULTRA HOT,2026-11-24,November 2026,213,42.5,Healthcare,D365,INC rating hits ULTRA HOT threshold on 2026-11-24 — first call window,Get ahead of the Oct/Nov renewal rush; start ACER process now before IND-RA backlog builds,Nov Wk4 (Nov 22-30)
Kandui Industries Pvt. Ltd.,IND-RA,NCD/Bond,B-/A4,24-Nov-2025,MEDIUM,ULTRA HOT,2026-11-24,November 2026,213,56.89,Manufacturing,D365,INC rating hits ULTRA HOT threshold on 2026-11-24 — first call window,Get ahead of the Oct/Nov renewal rush; start ACER process now before IND-RA backlog builds,Nov Wk4 (Nov 22-30)
King Impex Pvt. Ltd.,IND-RA,Term Loan,A 4,24-Nov-2025,MEDIUM,ULTRA HOT,2026-11-24,November 2026,213,7.5,Other,D365,INC rating hits ULTRA HOT threshold on 2026-11-24 — first call window,Get ahead of the Oct/Nov renewal rush; start ACER process now before IND-RA backlog builds,Nov Wk4 (Nov 22-30)
Lodz Denim Pvt. Ltd.,IND-RA,NCD/Bond,BB-/A4+,27-Feb-2026,LOW,HOT,2026-11-24,November 2026,118,118.0,Textiles,D365,INC rating hits HOT threshold on 2026-11-24 — first call window,Get ahead of the Oct/Nov renewal rush; start ACER process now before IND-RA backlog builds,Nov Wk4 (Nov 22-30)
M S Graphics Pvt. Ltd.,IND-RA,NCD/Bond,B-/A4,27-Feb-2026,LOW,HOT,2026-11-24,November 2026,118,18.0,Other,D365,INC rating hits HOT threshold on 2026-11-24 — first call window,Get ahead of the Oct/Nov renewal rush; start ACER process now before IND-RA backlog builds,Nov Wk4 (Nov 22-30)
Mani More Synthetics Pvt. Ltd.,IND-RA,NCD/Bond,B/A4,24-Nov-2025,MEDIUM,ULTRA HOT,2026-11-24,November 2026,213,8.11,Other,D365,INC rating hits ULTRA HOT threshold on 2026-11-24 — first call window,Get ahead of the Oct/Nov renewal rush; start ACER process now before IND-RA backlog builds,Nov Wk4 (Nov 22-30)
Mercury Industries Ltd.,IND-RA,NCD/Bond,B/A4,24-Nov-2025,MEDIUM,ULTRA HOT,2026-11-24,November 2026,213,16.43,Manufacturing,D365,INC rating hits ULTRA HOT threshold on 2026-11-24 — first call window,Get ahead of the Oct/Nov renewal rush; start ACER process now before IND-RA backlog builds,Nov Wk4 (Nov 22-30)
Metal Care Alloys Pvt. Ltd.,IND-RA,NCD/Bond,B/A4,24-Nov-2025,MEDIUM,ULTRA HOT,2026-11-24,November 2026,213,10.0,Steel & Metals,D365,INC rating hits ULTRA HOT threshold on 2026-11-24 — first call window,Get ahead of the Oct/Nov renewal rush; start ACER process now before IND-RA backlog builds,Nov Wk4 (Nov 22-30)
Milando Fashions Ltd.,IND-RA,NCD/Bond,B/A4,24-Nov-2025,MEDIUM,ULTRA HOT,2026-11-24,November 2026,213,10.88,Textiles,D365,INC rating hits ULTRA HOT threshold on 2026-11-24 — first call window,Get ahead of the Oct/Nov renewal rush; start ACER process now before IND-RA backlog builds,Nov Wk4 (Nov 22-30)
Navagiri Spinning Mills Pvt. Ltd.,IND-RA,Term Loan,B+,27-Feb-2026,LOW,HOT,2026-11-24,November 2026,118,47.0,Textiles,D365,INC rating hits HOT threshold on 2026-11-24 — first call window,Get ahead of the Oct/Nov renewal rush; start ACER process now before IND-RA backlog builds,Nov Wk4 (Nov 22-30)
Patdiam Jewellery Ltd.,IND-RA,NCD/Bond,B-/A4,24-Nov-2025,MEDIUM,ULTRA HOT,2026-11-24,November 2026,213,21.0,Jewellery/Gems,D365,INC rating hits ULTRA HOT threshold on 2026-11-24 — first call window,Get ahead of the Oct/Nov renewal rush; start ACER process now before IND-RA backlog builds,Nov Wk4 (Nov 22-30)
Prakash Parcel Services Ltd. (Karnataka),IND-RA,NCD/Bond,B/A4,27-Feb-2026,LOW,HOT,2026-11-24,November 2026,118,35.0,Other,D365,INC rating hits HOT threshold on 2026-11-24 — first call window,Get ahead of the Oct/Nov renewal rush; start ACER process now before IND-RA backlog builds,Nov Wk4 (Nov 22-30)
Prashu Minerals & Services Pvt. Ltd.,IND-RA,NCD/Bond,B/A4,24-Nov-2025,MEDIUM,ULTRA HOT,2026-11-24,November 2026,213,40.0,Mining/Minerals,D365,INC rating hits ULTRA HOT threshold on 2026-11-24 — first call window,Get ahead of the Oct/Nov renewal rush; start ACER process now before IND-RA backlog builds,Nov Wk4 (Nov 22-30)
Pratibha Syntex Ltd.,IND-RA,NCD/Bond,B-/A4,24-Nov-2025,MEDIUM,ULTRA HOT,2026-11-24,November 2026,213,549.24,Other,D365,INC rating hits ULTRA HOT threshold on 2026-11-24 — first call window,Get ahead of the Oct/Nov renewal rush; start ACER process now before IND-RA backlog builds,Nov Wk4 (Nov 22-30)
Precious Tradelink Pvt. Ltd.,IND-RA,Term Loan,A 4,24-Nov-2025,MEDIUM,ULTRA HOT,2026-11-24,November 2026,213,10.0,Paper/Packaging,D365,INC rating hits ULTRA HOT threshold on 2026-11-24 — first call window,Get ahead of the Oct/Nov renewal rush; start ACER process now before IND-RA backlog builds,Nov Wk4 (Nov 22-30)
Precise Automation & Control Pvt. Ltd.,IND-RA,NCD/Bond,B-/A4,24-Nov-2025,MEDIUM,ULTRA HOT,2026-11-24,November 2026,213,5.89,Automobiles,D365,INC rating hits ULTRA HOT threshold on 2026-11-24 — first call window,Get ahead of the Oct/Nov renewal rush; start ACER process now before IND-RA backlog builds,Nov Wk4 (Nov 22-30)
Premier Seafoods Exim Pvt. Ltd.,IND-RA,NCD/Bond,B-/A4,24-Nov-2025,MEDIUM,ULTRA HOT,2026-11-24,November 2026,213,18.0,Agro/Food,D365,INC rating hits ULTRA HOT threshold on 2026-11-24 — first call window,Get ahead of the Oct/Nov renewal rush; start ACER process now before IND-RA backlog builds,Nov Wk4 (Nov 22-30)
Prits Leather Art Pvt. Ltd.,IND-RA,NCD/Bond,B-/A4,27-Feb-2026,LOW,HOT,2026-11-24,November 2026,118,13.5,Other,D365,INC rating hits HOT threshold on 2026-11-24 — first call window,Get ahead of the Oct/Nov renewal rush; start ACER process now before IND-RA backlog builds,Nov Wk4 (Nov 22-30)
R S G Exports Pvt. Ltd.,IND-RA,NCD/Bond,B-/A4,24-Nov-2025,MEDIUM,ULTRA HOT,2026-11-24,November 2026,213,35.0,Logistics,D365,INC rating hits ULTRA HOT threshold on 2026-11-24 — first call window,Get ahead of the Oct/Nov renewal rush; start ACER process now before IND-RA backlog builds,Nov Wk4 (Nov 22-30)
Rajesh Power Services Ltd.,IND-RA,NCD/Bond,B-/A4,27-Feb-2026,LOW,HOT,2026-11-24,November 2026,118,47.0,Energy,D365,INC rating hits HOT threshold on 2026-11-24 — first call window,Get ahead of the Oct/Nov renewal rush; start ACER process now before IND-RA backlog builds,Nov Wk4 (Nov 22-30)
Ramya Reprographic Pvt. Ltd.,IND-RA,NCD/Bond,B/A4,27-Feb-2026,LOW,HOT,2026-11-24,November 2026,118,25.5,Other,D365,INC rating hits HOT threshold on 2026-11-24 — first call window,Get ahead of the Oct/Nov renewal rush; start ACER process now before IND-RA backlog builds,Nov Wk4 (Nov 22-30)
Rishi Ice & Cold Storage Pvt. Ltd.,IND-RA,NCD/Bond,B/A4,27-Feb-2026,LOW,HOT,2026-11-24,November 2026,118,3.66,Other,D365,INC rating hits HOT threshold on 2026-11-24 — first call window,Get ahead of the Oct/Nov renewal rush; start ACER process now before IND-RA backlog builds,Nov Wk4 (Nov 22-30)
Rushabh Flour Mills Pvt. Ltd.,IND-RA,NCD/Bond,B-/A4,24-Nov-2025,MEDIUM,ULTRA HOT,2026-11-24,November 2026,213,6.0,Agro/Food,D365,INC rating hits ULTRA HOT threshold on 2026-11-24 — first call window,Get ahead of the Oct/Nov renewal rush; start ACER process now before IND-RA backlog builds,Nov Wk4 (Nov 22-30)
S K M Infraventure Pvt. Ltd.,IND-RA,NCD/Bond,B-/A4,24-Nov-2025,MEDIUM,ULTRA HOT,2026-11-24,November 2026,213,6.0,Construction,D365,INC rating hits ULTRA HOT threshold on 2026-11-24 — first call window,Get ahead of the Oct/Nov renewal rush; start ACER process now before IND-RA backlog builds,Nov Wk4 (Nov 22-30)
Safety Controls & Devices Ltd.,IND-RA,NCD/Bond,B-/A4,24-Nov-2025,MEDIUM,ULTRA HOT,2026-11-24,November 2026,213,42.0,Other,D365,INC rating hits ULTRA HOT threshold on 2026-11-24 — first call window,Get ahead of the Oct/Nov renewal rush; start ACER process now before IND-RA backlog builds,Nov Wk4 (Nov 22-30)
Sangat Printers Pvt. Ltd.,IND-RA,NCD/Bond,B-/A4,24-Nov-2025,MEDIUM,ULTRA HOT,2026-11-24,November 2026,213,6.1,Paper/Packaging,D365,INC rating hits ULTRA HOT threshold on 2026-11-24 — first call window,Get ahead of the Oct/Nov renewal rush; start ACER process now before IND-RA backlog builds,Nov Wk4 (Nov 22-30)
Saswad Mali Sugar Factory Ltd.,IND-RA,Term Loan,B+,25-Feb-2026,LOW,HOT,2026-11-22,November 2026,120,35.56,Agro/Food,D365,INC rating hits HOT threshold on 2026-11-22 — first call window,Get ahead of the Oct/Nov renewal rush; start ACER process now before IND-RA backlog builds,Nov Wk4 (Nov 22-30)
Shiv Aum Steels Ltd.,IND-RA,NCD/Bond,B/A4,24-Nov-2025,MEDIUM,ULTRA HOT,2026-11-24,November 2026,213,65.0,Steel & Metals,D365,INC rating hits ULTRA HOT threshold on 2026-11-24 — first call window,Get ahead of the Oct/Nov renewal rush; start ACER process now before IND-RA backlog builds,Nov Wk4 (Nov 22-30)
Shri Ambalika Sugar Pvt. Ltd.,IND-RA,NCD/Bond,B/A4,24-Nov-2025,MEDIUM,ULTRA HOT,2026-11-24,November 2026,213,550.0,Agro/Food,D365,INC rating hits ULTRA HOT threshold on 2026-11-24 — first call window,Get ahead of the Oct/Nov renewal rush; start ACER process now before IND-RA backlog builds,Nov Wk4 (Nov 22-30)
Shyam Spectra Pvt. Ltd.,IND-RA,NCD/Bond,BB/A4+,28-Nov-2025,MEDIUM,ULTRA HOT,2026-11-28,November 2026,209,52.17,Other,D365,INC rating hits ULTRA HOT threshold on 2026-11-28 — first call window,Get ahead of the Oct/Nov renewal rush; start ACER process now before IND-RA backlog builds,Nov Wk4 (Nov 22-30)
Shyama Power India Ltd.,IND-RA,NCD/Bond,B-/A4,27-Feb-2026,LOW,HOT,2026-11-24,November 2026,118,469.44,Energy,D365,INC rating hits HOT threshold on 2026-11-24 — first call window,Get ahead of the Oct/Nov renewal rush; start ACER process now before IND-RA backlog builds,Nov Wk4 (Nov 22-30)
Siddapur Distilleries Ltd.,IND-RA,NCD/Bond,B/A4,24-Nov-2025,MEDIUM,ULTRA HOT,2026-11-24,November 2026,213,40.0,Other,D365,INC rating hits ULTRA HOT threshold on 2026-11-24 — first call window,Get ahead of the Oct/Nov renewal rush; start ACER process now before IND-RA backlog builds,Nov Wk4 (Nov 22-30)
Speedy Multimodes Ltd.,IND-RA,NCD/Bond,B-/A4,24-Nov-2025,MEDIUM,ULTRA HOT,2026-11-24,November 2026,213,34.5,Other,D365,INC rating hits ULTRA HOT threshold on 2026-11-24 — first call window,Get ahead of the Oct/Nov renewal rush; start ACER process now before IND-RA backlog builds,Nov Wk4 (Nov 22-30)
Sriavantika Contractors Highways (Anuskura) Pvt. Ltd.,IND-RA,Term Loan,B+,24-Nov-2025,MEDIUM,ULTRA HOT,2026-11-24,November 2026,213,61.6,Construction,D365,INC rating hits ULTRA HOT threshold on 2026-11-24 — first call window,Get ahead of the Oct/Nov renewal rush; start ACER process now before IND-RA backlog builds,Nov Wk4 (Nov 22-30)
Standard Cartons Pvt. Ltd.,IND-RA,NCD/Bond,B-/A4,24-Nov-2025,MEDIUM,ULTRA HOT,2026-11-24,November 2026,213,6.34,Paper/Packaging,D365,INC rating hits ULTRA HOT threshold on 2026-11-24 — first call window,Get ahead of the Oct/Nov renewal rush; start ACER process now before IND-RA backlog builds,Nov Wk4 (Nov 22-30)
Technosys Security Systems Pvt. Ltd.,IND-RA,NCD/Bond,B+/A4,27-Feb-2026,LOW,HOT,2026-11-24,November 2026,118,155.0,IT/Technology,D365,INC rating hits HOT threshold on 2026-11-24 — first call window,Get ahead of the Oct/Nov renewal rush; start ACER process now before IND-RA backlog builds,Nov Wk4 (Nov 22-30)
Telawne Power Equipments Pvt. Ltd.,IND-RA,NCD/Bond,B/A4,24-Nov-2025,MEDIUM,ULTRA HOT,2026-11-24,November 2026,213,28.0,Manufacturing,D365,INC rating hits ULTRA HOT threshold on 2026-11-24 — first call window,Get ahead of the Oct/Nov renewal rush; start ACER process now before IND-RA backlog builds,Nov Wk4 (Nov 22-30)
Tirupati Carbons & Chemicals Pvt. Ltd.,IND-RA,Bank Guarantee,A 4+,27-Feb-2026,LOW,HOT,2026-11-24,November 2026,118,1.0,Chemicals/Pharma,D365,INC rating hits HOT threshold on 2026-11-24 — first call window,Get ahead of the Oct/Nov renewal rush; start ACER process now before IND-RA backlog builds,Nov Wk4 (Nov 22-30)
Trijal Enterprise Pvt. Ltd.,IND-RA,NCD/Bond,B-/A4,24-Nov-2025,MEDIUM,ULTRA HOT,2026-11-24,November 2026,213,55.0,Other,D365,INC rating hits ULTRA HOT threshold on 2026-11-24 — first call window,Get ahead of the Oct/Nov renewal rush; start ACER process now before IND-RA backlog builds,Nov Wk4 (Nov 22-30)
Trivikrama Medical Services Pvt. Ltd.,IND-RA,Term Loan,B,24-Nov-2025,MEDIUM,ULTRA HOT,2026-11-24,November 2026,213,7.0,Healthcare,D365,INC rating hits ULTRA HOT threshold on 2026-11-24 — first call window,Get ahead of the Oct/Nov renewal rush; start ACER process now before IND-RA backlog builds,Nov Wk4 (Nov 22-30)
V R G Industries Pvt. Ltd.,IND-RA,NCD/Bond,B-/A4,24-Nov-2025,MEDIUM,ULTRA HOT,2026-11-24,November 2026,213,10.0,Manufacturing,D365,INC rating hits ULTRA HOT threshold on 2026-11-24 — first call window,Get ahead of the Oct/Nov renewal rush; start ACER process now before IND-RA backlog builds,Nov Wk4 (Nov 22-30)
Vijai Construction (India) Pvt. Ltd.,IND-RA,NCD/Bond,B/A4,27-Feb-2026,LOW,HOT,2026-11-24,November 2026,118,52.0,Construction,D365,INC rating hits HOT threshold on 2026-11-24 — first call window,Get ahead of the Oct/Nov renewal rush; start ACER process now before IND-RA backlog builds,Nov Wk4 (Nov 22-30)
Vishwaraj Sugar Inds. Ltd.,IND-RA,Term Loan,B-,24-Nov-2025,MEDIUM,ULTRA HOT,2026-11-24,November 2026,213,215.0,Agro/Food,D365,INC rating hits ULTRA HOT threshold on 2026-11-24 — first call window,Get ahead of the Oct/Nov renewal rush; start ACER process now before IND-RA backlog builds,Nov Wk4 (Nov 22-30)
A & T Infracon Pvt. Ltd.,IND-RA,Non-Fund-Based,A 3,08-Apr-2026,LOW,MEDIUM,2026-10-05,October 2026,78,45.0,Construction,D365,INC rating hits MEDIUM threshold on 2026-10-05 — first call window,Get ahead of the Oct/Nov renewal rush; start ACER process now before IND-RA backlog builds,Oct Wk1 (Oct 1-7)
A & T Infracon Pvt. Ltd.,IND-RA,Term Loan,BBB-,08-Apr-2026,LOW,MEDIUM,2026-10-05,October 2026,78,0.9,Construction,D365,INC rating hits MEDIUM threshold on 2026-10-05 — first call window,Get ahead of the Oct/Nov renewal rush; start ACER process now before IND-RA backlog builds,Oct Wk1 (Oct 1-7)
A & T Infracon Pvt. Ltd.,IND-RA,Term Loan,BBB-,08-Apr-2026,LOW,MEDIUM,2026-10-05,October 2026,78,1.1,Construction,D365,INC rating hits MEDIUM threshold on 2026-10-05 — first call window,Get ahead of the Oct/Nov renewal rush; start ACER process now before IND-RA backlog builds,Oct Wk1 (Oct 1-7)
Adwaith Lakshmi Inds. Ltd.,IND-RA,Non-Fund-Based,A 4,09-Jan-2026,LOW,HOT,2026-10-06,October 2026,167,10.0,Other,D365,INC rating hits HOT threshold on 2026-10-06 — first call window,Get ahead of the Oct/Nov renewal rush; start ACER process now before IND-RA backlog builds,Oct Wk1 (Oct 1-7)
Adwaith Lakshmi Inds. Ltd.,IND-RA,Term Loan,B+,09-Jan-2026,LOW,HOT,2026-10-06,October 2026,167,49.01,Other,D365,INC rating hits HOT threshold on 2026-10-06 — first call window,Get ahead of the Oct/Nov renewal rush; start ACER process now before IND-RA backlog builds,Oct Wk1 (Oct 1-7)
Adwaith Textiles Pvt. Ltd.,IND-RA,Bank Guarantee,A 4+,09-Jan-2026,LOW,HOT,2026-10-06,October 2026,167,1.0,Construction,D365,INC rating hits HOT threshold on 2026-10-06 — first call window,Get ahead of the Oct/Nov renewal rush; start ACER process now before IND-RA backlog builds,Oct Wk1 (Oct 1-7)
Adwaith Textiles Pvt. Ltd.,IND-RA,Letter of Credit,A 4+,09-Jan-2026,LOW,HOT,2026-10-06,October 2026,167,7.5,Construction,D365,INC rating hits HOT threshold on 2026-10-06 — first call window,Get ahead of the Oct/Nov renewal rush; start ACER process now before IND-RA backlog builds,Oct Wk1 (Oct 1-7)
Adwaith Textiles Pvt. Ltd.,IND-RA,Term Loan,BB-,09-Jan-2026,LOW,HOT,2026-10-06,October 2026,167,44.6,Construction,D365,INC rating hits HOT threshold on 2026-10-06 — first call window,Get ahead of the Oct/Nov renewal rush; start ACER process now before IND-RA backlog builds,Oct Wk1 (Oct 1-7)
Ganpati Infrastructure Devp. Co. Ltd.,IND-RA,Term Loan,BB-,07-Jan-2026,LOW,HOT,2026-10-04,October 2026,169,47.75,Construction,D365,INC rating hits HOT threshold on 2026-10-04 — first call window,Get ahead of the Oct/Nov renewal rush; start ACER process now before IND-RA backlog builds,Oct Wk1 (Oct 1-7)
Ganpati Infrastructure Devp. Co. Ltd.,IND-RA,Term Loan,BB-,07-Jan-2026,LOW,HOT,2026-10-04,October 2026,169,20.0,Construction,D365,INC rating hits HOT threshold on 2026-10-04 — first call window,Get ahead of the Oct/Nov renewal rush; start ACER process now before IND-RA backlog builds,Oct Wk1 (Oct 1-7)
Gypsum Structural India Pvt. Ltd.,IND-RA,NCD/Bond,B/A4,10-Apr-2026,LOW,MEDIUM,2026-10-07,October 2026,76,6.0,Other,D365,INC rating hits MEDIUM threshold on 2026-10-07 — first call window,Get ahead of the Oct/Nov renewal rush; start ACER process now before IND-RA backlog builds,Oct Wk1 (Oct 1-7)
Indicon Construction Pvt. Ltd.,IND-RA,Non-Fund-Based,A 4,09-Jan-2026,LOW,HOT,2026-10-06,October 2026,167,20.0,Construction,D365,INC rating hits HOT threshold on 2026-10-06 — first call window,Get ahead of the Oct/Nov renewal rush; start ACER process now before IND-RA backlog builds,Oct Wk1 (Oct 1-7)
Indicon Construction Pvt. Ltd.,IND-RA,Term Loan,B+,09-Jan-2026,LOW,HOT,2026-10-06,October 2026,167,24.15,Construction,D365,INC rating hits HOT threshold on 2026-10-06 — first call window,Get ahead of the Oct/Nov renewal rush; start ACER process now before IND-RA backlog builds,Oct Wk1 (Oct 1-7)
Meenakshi Udyog (India) Pvt. Ltd.,IND-RA,Term Loan,BBB-,06-Oct-2025,MEDIUM,ULTRA HOT,2026-10-06,October 2026,262,16.12,Other,D365,INC rating hits ULTRA HOT threshold on 2026-10-06 — first call window,Get ahead of the Oct/Nov renewal rush; start ACER process now before IND-RA backlog builds,Oct Wk1 (Oct 1-7)
Meenakshi Udyog (India) Pvt. Ltd.,IND-RA,Term Loan,BBB-,06-Oct-2025,MEDIUM,ULTRA HOT,2026-10-06,October 2026,262,27.87,Other,D365,INC rating hits ULTRA HOT threshold on 2026-10-06 — first call window,Get ahead of the Oct/Nov renewal rush; start ACER process now before IND-RA backlog builds,Oct Wk1 (Oct 1-7)
Standard Infratech India Pvt. Ltd.,IND-RA,NCD/Bond,BB+/A4+,06-Oct-2025,MEDIUM,ULTRA HOT,2026-10-06,October 2026,262,163.05,Construction,D365,INC rating hits ULTRA HOT threshold on 2026-10-06 — first call window,Get ahead of the Oct/Nov renewal rush; start ACER process now before IND-RA backlog builds,Oct Wk1 (Oct 1-7)
Thenpandian Spinning Mills India Pvt. Ltd.,IND-RA,Non-Fund-Based,A 4+,06-Apr-2026,LOW,MEDIUM,2026-10-03,October 2026,80,1.0,Textiles,D365,INC rating hits MEDIUM threshold on 2026-10-03 — first call window,Get ahead of the Oct/Nov renewal rush; start ACER process now before IND-RA backlog builds,Oct Wk1 (Oct 1-7)
Thenpandian Spinning Mills India Pvt. Ltd.,IND-RA,Term Loan,BB+,06-Apr-2026,LOW,MEDIUM,2026-10-03,October 2026,80,47.35,Textiles,D365,INC rating hits MEDIUM threshold on 2026-10-03 — first call window,Get ahead of the Oct/Nov renewal rush; start ACER process now before IND-RA backlog builds,Oct Wk1 (Oct 1-7)
Zebion Infotech Ltd.,IND-RA,Term Loan,BB+,09-Jan-2026,LOW,HOT,2026-10-06,October 2026,167,2.9,IT/Technology,D365,INC rating hits HOT threshold on 2026-10-06 — first call window,Get ahead of the Oct/Nov renewal rush; start ACER process now before IND-RA backlog builds,Oct Wk1 (Oct 1-7)
A A A Textiles Pvt. Ltd.,IND-RA,NCD/Bond,BB/A4+,08-Oct-2025,MEDIUM,ULTRA HOT,2026-10-08,October 2026,260,5.36,Construction,D365,INC rating hits ULTRA HOT threshold on 2026-10-08 — first call window,Get ahead of the Oct/Nov renewal rush; start ACER process now before IND-RA backlog builds,Oct Wk2 (Oct 8-14)
A A A Textiles Pvt. Ltd.,IND-RA,Term Loan,BB,08-Oct-2025,MEDIUM,ULTRA HOT,2026-10-08,October 2026,260,20.63,Construction,D365,INC rating hits ULTRA HOT threshold on 2026-10-08 — first call window,Get ahead of the Oct/Nov renewal rush; start ACER process now before IND-RA backlog builds,Oct Wk2 (Oct 8-14)
A F P Manufacturing Co. Pvt. Ltd.,IND-RA,Term Loan,B-,16-Jan-2026,LOW,HOT,2026-10-13,October 2026,160,39.5,Manufacturing,D365,INC rating hits HOT threshold on 2026-10-13 — first call window,Get ahead of the Oct/Nov renewal rush; start ACER process now before IND-RA backlog builds,Oct Wk2 (Oct 8-14)
A P R Constructions Ltd.,IND-RA,NCD/Bond,B/A4,16-Jan-2026,LOW,HOT,2026-10-13,October 2026,160,150.0,Construction,D365,INC rating hits HOT threshold on 2026-10-13 — first call window,Get ahead of the Oct/Nov renewal rush; start ACER process now before IND-RA backlog builds,Oct Wk2 (Oct 8-14)
Aarti Infrastructure & Buildcon Ltd.,IND-RA,NCD/Bond,B-/A4,16-Jan-2026,LOW,HOT,2026-10-13,October 2026,160,12.0,Construction,D365,INC rating hits HOT threshold on 2026-10-13 — first call window,Get ahead of the Oct/Nov renewal rush; start ACER process now before IND-RA backlog builds,Oct Wk2 (Oct 8-14)
Ahlada Engineers Ltd.,IND-RA,Non-Fund-Based,A 4,08-Oct-2025,MEDIUM,ULTRA HOT,2026-10-08,October 2026,260,15.0,Manufacturing,D365,INC rating hits ULTRA HOT threshold on 2026-10-08 — first call window,Get ahead of the Oct/Nov renewal rush; start ACER process now before IND-RA backlog builds,Oct Wk2 (Oct 8-14)
Ahlada Engineers Ltd.,IND-RA,Term Loan,C,08-Oct-2025,MEDIUM,ULTRA HOT,2026-10-08,October 2026,260,1.0,Manufacturing,D365,INC rating hits ULTRA HOT threshold on 2026-10-08 — first call window,Get ahead of the Oct/Nov renewal rush; start ACER process now before IND-RA backlog builds,Oct Wk2 (Oct 8-14)
Alpha Pacific Systems Pvt. Ltd.,IND-RA,NCD/Bond,B-/A4,16-Jan-2026,LOW,HOT,2026-10-13,October 2026,160,6.7,Other,D365,INC rating hits HOT threshold on 2026-10-13 — first call window,Get ahead of the Oct/Nov renewal rush; start ACER process now before IND-RA backlog builds,Oct Wk2 (Oct 8-14)
Ambica Jute Mills Ltd.,IND-RA,Non-Fund-Based,A 3+,14-Apr-2026,LOW,MEDIUM,2026-10-11,October 2026,72,20.0,Textiles,D365,INC rating hits MEDIUM threshold on 2026-10-11 — first call window,Get ahead of the Oct/Nov renewal rush; start ACER process now before IND-RA backlog builds,Oct Wk2 (Oct 8-14)
Ambica Jute Mills Ltd.,IND-RA,Term Loan,BBB,14-Apr-2026,LOW,MEDIUM,2026-10-11,October 2026,72,259.61,Textiles,D365,INC rating hits MEDIUM threshold on 2026-10-11 — first call window,Get ahead of the Oct/Nov renewal rush; start ACER process now before IND-RA backlog builds,Oct Wk2 (Oct 8-14)
Anand Construwell Pvt. Ltd.,IND-RA,NCD/Bond,B/A4,16-Jan-2026,LOW,HOT,2026-10-13,October 2026,160,21.0,Other,D365,INC rating hits HOT threshold on 2026-10-13 — first call window,Get ahead of the Oct/Nov renewal rush; start ACER process now before IND-RA backlog builds,Oct Wk2 (Oct 8-14)
Anant Steels Pvt. Ltd.,IND-RA,Term Loan,B-,16-Jan-2026,LOW,HOT,2026-10-13,October 2026,160,6.0,Steel & Metals,D365,INC rating hits HOT threshold on 2026-10-13 — first call window,Get ahead of the Oct/Nov renewal rush; start ACER process now before IND-RA backlog builds,Oct Wk2 (Oct 8-14)
Athulitha Laboratories Pvt. Ltd.,IND-RA,NCD/Bond,B-/A4,16-Jan-2026,LOW,HOT,2026-10-13,October 2026,160,10.52,Healthcare,D365,INC rating hits HOT threshold on 2026-10-13 — first call window,Get ahead of the Oct/Nov renewal rush; start ACER process now before IND-RA backlog builds,Oct Wk2 (Oct 8-14)
Baddi Infrastructure,IND-RA,Term Loan,B-,16-Jan-2026,LOW,HOT,2026-10-13,October 2026,160,5.2,Construction,D365,INC rating hits HOT threshold on 2026-10-13 — first call window,Get ahead of the Oct/Nov renewal rush; start ACER process now before IND-RA backlog builds,Oct Wk2 (Oct 8-14)
Bajrang Steel & Alloys Pvt. Ltd.,IND-RA,Term Loan,B,16-Jan-2026,LOW,HOT,2026-10-13,October 2026,160,14.0,Steel & Metals,D365,INC rating hits HOT threshold on 2026-10-13 — first call window,Get ahead of the Oct/Nov renewal rush; start ACER process now before IND-RA backlog builds,Oct Wk2 (Oct 8-14)
Bay Datacom Solutions Pvt. Ltd.,IND-RA,NCD/Bond,B/A4,16-Jan-2026,LOW,HOT,2026-10-13,October 2026,160,23.0,IT/Technology,D365,INC rating hits HOT threshold on 2026-10-13 — first call window,Get ahead of the Oct/Nov renewal rush; start ACER process now before IND-RA backlog builds,Oct Wk2 (Oct 8-14)
Bhimseria Agro Pvt. Ltd.,IND-RA,Term Loan,B-,16-Jan-2026,LOW,HOT,2026-10-13,October 2026,160,12.77,Agro/Food,D365,INC rating hits HOT threshold on 2026-10-13 — first call window,Get ahead of the Oct/Nov renewal rush; start ACER process now before IND-RA backlog builds,Oct Wk2 (Oct 8-14)
Binary Apparel Park Pvt. Ltd.,IND-RA,Term Loan,B-,16-Jan-2026,LOW,HOT,2026-10-13,October 2026,160,12.0,Textiles,D365,INC rating hits HOT threshold on 2026-10-13 — first call window,Get ahead of the Oct/Nov renewal rush; start ACER process now before IND-RA backlog builds,Oct Wk2 (Oct 8-14)
Budhia Agencies Pvt. Ltd.,IND-RA,Term Loan,B+,16-Jan-2026,LOW,HOT,2026-10-13,October 2026,160,19.5,Other,D365,INC rating hits HOT threshold on 2026-10-13 — first call window,Get ahead of the Oct/Nov renewal rush; start ACER process now before IND-RA backlog builds,Oct Wk2 (Oct 8-14)
Calcutta Radio Service Pvt. Ltd.,IND-RA,Term Loan,B-,16-Jan-2026,LOW,HOT,2026-10-13,October 2026,160,10.5,Other,D365,INC rating hits HOT threshold on 2026-10-13 — first call window,Get ahead of the Oct/Nov renewal rush; start ACER process now before IND-RA backlog builds,Oct Wk2 (Oct 8-14)
Caltron Info Trade Pvt. Ltd.,IND-RA,Term Loan,B-,16-Jan-2026,LOW,HOT,2026-10-13,October 2026,160,14.5,Trading/Exports,D365,INC rating hits HOT threshold on 2026-10-13 — first call window,Get ahead of the Oct/Nov renewal rush; start ACER process now before IND-RA backlog builds,Oct Wk2 (Oct 8-14)
Chanakya Technos Pvt. Ltd.,IND-RA,NCD/Bond,B-/A4,16-Jan-2026,LOW,HOT,2026-10-13,October 2026,160,10.3,IT/Technology,D365,INC rating hits HOT threshold on 2026-10-13 — first call window,Get ahead of the Oct/Nov renewal rush; start ACER process now before IND-RA backlog builds,Oct Wk2 (Oct 8-14)
Commercial Auto Products Pvt. Ltd.,IND-RA,NCD/Bond,B-/A4,16-Jan-2026,LOW,HOT,2026-10-13,October 2026,160,10.0,Automobiles,D365,INC rating hits HOT threshold on 2026-10-13 — first call window,Get ahead of the Oct/Nov renewal rush; start ACER process now before IND-RA backlog builds,Oct Wk2 (Oct 8-14)
Continental Milkose (India) Ltd.,IND-RA,NCD/Bond,B-/A4,16-Jan-2026,LOW,HOT,2026-10-13,October 2026,160,40.0,Steel & Metals,D365,INC rating hits HOT threshold on 2026-10-13 — first call window,Get ahead of the Oct/Nov renewal rush; start ACER process now before IND-RA backlog builds,Oct Wk2 (Oct 8-14)
Dee Vee Projects Ltd.,IND-RA,Term Loan,B,16-Jan-2026,LOW,HOT,2026-10-13,October 2026,160,26.6,Construction,D365,INC rating hits HOT threshold on 2026-10-13 — first call window,Get ahead of the Oct/Nov renewal rush; start ACER process now before IND-RA backlog builds,Oct Wk2 (Oct 8-14)
Dhara Petrochemicals Pvt. Ltd. [Merged],IND-RA,NCD/Bond,B-/A4,16-Jan-2026,LOW,HOT,2026-10-13,October 2026,160,11.5,Chemicals/Pharma,D365,INC rating hits HOT threshold on 2026-10-13 — first call window,Get ahead of the Oct/Nov renewal rush; start ACER process now before IND-RA backlog builds,Oct Wk2 (Oct 8-14)
Eapro Global Ltd.,IND-RA,NCD/Bond,B-/A4,16-Jan-2026,LOW,HOT,2026-10-13,October 2026,160,10.0,Other,D365,INC rating hits HOT threshold on 2026-10-13 — first call window,Get ahead of the Oct/Nov renewal rush; start ACER process now before IND-RA backlog builds,Oct Wk2 (Oct 8-14)
Ecokrin Hygiene Pvt. Ltd.,IND-RA,NCD/Bond,B-/A4,16-Jan-2026,LOW,HOT,2026-10-13,October 2026,160,5.75,Other,D365,INC rating hits HOT threshold on 2026-10-13 — first call window,Get ahead of the Oct/Nov renewal rush; start ACER process now before IND-RA backlog builds,Oct Wk2 (Oct 8-14)
Egwood Boards & Panels Pvt. Ltd.,IND-RA,NCD/Bond,B-/A4,16-Jan-2026,LOW,HOT,2026-10-13,October 2026,160,14.27,Paper/Packaging,D365,INC rating hits HOT threshold on 2026-10-13 — first call window,Get ahead of the Oct/Nov renewal rush; start ACER process now before IND-RA backlog builds,Oct Wk2 (Oct 8-14)
Elastochemie Impex Pvt. Ltd.,IND-RA,NCD/Bond,B-/A4,16-Jan-2026,LOW,HOT,2026-10-13,October 2026,160,15.4,Chemicals/Pharma,D365,INC rating hits HOT threshold on 2026-10-13 — first call window,Get ahead of the Oct/Nov renewal rush; start ACER process now before IND-RA backlog builds,Oct Wk2 (Oct 8-14)
Element Chemilink Pvt. Ltd.,IND-RA,NCD/Bond,B/A4,16-Jan-2026,LOW,HOT,2026-10-13,October 2026,160,6.58,Chemicals/Pharma,D365,INC rating hits HOT threshold on 2026-10-13 — first call window,Get ahead of the Oct/Nov renewal rush; start ACER process now before IND-RA backlog builds,Oct Wk2 (Oct 8-14)
Emdee Digitronics Pvt. Ltd.,IND-RA,NCD/Bond,B-/A4,16-Jan-2026,LOW,HOT,2026-10-13,October 2026,160,12.15,Other,D365,INC rating hits HOT threshold on 2026-10-13 — first call window,Get ahead of the Oct/Nov renewal rush; start ACER process now before IND-RA backlog builds,Oct Wk2 (Oct 8-14)
Encorp Powertrans Pvt. Ltd.,IND-RA,NCD/Bond,B/A4,16-Jan-2026,LOW,HOT,2026-10-13,October 2026,160,55.0,Energy,D365,INC rating hits HOT threshold on 2026-10-13 — first call window,Get ahead of the Oct/Nov renewal rush; start ACER process now before IND-RA backlog builds,Oct Wk2 (Oct 8-14)
Everrenew Energy Pvt. Ltd.,IND-RA,Non-Fund-Based,A 4+,13-Apr-2026,LOW,MEDIUM,2026-10-10,October 2026,73,103.0,Energy,D365,INC rating hits MEDIUM threshold on 2026-10-10 — first call window,Get ahead of the Oct/Nov renewal rush; start ACER process now before IND-RA backlog builds,Oct Wk2 (Oct 8-14)
Everrenew Energy Pvt. Ltd.,IND-RA,NCD/Bond,BB/A4+,13-Apr-2026,LOW,MEDIUM,2026-10-10,October 2026,73,25.0,Energy,D365,INC rating hits MEDIUM threshold on 2026-10-10 — first call window,Get ahead of the Oct/Nov renewal rush; start ACER process now before IND-RA backlog builds,Oct Wk2 (Oct 8-14)
Everrenew Energy Pvt. Ltd.,IND-RA,NCD/Bond,BB/A4+,13-Apr-2026,LOW,MEDIUM,2026-10-10,October 2026,73,141.0,Energy,D365,INC rating hits MEDIUM threshold on 2026-10-10 — first call window,Get ahead of the Oct/Nov renewal rush; start ACER process now before IND-RA backlog builds,Oct Wk2 (Oct 8-14)
Frontier Warehousing Ltd.,IND-RA,Term Loan,B,16-Jan-2026,LOW,HOT,2026-10-13,October 2026,160,34.5,Construction,D365,INC rating hits HOT threshold on 2026-10-13 — first call window,Get ahead of the Oct/Nov renewal rush; start ACER process now before IND-RA backlog builds,Oct Wk2 (Oct 8-14)
G M W Engineers Pvt. Ltd.,IND-RA,NCD/Bond,B-/A4,16-Jan-2026,LOW,HOT,2026-10-13,October 2026,160,11.88,Manufacturing,D365,INC rating hits HOT threshold on 2026-10-13 — first call window,Get ahead of the Oct/Nov renewal rush; start ACER process now before IND-RA backlog builds,Oct Wk2 (Oct 8-14)
G S R Ventures Pvt. Ltd.,IND-RA,Non-Fund-Based,A 4,16-Jan-2026,LOW,HOT,2026-10-13,October 2026,160,50.0,Other,D365,INC rating hits HOT threshold on 2026-10-13 — first call window,Get ahead of the Oct/Nov renewal rush; start ACER process now before IND-RA backlog builds,Oct Wk2 (Oct 8-14)
Gajraj Automobiles Pvt. Ltd.,IND-RA,Term Loan,B-,16-Jan-2026,LOW,HOT,2026-10-13,October 2026,160,18.0,Automobiles,D365,INC rating hits HOT threshold on 2026-10-13 — first call window,Get ahead of the Oct/Nov renewal rush; start ACER process now before IND-RA backlog builds,Oct Wk2 (Oct 8-14)
Gayatri Microns Pvt. Ltd.,IND-RA,NCD/Bond,B-/A4,16-Jan-2026,LOW,HOT,2026-10-13,October 2026,160,8.24,Other,D365,INC rating hits HOT threshold on 2026-10-13 — first call window,Get ahead of the Oct/Nov renewal rush; start ACER process now before IND-RA backlog builds,Oct Wk2 (Oct 8-14)
George Maijo Inds. Pvt. Ltd.,IND-RA,NCD/Bond,B-/A4,16-Jan-2026,LOW,HOT,2026-10-13,October 2026,160,74.32,Other,D365,INC rating hits HOT threshold on 2026-10-13 — first call window,Get ahead of the Oct/Nov renewal rush; start ACER process now before IND-RA backlog builds,Oct Wk2 (Oct 8-14)
Goodwear Fashions Pvt. Ltd.,IND-RA,NCD/Bond,B-/A4,16-Jan-2026,LOW,HOT,2026-10-13,October 2026,160,10.35,Textiles,D365,INC rating hits HOT threshold on 2026-10-13 — first call window,Get ahead of the Oct/Nov renewal rush; start ACER process now before IND-RA backlog builds,Oct Wk2 (Oct 8-14)
Hamd Foods Pvt. Ltd.,IND-RA,Term Loan,A 4,16-Jan-2026,LOW,HOT,2026-10-13,October 2026,160,10.8,Agro/Food,D365,INC rating hits HOT threshold on 2026-10-13 — first call window,Get ahead of the Oct/Nov renewal rush; start ACER process now before IND-RA backlog builds,Oct Wk2 (Oct 8-14)
Har Auto Pvt. Ltd.,IND-RA,NCD/Bond,B-/A4,16-Jan-2026,LOW,HOT,2026-10-13,October 2026,160,18.0,Automobiles,D365,INC rating hits HOT threshold on 2026-10-13 — first call window,Get ahead of the Oct/Nov renewal rush; start ACER process now before IND-RA backlog builds,Oct Wk2 (Oct 8-14)
Indera Garments Pvt. Ltd.,IND-RA,Term Loan,B-,16-Jan-2026,LOW,HOT,2026-10-13,October 2026,160,6.0,Textiles,D365,INC rating hits HOT threshold on 2026-10-13 — first call window,Get ahead of the Oct/Nov renewal rush; start ACER process now before IND-RA backlog builds,Oct Wk2 (Oct 8-14)
Inrhythm Energy Pvt. Ltd.,IND-RA,Term Loan,A 4,16-Jan-2026,LOW,HOT,2026-10-13,October 2026,160,24.0,Energy,D365,INC rating hits HOT threshold on 2026-10-13 — first call window,Get ahead of the Oct/Nov renewal rush; start ACER process now before IND-RA backlog builds,Oct Wk2 (Oct 8-14)
Jagruti Sugar & Allied Inds. Ltd.,IND-RA,NCD/Bond,BB-/A4+,12-Jan-2026,LOW,HOT,2026-10-09,October 2026,164,75.0,Agro/Food,D365,INC rating hits HOT threshold on 2026-10-09 — first call window,Get ahead of the Oct/Nov renewal rush; start ACER process now before IND-RA backlog builds,Oct Wk2 (Oct 8-14)
Jai Bhagwati Texprint Pvt. Ltd.,IND-RA,Term Loan,B-,16-Jan-2026,LOW,HOT,2026-10-13,October 2026,160,5.0,Paper/Packaging,D365,INC rating hits HOT threshold on 2026-10-13 — first call window,Get ahead of the Oct/Nov renewal rush; start ACER process now before IND-RA backlog builds,Oct Wk2 (Oct 8-14)
Jai Kumar Arun Kumar Pvt. Ltd.,IND-RA,NCD/Bond,B-/A4,16-Jan-2026,LOW,HOT,2026-10-13,October 2026,160,8.75,Other,D365,INC rating hits HOT threshold on 2026-10-13 — first call window,Get ahead of the Oct/Nov renewal rush; start ACER process now before IND-RA backlog builds,Oct Wk2 (Oct 8-14)
Jaipan Industries Ltd.,IND-RA,Term Loan,B-,16-Jan-2026,LOW,HOT,2026-10-13,October 2026,160,7.0,Manufacturing,D365,INC rating hits HOT threshold on 2026-10-13 — first call window,Get ahead of the Oct/Nov renewal rush; start ACER process now before IND-RA backlog builds,Oct Wk2 (Oct 8-14)
Janani Foodtek (I) Pvt. Ltd.,IND-RA,Term Loan,B-,16-Jan-2026,LOW,HOT,2026-10-13,October 2026,160,14.5,Agro/Food,D365,INC rating hits HOT threshold on 2026-10-13 — first call window,Get ahead of the Oct/Nov renewal rush; start ACER process now before IND-RA backlog builds,Oct Wk2 (Oct 8-14)
Jatson Power Pvt. Ltd.,IND-RA,NCD/Bond,B-/A4,16-Jan-2026,LOW,HOT,2026-10-13,October 2026,160,8.0,Energy,D365,INC rating hits HOT threshold on 2026-10-13 — first call window,Get ahead of the Oct/Nov renewal rush; start ACER process now before IND-RA backlog builds,Oct Wk2 (Oct 8-14)
K M K Global Ltd.,IND-RA,NCD/Bond,B/A4,16-Jan-2026,LOW,HOT,2026-10-13,October 2026,160,6.8,Other,D365,INC rating hits HOT threshold on 2026-10-13 — first call window,Get ahead of the Oct/Nov renewal rush; start ACER process now before IND-RA backlog builds,Oct Wk2 (Oct 8-14)
K P M Processing Mill Pvt. Ltd.,IND-RA,NCD/Bond,B-/A4,16-Jan-2026,LOW,HOT,2026-10-13,October 2026,160,22.59,Other,D365,INC rating hits HOT threshold on 2026-10-13 — first call window,Get ahead of the Oct/Nov renewal rush; start ACER process now before IND-RA backlog builds,Oct Wk2 (Oct 8-14)
Kaizen Cold Formed Steel Pvt. Ltd.,IND-RA,NCD/Bond,B-/A4,16-Jan-2026,LOW,HOT,2026-10-13,October 2026,160,11.07,Steel & Metals,D365,INC rating hits HOT threshold on 2026-10-13 — first call window,Get ahead of the Oct/Nov renewal rush; start ACER process now before IND-RA backlog builds,Oct Wk2 (Oct 8-14)
Kannappan Iron & Steel Co. Pvt. Ltd.,IND-RA,NCD/Bond,B/A4,16-Jan-2026,LOW,HOT,2026-10-13,October 2026,160,63.4,Steel & Metals,D365,INC rating hits HOT threshold on 2026-10-13 — first call window,Get ahead of the Oct/Nov renewal rush; start ACER process now before IND-RA backlog builds,Oct Wk2 (Oct 8-14)
Kelvin Jute Ltd.,IND-RA,Non-Fund-Based,A 3+,14-Apr-2026,LOW,MEDIUM,2026-10-11,October 2026,72,10.0,Textiles,D365,INC rating hits MEDIUM threshold on 2026-10-11 — first call window,Get ahead of the Oct/Nov renewal rush; start ACER process now before IND-RA backlog builds,Oct Wk2 (Oct 8-14)
Kelvin Jute Ltd.,IND-RA,Term Loan,BBB,14-Apr-2026,LOW,MEDIUM,2026-10-11,October 2026,72,7.73,Textiles,D365,INC rating hits MEDIUM threshold on 2026-10-11 — first call window,Get ahead of the Oct/Nov renewal rush; start ACER process now before IND-RA backlog builds,Oct Wk2 (Oct 8-14)
Khedut Solvexp Pvt. Ltd.,IND-RA,NCD/Bond,B/A4,16-Jan-2026,LOW,HOT,2026-10-13,October 2026,160,75.0,Other,D365,INC rating hits HOT threshold on 2026-10-13 — first call window,Get ahead of the Oct/Nov renewal rush; start ACER process now before IND-RA backlog builds,Oct Wk2 (Oct 8-14)
Kinjal Chemicals Pvt. Ltd.,IND-RA,NCD/Bond,B-/A4,16-Jan-2026,LOW,HOT,2026-10-13,October 2026,160,14.0,Chemicals/Pharma,D365,INC rating hits HOT threshold on 2026-10-13 — first call window,Get ahead of the Oct/Nov renewal rush; start ACER process now before IND-RA backlog builds,Oct Wk2 (Oct 8-14)
Kolluri Impex Pvt. Ltd.,IND-RA,NCD/Bond,B-/A4,16-Jan-2026,LOW,HOT,2026-10-13,October 2026,160,15.0,Other,D365,INC rating hits HOT threshold on 2026-10-13 — first call window,Get ahead of the Oct/Nov renewal rush; start ACER process now before IND-RA backlog builds,Oct Wk2 (Oct 8-14)
Kurinji Spinning Mills Pvt. Ltd.,IND-RA,Term Loan,B-,16-Jan-2026,LOW,HOT,2026-10-13,October 2026,160,21.4,Textiles,D365,INC rating hits HOT threshold on 2026-10-13 — first call window,Get ahead of the Oct/Nov renewal rush; start ACER process now before IND-RA backlog builds,Oct Wk2 (Oct 8-14)
Kushal Polysacks Pvt. Ltd.,IND-RA,Non-Fund-Based,A 4+,08-Oct-2025,MEDIUM,ULTRA HOT,2026-10-08,October 2026,260,15.0,Paper/Packaging,D365,INC rating hits ULTRA HOT threshold on 2026-10-08 — first call window,Get ahead of the Oct/Nov renewal rush; start ACER process now before IND-RA backlog builds,Oct Wk2 (Oct 8-14)
Kushal Polysacks Pvt. Ltd.,IND-RA,Term Loan,BB-,08-Oct-2025,MEDIUM,ULTRA HOT,2026-10-08,October 2026,260,8.0,Paper/Packaging,D365,INC rating hits ULTRA HOT threshold on 2026-10-08 — first call window,Get ahead of the Oct/Nov renewal rush; start ACER process now before IND-RA backlog builds,Oct Wk2 (Oct 8-14)
Landmark Royal Engg. (India) Pvt. Ltd.,IND-RA,NCD/Bond,B-/A4,16-Jan-2026,LOW,HOT,2026-10-13,October 2026,160,3.5,Other,D365,INC rating hits HOT threshold on 2026-10-13 — first call window,Get ahead of the Oct/Nov renewal rush; start ACER process now before IND-RA backlog builds,Oct Wk2 (Oct 8-14)
Lanson Motors Pvt. Ltd.,IND-RA,NCD/Bond,B-/A4,16-Jan-2026,LOW,HOT,2026-10-13,October 2026,160,136.0,Automobiles,D365,INC rating hits HOT threshold on 2026-10-13 — first call window,Get ahead of the Oct/Nov renewal rush; start ACER process now before IND-RA backlog builds,Oct Wk2 (Oct 8-14)
Maa Bhagawati Re-Rolling Mills Pvt. Ltd.,IND-RA,Term Loan,B-,16-Jan-2026,LOW,HOT,2026-10-13,October 2026,160,7.41,Steel & Metals,D365,INC rating hits HOT threshold on 2026-10-13 — first call window,Get ahead of the Oct/Nov renewal rush; start ACER process now before IND-RA backlog builds,Oct Wk2 (Oct 8-14)
Malwa Agro Foods Pvt. Ltd.,IND-RA,Term Loan,B,16-Jan-2026,LOW,HOT,2026-10-13,October 2026,160,13.17,Agro/Food,D365,INC rating hits HOT threshold on 2026-10-13 — first call window,Get ahead of the Oct/Nov renewal rush; start ACER process now before IND-RA backlog builds,Oct Wk2 (Oct 8-14)
Malwa Automotives Pvt. Ltd.,IND-RA,NCD/Bond,B-/A4,16-Jan-2026,LOW,HOT,2026-10-13,October 2026,160,13.0,Automobiles,D365,INC rating hits HOT threshold on 2026-10-13 — first call window,Get ahead of the Oct/Nov renewal rush; start ACER process now before IND-RA backlog builds,Oct Wk2 (Oct 8-14)
Mandar Health & Hygiene Pvt. Ltd.,IND-RA,NCD/Bond,B-/A4,16-Jan-2026,LOW,HOT,2026-10-13,October 2026,160,19.0,Healthcare,D365,INC rating hits HOT threshold on 2026-10-13 — first call window,Get ahead of the Oct/Nov renewal rush; start ACER process now before IND-RA backlog builds,Oct Wk2 (Oct 8-14)
Mani Export Pvt. Ltd.,IND-RA,NCD/Bond,B-/A4,16-Jan-2026,LOW,HOT,2026-10-13,October 2026,160,30.4,Logistics,D365,INC rating hits HOT threshold on 2026-10-13 — first call window,Get ahead of the Oct/Nov renewal rush; start ACER process now before IND-RA backlog builds,Oct Wk2 (Oct 8-14)
Maniyar Refinery Pvt. Ltd.,IND-RA,NCD/Bond,B-/A4,16-Jan-2026,LOW,HOT,2026-10-13,October 2026,160,8.0,Other,D365,INC rating hits HOT threshold on 2026-10-13 — first call window,Get ahead of the Oct/Nov renewal rush; start ACER process now before IND-RA backlog builds,Oct Wk2 (Oct 8-14)
Maya Construction Co. Pvt. Ltd.,IND-RA,NCD/Bond,B-/A4,16-Jan-2026,LOW,HOT,2026-10-13,October 2026,160,20.0,Construction,D365,INC rating hits HOT threshold on 2026-10-13 — first call window,Get ahead of the Oct/Nov renewal rush; start ACER process now before IND-RA backlog builds,Oct Wk2 (Oct 8-14)
Mega Vitrified Pvt. Ltd.,IND-RA,NCD/Bond,B-/A4,16-Jan-2026,LOW,HOT,2026-10-13,October 2026,160,12.84,Other,D365,INC rating hits HOT threshold on 2026-10-13 — first call window,Get ahead of the Oct/Nov renewal rush; start ACER process now before IND-RA backlog builds,Oct Wk2 (Oct 8-14)
Mittal Soya Protein Pvt. Ltd.,IND-RA,Term Loan,B,12-Jan-2026,LOW,HOT,2026-10-09,October 2026,164,74.8,Other,D365,INC rating hits HOT threshold on 2026-10-09 — first call window,Get ahead of the Oct/Nov renewal rush; start ACER process now before IND-RA backlog builds,Oct Wk2 (Oct 8-14)
Modigold Pipes Pvt. Ltd.,IND-RA,Term Loan,B-,16-Jan-2026,LOW,HOT,2026-10-13,October 2026,160,5.8,Steel & Metals,D365,INC rating hits HOT threshold on 2026-10-13 — first call window,Get ahead of the Oct/Nov renewal rush; start ACER process now before IND-RA backlog builds,Oct Wk2 (Oct 8-14)
Motorsales Ltd.,IND-RA,NCD/Bond,B-/A4,16-Jan-2026,LOW,HOT,2026-10-13,October 2026,160,9.1,Automobiles,D365,INC rating hits HOT threshold on 2026-10-13 — first call window,Get ahead of the Oct/Nov renewal rush; start ACER process now before IND-RA backlog builds,Oct Wk2 (Oct 8-14)
Multifilms Plastics Pvt. Ltd.,IND-RA,NCD/Bond,B-/A4,16-Jan-2026,LOW,HOT,2026-10-13,October 2026,160,9.93,Chemicals/Pharma,D365,INC rating hits HOT threshold on 2026-10-13 — first call window,Get ahead of the Oct/Nov renewal rush; start ACER process now before IND-RA backlog builds,Oct Wk2 (Oct 8-14)
Multitex Filteration Engineers Ltd.,IND-RA,NCD/Bond,B-/A4,16-Jan-2026,LOW,HOT,2026-10-13,October 2026,160,84.4,Manufacturing,D365,INC rating hits HOT threshold on 2026-10-13 — first call window,Get ahead of the Oct/Nov renewal rush; start ACER process now before IND-RA backlog builds,Oct Wk2 (Oct 8-14)
Neeraj Paper Mktg. Ltd.,IND-RA,NCD/Bond,B/A4,16-Jan-2026,LOW,HOT,2026-10-13,October 2026,160,55.0,Paper/Packaging,D365,INC rating hits HOT threshold on 2026-10-13 — first call window,Get ahead of the Oct/Nov renewal rush; start ACER process now before IND-RA backlog builds,Oct Wk2 (Oct 8-14)
New Field Industrial Equipment Pvt. Ltd.,IND-RA,NCD/Bond,B-/A4,16-Jan-2026,LOW,HOT,2026-10-13,October 2026,160,21.25,Manufacturing,D365,INC rating hits HOT threshold on 2026-10-13 — first call window,Get ahead of the Oct/Nov renewal rush; start ACER process now before IND-RA backlog builds,Oct Wk2 (Oct 8-14)
Niyati Engineering Pvt. Ltd.,IND-RA,NCD/Bond,B/A4,16-Jan-2026,LOW,HOT,2026-10-13,October 2026,160,9.75,Manufacturing,D365,INC rating hits HOT threshold on 2026-10-13 — first call window,Get ahead of the Oct/Nov renewal rush; start ACER process now before IND-RA backlog builds,Oct Wk2 (Oct 8-14)
Notandas Gems Pvt. Ltd.,IND-RA,NCD/Bond,B-/A4,16-Jan-2026,LOW,HOT,2026-10-13,October 2026,160,8.0,Jewellery/Gems,D365,INC rating hits HOT threshold on 2026-10-13 — first call window,Get ahead of the Oct/Nov renewal rush; start ACER process now before IND-RA backlog builds,Oct Wk2 (Oct 8-14)
Om Esha Agro Products Pvt. Ltd.,IND-RA,Term Loan,B-,16-Jan-2026,LOW,HOT,2026-10-13,October 2026,160,22.84,Agro/Food,D365,INC rating hits HOT threshold on 2026-10-13 — first call window,Get ahead of the Oct/Nov renewal rush; start ACER process now before IND-RA backlog builds,Oct Wk2 (Oct 8-14)
Omkar Infracon Pvt. Ltd.,IND-RA,NCD/Bond,B-/A4,16-Jan-2026,LOW,HOT,2026-10-13,October 2026,160,8.21,Construction,D365,INC rating hits HOT threshold on 2026-10-13 — first call window,Get ahead of the Oct/Nov renewal rush; start ACER process now before IND-RA backlog builds,Oct Wk2 (Oct 8-14)
Optech Engineering Pvt. Ltd.,IND-RA,NCD/Bond,B/A4,16-Jan-2026,LOW,HOT,2026-10-13,October 2026,160,10.0,Manufacturing,D365,INC rating hits HOT threshold on 2026-10-13 — first call window,Get ahead of the Oct/Nov renewal rush; start ACER process now before IND-RA backlog builds,Oct Wk2 (Oct 8-14)
Ozone Diamonds Pvt. Ltd.,IND-RA,NCD/Bond,B-/A4,16-Jan-2026,LOW,HOT,2026-10-13,October 2026,160,10.0,Jewellery/Gems,D365,INC rating hits HOT threshold on 2026-10-13 — first call window,Get ahead of the Oct/Nov renewal rush; start ACER process now before IND-RA backlog builds,Oct Wk2 (Oct 8-14)
P B Lifestyle Ltd.,IND-RA,Term Loan,B-,16-Jan-2026,LOW,HOT,2026-10-13,October 2026,160,15.0,Other,D365,INC rating hits HOT threshold on 2026-10-13 — first call window,Get ahead of the Oct/Nov renewal rush; start ACER process now before IND-RA backlog builds,Oct Wk2 (Oct 8-14)
Pafetech Enterprises Pvt. Ltd.,IND-RA,NCD/Bond,B-/A4,16-Jan-2026,LOW,HOT,2026-10-13,October 2026,160,25.0,IT/Technology,D365,INC rating hits HOT threshold on 2026-10-13 — first call window,Get ahead of the Oct/Nov renewal rush; start ACER process now before IND-RA backlog builds,Oct Wk2 (Oct 8-14)
Paracoat Products Ltd.,IND-RA,NCD/Bond,B-/A4,16-Jan-2026,LOW,HOT,2026-10-13,October 2026,160,27.5,Manufacturing,D365,INC rating hits HOT threshold on 2026-10-13 — first call window,Get ahead of the Oct/Nov renewal rush; start ACER process now before IND-RA backlog builds,Oct Wk2 (Oct 8-14)
Pearl International Services Pvt. Ltd.,IND-RA,NCD/Bond,B-/A4,16-Jan-2026,LOW,HOT,2026-10-13,October 2026,160,21.5,Other,D365,INC rating hits HOT threshold on 2026-10-13 — first call window,Get ahead of the Oct/Nov renewal rush; start ACER process now before IND-RA backlog builds,Oct Wk2 (Oct 8-14)
Pilot Industries Ltd.,IND-RA,Non-Fund-Based,A 2,10-Oct-2025,MEDIUM,ULTRA HOT,2026-10-10,October 2026,258,90.0,Manufacturing,D365,INC rating hits ULTRA HOT threshold on 2026-10-10 — first call window,Get ahead of the Oct/Nov renewal rush; start ACER process now before IND-RA backlog builds,Oct Wk2 (Oct 8-14)
Praveen Aroma Pvt. Ltd.,IND-RA,NCD/Bond,B-/A4,16-Jan-2026,LOW,HOT,2026-10-13,October 2026,160,18.75,Other,D365,INC rating hits HOT threshold on 2026-10-13 — first call window,Get ahead of the Oct/Nov renewal rush; start ACER process now before IND-RA backlog builds,Oct Wk2 (Oct 8-14)
Premier Poultry Products Pvt. Ltd.,IND-RA,NCD/Bond,B/A4,16-Jan-2026,LOW,HOT,2026-10-13,October 2026,160,10.56,Agro/Food,D365,INC rating hits HOT threshold on 2026-10-13 — first call window,Get ahead of the Oct/Nov renewal rush; start ACER process now before IND-RA backlog builds,Oct Wk2 (Oct 8-14)
Puneet Iron & Steel Pvt. Ltd.,IND-RA,NCD/Bond,B-/A4,16-Jan-2026,LOW,HOT,2026-10-13,October 2026,160,22.0,Steel & Metals,D365,INC rating hits HOT threshold on 2026-10-13 — first call window,Get ahead of the Oct/Nov renewal rush; start ACER process now before IND-RA backlog builds,Oct Wk2 (Oct 8-14)
Quality Tea Plantations Pvt. Ltd.,IND-RA,NCD/Bond,B-/A4,16-Jan-2026,LOW,HOT,2026-10-13,October 2026,160,16.77,Agro/Food,D365,INC rating hits HOT threshold on 2026-10-13 — first call window,Get ahead of the Oct/Nov renewal rush; start ACER process now before IND-RA backlog builds,Oct Wk2 (Oct 8-14)
R H Solvex Pvt. Ltd.,IND-RA,Term Loan,B,16-Jan-2026,LOW,HOT,2026-10-13,October 2026,160,10.0,Other,D365,INC rating hits HOT threshold on 2026-10-13 — first call window,Get ahead of the Oct/Nov renewal rush; start ACER process now before IND-RA backlog builds,Oct Wk2 (Oct 8-14)
Ramnik Power & Alloys Pvt. Ltd.,IND-RA,NCD/Bond,B-/A4,08-Oct-2025,MEDIUM,ULTRA HOT,2026-10-08,October 2026,260,13.77,Steel & Metals,D365,INC rating hits ULTRA HOT threshold on 2026-10-08 — first call window,Get ahead of the Oct/Nov renewal rush; start ACER process now before IND-RA backlog builds,Oct Wk2 (Oct 8-14)
Ratnesh Ispat Services Pvt. Ltd.,IND-RA,NCD/Bond,B-/A4,16-Jan-2026,LOW,HOT,2026-10-13,October 2026,160,45.0,Other,D365,INC rating hits HOT threshold on 2026-10-13 — first call window,Get ahead of the Oct/Nov renewal rush; start ACER process now before IND-RA backlog builds,Oct Wk2 (Oct 8-14)
Rekha Corporation Pvt. Ltd.,IND-RA,NCD/Bond,B-/A4,16-Jan-2026,LOW,HOT,2026-10-13,October 2026,160,11.0,Other,D365,INC rating hits HOT threshold on 2026-10-13 — first call window,Get ahead of the Oct/Nov renewal rush; start ACER process now before IND-RA backlog builds,Oct Wk2 (Oct 8-14)
Ribbel International Ltd.,IND-RA,NCD/Bond,B-/A4,16-Jan-2026,LOW,HOT,2026-10-13,October 2026,160,6.5,Other,D365,INC rating hits HOT threshold on 2026-10-13 — first call window,Get ahead of the Oct/Nov renewal rush; start ACER process now before IND-RA backlog builds,Oct Wk2 (Oct 8-14)
S G S Motors Pvt. Ltd.,IND-RA,NCD/Bond,B/A4,16-Jan-2026,LOW,HOT,2026-10-13,October 2026,160,32.0,Automobiles,D365,INC rating hits HOT threshold on 2026-10-13 — first call window,Get ahead of the Oct/Nov renewal rush; start ACER process now before IND-RA backlog builds,Oct Wk2 (Oct 8-14)
S V Ispat Pvt. Ltd.,IND-RA,NCD/Bond,B-/A4,16-Jan-2026,LOW,HOT,2026-10-13,October 2026,160,7.95,Other,D365,INC rating hits HOT threshold on 2026-10-13 — first call window,Get ahead of the Oct/Nov renewal rush; start ACER process now before IND-RA backlog builds,Oct Wk2 (Oct 8-14)
Sagar Metallics Pvt. Ltd.,IND-RA,NCD/Bond,B-/A4,16-Jan-2026,LOW,HOT,2026-10-13,October 2026,160,13.39,Steel & Metals,D365,INC rating hits HOT threshold on 2026-10-13 — first call window,Get ahead of the Oct/Nov renewal rush; start ACER process now before IND-RA backlog builds,Oct Wk2 (Oct 8-14)
Sai Silks (Kalamandir) Ltd.,IND-RA,Term Loan,A,16-Jan-2026,LOW,HOT,2026-10-13,October 2026,160,25.23,Agro/Food,D365,INC rating hits HOT threshold on 2026-10-13 — first call window,Get ahead of the Oct/Nov renewal rush; start ACER process now before IND-RA backlog builds,Oct Wk2 (Oct 8-14)
Sai Smaran Foods Pvt. Ltd.,IND-RA,NCD/Bond,B/A4,16-Jan-2026,LOW,HOT,2026-10-13,October 2026,160,45.0,Agro/Food,D365,INC rating hits HOT threshold on 2026-10-13 — first call window,Get ahead of the Oct/Nov renewal rush; start ACER process now before IND-RA backlog builds,Oct Wk2 (Oct 8-14)
Sainath Autolinks Pvt. Ltd.,IND-RA,Term Loan,B-,16-Jan-2026,LOW,HOT,2026-10-13,October 2026,160,34.0,Automobiles,D365,INC rating hits HOT threshold on 2026-10-13 — first call window,Get ahead of the Oct/Nov renewal rush; start ACER process now before IND-RA backlog builds,Oct Wk2 (Oct 8-14)
Salonah Tea Pvt. Ltd.,IND-RA,Term Loan,B-,16-Jan-2026,LOW,HOT,2026-10-13,October 2026,160,29.0,Agro/Food,D365,INC rating hits HOT threshold on 2026-10-13 — first call window,Get ahead of the Oct/Nov renewal rush; start ACER process now before IND-RA backlog builds,Oct Wk2 (Oct 8-14)
Sangeeth Textiles Pvt. Ltd.,IND-RA,NCD/Bond,B/A4,16-Jan-2026,LOW,HOT,2026-10-13,October 2026,160,47.04,Construction,D365,INC rating hits HOT threshold on 2026-10-13 — first call window,Get ahead of the Oct/Nov renewal rush; start ACER process now before IND-RA backlog builds,Oct Wk2 (Oct 8-14)
Sansaara Weaves & Filaments Pvt. Ltd.,IND-RA,NCD/Bond,B-/A4,16-Jan-2026,LOW,HOT,2026-10-13,October 2026,160,6.67,Textiles,D365,INC rating hits HOT threshold on 2026-10-13 — first call window,Get ahead of the Oct/Nov renewal rush; start ACER process now before IND-RA backlog builds,Oct Wk2 (Oct 8-14)
Satkar Industries Pvt. Ltd.,IND-RA,Term Loan,B-,16-Jan-2026,LOW,HOT,2026-10-13,October 2026,160,9.63,Manufacturing,D365,INC rating hits HOT threshold on 2026-10-13 — first call window,Get ahead of the Oct/Nov renewal rush; start ACER process now before IND-RA backlog builds,Oct Wk2 (Oct 8-14)
Satyamev Cot Fibers Pvt. Ltd. [Merged],IND-RA,Term Loan,B-,16-Jan-2026,LOW,HOT,2026-10-13,October 2026,160,6.02,Textiles,D365,INC rating hits HOT threshold on 2026-10-13 — first call window,Get ahead of the Oct/Nov renewal rush; start ACER process now before IND-RA backlog builds,Oct Wk2 (Oct 8-14)
Servotech India Ltd.,IND-RA,NCD/Bond,B/A4,16-Jan-2026,LOW,HOT,2026-10-13,October 2026,160,30.0,IT/Technology,D365,INC rating hits HOT threshold on 2026-10-13 — first call window,Get ahead of the Oct/Nov renewal rush; start ACER process now before IND-RA backlog builds,Oct Wk2 (Oct 8-14)
Sharma Pharmaceutical Pvt. Ltd.,IND-RA,NCD/Bond,B-/A4,16-Jan-2026,LOW,HOT,2026-10-13,October 2026,160,9.0,Chemicals/Pharma,D365,INC rating hits HOT threshold on 2026-10-13 — first call window,Get ahead of the Oct/Nov renewal rush; start ACER process now before IND-RA backlog builds,Oct Wk2 (Oct 8-14)
Shashi Cables Ltd.,IND-RA,NCD/Bond,BB-/A4+,12-Jan-2026,LOW,HOT,2026-10-09,October 2026,164,457.11,Infrastructure,D365,INC rating hits HOT threshold on 2026-10-09 — first call window,Get ahead of the Oct/Nov renewal rush; start ACER process now before IND-RA backlog builds,Oct Wk2 (Oct 8-14)
Shiv Shakti Inds. Pvt. Ltd.,IND-RA,Term Loan,B,16-Jan-2026,LOW,HOT,2026-10-13,October 2026,160,11.72,Other,D365,INC rating hits HOT threshold on 2026-10-13 — first call window,Get ahead of the Oct/Nov renewal rush; start ACER process now before IND-RA backlog builds,Oct Wk2 (Oct 8-14)
Shree Sita Ram Paper Mills Ltd.,IND-RA,NCD/Bond,B-/A4,16-Jan-2026,LOW,HOT,2026-10-13,October 2026,160,10.75,Paper/Packaging,D365,INC rating hits HOT threshold on 2026-10-13 — first call window,Get ahead of the Oct/Nov renewal rush; start ACER process now before IND-RA backlog builds,Oct Wk2 (Oct 8-14)
Shri Murlidhar Inds. Pvt. Ltd.,IND-RA,NCD/Bond,B/A4,16-Jan-2026,LOW,HOT,2026-10-13,October 2026,160,86.0,Other,D365,INC rating hits HOT threshold on 2026-10-13 — first call window,Get ahead of the Oct/Nov renewal rush; start ACER process now before IND-RA backlog builds,Oct Wk2 (Oct 8-14)
Shri Ram Rubtech Pvt. Ltd.,IND-RA,NCD/Bond,B-/A4,16-Jan-2026,LOW,HOT,2026-10-13,October 2026,160,5.04,IT/Technology,D365,INC rating hits HOT threshold on 2026-10-13 — first call window,Get ahead of the Oct/Nov renewal rush; start ACER process now before IND-RA backlog builds,Oct Wk2 (Oct 8-14)
Sivaguru Spinning Mills Pvt. Ltd.,IND-RA,NCD/Bond,B+/A4,12-Jan-2026,LOW,HOT,2026-10-09,October 2026,164,43.0,Textiles,D365,INC rating hits HOT threshold on 2026-10-09 — first call window,Get ahead of the Oct/Nov renewal rush; start ACER process now before IND-RA backlog builds,Oct Wk2 (Oct 8-14)
Sonale Fabrics Pvt. Ltd.,IND-RA,NCD/Bond,B-/A4,16-Jan-2026,LOW,HOT,2026-10-13,October 2026,160,17.1,Textiles,D365,INC rating hits HOT threshold on 2026-10-13 — first call window,Get ahead of the Oct/Nov renewal rush; start ACER process now before IND-RA backlog builds,Oct Wk2 (Oct 8-14)
Sri Mouli Textiles Pvt. Ltd.,IND-RA,NCD/Bond,B-/A4,16-Jan-2026,LOW,HOT,2026-10-13,October 2026,160,36.0,Construction,D365,INC rating hits HOT threshold on 2026-10-13 — first call window,Get ahead of the Oct/Nov renewal rush; start ACER process now before IND-RA backlog builds,Oct Wk2 (Oct 8-14)
Sri Venkateswara Spintex Pvt. Ltd.,IND-RA,NCD/Bond,B-/A4,16-Jan-2026,LOW,HOT,2026-10-13,October 2026,160,30.34,Other,D365,INC rating hits HOT threshold on 2026-10-13 — first call window,Get ahead of the Oct/Nov renewal rush; start ACER process now before IND-RA backlog builds,Oct Wk2 (Oct 8-14)
Style Marketing Pvt. Ltd.,IND-RA,NCD/Bond,B-/A4,16-Jan-2026,LOW,HOT,2026-10-13,October 2026,160,13.0,Steel & Metals,D365,INC rating hits HOT threshold on 2026-10-13 — first call window,Get ahead of the Oct/Nov renewal rush; start ACER process now before IND-RA backlog builds,Oct Wk2 (Oct 8-14)
Sun Steel Inds. Pvt. Ltd.,IND-RA,NCD/Bond,B-/A4,16-Jan-2026,LOW,HOT,2026-10-13,October 2026,160,17.5,Steel & Metals,D365,INC rating hits HOT threshold on 2026-10-13 — first call window,Get ahead of the Oct/Nov renewal rush; start ACER process now before IND-RA backlog builds,Oct Wk2 (Oct 8-14)
Sunny Trexim Pvt. Ltd.,IND-RA,Term Loan,A 4,16-Jan-2026,LOW,HOT,2026-10-13,October 2026,160,116.9,Other,D365,INC rating hits HOT threshold on 2026-10-13 — first call window,Get ahead of the Oct/Nov renewal rush; start ACER process now before IND-RA backlog builds,Oct Wk2 (Oct 8-14)
Super Hygiene Products Pvt. Ltd.,IND-RA,NCD/Bond,B-/A4,16-Jan-2026,LOW,HOT,2026-10-13,October 2026,160,25.0,Manufacturing,D365,INC rating hits HOT threshold on 2026-10-13 — first call window,Get ahead of the Oct/Nov renewal rush; start ACER process now before IND-RA backlog builds,Oct Wk2 (Oct 8-14)
Supreme Glazes Pvt. Ltd.,IND-RA,NCD/Bond,B-/A4,16-Jan-2026,LOW,HOT,2026-10-13,October 2026,160,11.0,Other,D365,INC rating hits HOT threshold on 2026-10-13 — first call window,Get ahead of the Oct/Nov renewal rush; start ACER process now before IND-RA backlog builds,Oct Wk2 (Oct 8-14)
T C Communication Pvt. Ltd.,IND-RA,NCD/Bond,B-/A4,16-Jan-2026,LOW,HOT,2026-10-13,October 2026,160,15.0,IT/Technology,D365,INC rating hits HOT threshold on 2026-10-13 — first call window,Get ahead of the Oct/Nov renewal rush; start ACER process now before IND-RA backlog builds,Oct Wk2 (Oct 8-14)
T C P Ltd.,IND-RA,Non-Fund-Based,A 4,08-Oct-2025,MEDIUM,ULTRA HOT,2026-10-08,October 2026,260,7.2,Other,D365,INC rating hits ULTRA HOT threshold on 2026-10-08 — first call window,Get ahead of the Oct/Nov renewal rush; start ACER process now before IND-RA backlog builds,Oct Wk2 (Oct 8-14)
T C P Ltd.,IND-RA,Term Loan,B+,08-Oct-2025,MEDIUM,ULTRA HOT,2026-10-08,October 2026,260,16.56,Other,D365,INC rating hits ULTRA HOT threshold on 2026-10-08 — first call window,Get ahead of the Oct/Nov renewal rush; start ACER process now before IND-RA backlog builds,Oct Wk2 (Oct 8-14)
T S Realtech Pvt. Ltd.,IND-RA,Term Loan,B-,16-Jan-2026,LOW,HOT,2026-10-13,October 2026,160,10.0,Construction,D365,INC rating hits HOT threshold on 2026-10-13 — first call window,Get ahead of the Oct/Nov renewal rush; start ACER process now before IND-RA backlog builds,Oct Wk2 (Oct 8-14)
Tashkent Oil Co. Pvt. Ltd.,IND-RA,NCD/Bond,B/A4,16-Jan-2026,LOW,HOT,2026-10-13,October 2026,160,9.0,Energy,D365,INC rating hits HOT threshold on 2026-10-13 — first call window,Get ahead of the Oct/Nov renewal rush; start ACER process now before IND-RA backlog builds,Oct Wk2 (Oct 8-14)
Telangana Fiber Grid Corpn. Ltd.,IND-RA,Term Loan,BBB,08-Oct-2025,MEDIUM,ULTRA HOT,2026-10-08,October 2026,260,480.67,Textiles,D365,INC rating hits ULTRA HOT threshold on 2026-10-08 — first call window,Get ahead of the Oct/Nov renewal rush; start ACER process now before IND-RA backlog builds,Oct Wk2 (Oct 8-14)
Telangana Fiber Grid Corpn. Ltd.,IND-RA,Term Loan,BBB,08-Oct-2025,MEDIUM,ULTRA HOT,2026-10-08,October 2026,260,2183.53,Textiles,D365,INC rating hits ULTRA HOT threshold on 2026-10-08 — first call window,Get ahead of the Oct/Nov renewal rush; start ACER process now before IND-RA backlog builds,Oct Wk2 (Oct 8-14)
Trident Fabricators Pvt. Ltd.,IND-RA,NCD/Bond,B-/A4,16-Jan-2026,LOW,HOT,2026-10-13,October 2026,160,9.95,Manufacturing,D365,INC rating hits HOT threshold on 2026-10-13 — first call window,Get ahead of the Oct/Nov renewal rush; start ACER process now before IND-RA backlog builds,Oct Wk2 (Oct 8-14)
U D Solution Pvt. Ltd.,IND-RA,NCD/Bond,B/A4,16-Jan-2026,LOW,HOT,2026-10-13,October 2026,160,16.0,Other,D365,INC rating hits HOT threshold on 2026-10-13 — first call window,Get ahead of the Oct/Nov renewal rush; start ACER process now before IND-RA backlog builds,Oct Wk2 (Oct 8-14)
Ultima Switchgears Ltd.,IND-RA,NCD/Bond,B-/A4,16-Jan-2026,LOW,HOT,2026-10-13,October 2026,160,15.5,Other,D365,INC rating hits HOT threshold on 2026-10-13 — first call window,Get ahead of the Oct/Nov renewal rush; start ACER process now before IND-RA backlog builds,Oct Wk2 (Oct 8-14)
Undavalli Constructions Pvt. Ltd.,IND-RA,Term Loan,B,16-Jan-2026,LOW,HOT,2026-10-13,October 2026,160,90.0,Construction,D365,INC rating hits HOT threshold on 2026-10-13 — first call window,Get ahead of the Oct/Nov renewal rush; start ACER process now before IND-RA backlog builds,Oct Wk2 (Oct 8-14)
Unicon Technology Intl. Pvt. Ltd.,IND-RA,NCD/Bond,B-/A4,16-Jan-2026,LOW,HOT,2026-10-13,October 2026,160,14.04,IT/Technology,D365,INC rating hits HOT threshold on 2026-10-13 — first call window,Get ahead of the Oct/Nov renewal rush; start ACER process now before IND-RA backlog builds,Oct Wk2 (Oct 8-14)
Utkal Healthcare Pvt. Ltd.,IND-RA,Term Loan,BBB,08-Oct-2025,MEDIUM,ULTRA HOT,2026-10-08,October 2026,260,103.35,Healthcare,D365,INC rating hits ULTRA HOT threshold on 2026-10-08 — first call window,Get ahead of the Oct/Nov renewal rush; start ACER process now before IND-RA backlog builds,Oct Wk2 (Oct 8-14)
Utkal Healthcare Pvt. Ltd.,IND-RA,Term Loan,BBB,08-Oct-2025,MEDIUM,ULTRA HOT,2026-10-08,October 2026,260,26.65,Healthcare,D365,INC rating hits ULTRA HOT threshold on 2026-10-08 — first call window,Get ahead of the Oct/Nov renewal rush; start ACER process now before IND-RA backlog builds,Oct Wk2 (Oct 8-14)
V G P Marine Kingdom Pvt. Ltd.,IND-RA,Term Loan,BB+,16-Jan-2026,LOW,HOT,2026-10-13,October 2026,160,21.33,Other,D365,INC rating hits HOT threshold on 2026-10-13 — first call window,Get ahead of the Oct/Nov renewal rush; start ACER process now before IND-RA backlog builds,Oct Wk2 (Oct 8-14)
V N M Jewel Crafts Ltd.,IND-RA,NCD/Bond,B-/A4,16-Jan-2026,LOW,HOT,2026-10-13,October 2026,160,5.0,Jewellery/Gems,D365,INC rating hits HOT threshold on 2026-10-13 — first call window,Get ahead of the Oct/Nov renewal rush; start ACER process now before IND-RA backlog builds,Oct Wk2 (Oct 8-14)
Venkateshwara Sponge & Iron Co. Pvt. Ltd.,IND-RA,Term Loan,B-,16-Jan-2026,LOW,HOT,2026-10-13,October 2026,160,13.0,Steel & Metals,D365,INC rating hits HOT threshold on 2026-10-13 — first call window,Get ahead of the Oct/Nov renewal rush; start ACER process now before IND-RA backlog builds,Oct Wk2 (Oct 8-14)
Vijai Construction (India) Pvt. Ltd.,IND-RA,NCD/Bond,B/A4,16-Jan-2026,LOW,HOT,2026-10-13,October 2026,160,52.0,Construction,D365,INC rating hits HOT threshold on 2026-10-13 — first call window,Get ahead of the Oct/Nov renewal rush; start ACER process now before IND-RA backlog builds,Oct Wk2 (Oct 8-14)
Vijay Engineering Equipment India Pvt. Ltd.,IND-RA,NCD/Bond,B-/A4,16-Jan-2026,LOW,HOT,2026-10-13,October 2026,160,17.92,Manufacturing,D365,INC rating hits HOT threshold on 2026-10-13 — first call window,Get ahead of the Oct/Nov renewal rush; start ACER process now before IND-RA backlog builds,Oct Wk2 (Oct 8-14)
A P Y Medi Services Pvt. Ltd.,IND-RA,Term Loan,B+,17-Oct-2025,MEDIUM,ULTRA HOT,2026-10-17,October 2026,251,26.0,Other,D365,INC rating hits ULTRA HOT threshold on 2026-10-17 — first call window,Get ahead of the Oct/Nov renewal rush; start ACER process now before IND-RA backlog builds,Oct Wk3 (Oct 15-21)
Akal Spring Ltd.,IND-RA,NCD/Bond,B+/A4,17-Oct-2025,MEDIUM,ULTRA HOT,2026-10-17,October 2026,251,13.37,Other,D365,INC rating hits ULTRA HOT threshold on 2026-10-17 — first call window,Get ahead of the Oct/Nov renewal rush; start ACER process now before IND-RA backlog builds,Oct Wk3 (Oct 15-21)
Ashok Kumar Chhabra Constructions Pvt. Ltd.,IND-RA,Non-Fund-Based,A 4,17-Oct-2025,MEDIUM,ULTRA HOT,2026-10-17,October 2026,251,5.0,Construction,D365,INC rating hits ULTRA HOT threshold on 2026-10-17 — first call window,Get ahead of the Oct/Nov renewal rush; start ACER process now before IND-RA backlog builds,Oct Wk3 (Oct 15-21)
Cumbum Valley Winery Pvt. Ltd.,IND-RA,Term Loan,B+,17-Oct-2025,MEDIUM,ULTRA HOT,2026-10-17,October 2026,251,45.3,Other,D365,INC rating hits ULTRA HOT threshold on 2026-10-17 — first call window,Get ahead of the Oct/Nov renewal rush; start ACER process now before IND-RA backlog builds,Oct Wk3 (Oct 15-21)
G D Dyestuff Inds. Ltd.,IND-RA,NCD/Bond,B/A4,17-Oct-2025,MEDIUM,ULTRA HOT,2026-10-17,October 2026,251,27.68,Chemicals/Pharma,D365,INC rating hits ULTRA HOT threshold on 2026-10-17 — first call window,Get ahead of the Oct/Nov renewal rush; start ACER process now before IND-RA backlog builds,Oct Wk3 (Oct 15-21)
Hella Infra Market Ltd.,IND-RA,Term Loan,BB+,16-Oct-2025,MEDIUM,ULTRA HOT,2026-10-16,October 2026,252,50.0,Construction,D365,INC rating hits ULTRA HOT threshold on 2026-10-16 — first call window,Get ahead of the Oct/Nov renewal rush; start ACER process now before IND-RA backlog builds,Oct Wk3 (Oct 15-21)
Hella Infra Market Ltd.,IND-RA,Term Loan,BB+,16-Oct-2025,MEDIUM,ULTRA HOT,2026-10-16,October 2026,252,22.22,Construction,D365,INC rating hits ULTRA HOT threshold on 2026-10-16 — first call window,Get ahead of the Oct/Nov renewal rush; start ACER process now before IND-RA backlog builds,Oct Wk3 (Oct 15-21)
Hindustan Prefab Ltd.,IND-RA,NCD/Bond,B-/A4,17-Oct-2025,MEDIUM,ULTRA HOT,2026-10-17,October 2026,251,40.0,Other,D365,INC rating hits ULTRA HOT threshold on 2026-10-17 — first call window,Get ahead of the Oct/Nov renewal rush; start ACER process now before IND-RA backlog builds,Oct Wk3 (Oct 15-21)
K P Manish Global Ingredients Pvt. Ltd.,IND-RA,Non-Fund-Based,A 4+,21-Jan-2026,LOW,HOT,2026-10-18,October 2026,155,30.0,Other,D365,INC rating hits HOT threshold on 2026-10-18 — first call window,Get ahead of the Oct/Nov renewal rush; start ACER process now before IND-RA backlog builds,Oct Wk3 (Oct 15-21)
K P Manish Global Ingredients Pvt. Ltd.,IND-RA,Term Loan,BB,21-Jan-2026,LOW,HOT,2026-10-18,October 2026,155,1.0,Other,D365,INC rating hits HOT threshold on 2026-10-18 — first call window,Get ahead of the Oct/Nov renewal rush; start ACER process now before IND-RA backlog builds,Oct Wk3 (Oct 15-21)
Ken Enterprises Ltd.,IND-RA,Term Loan,B+,20-Jan-2026,LOW,HOT,2026-10-17,October 2026,156,50.28,Other,D365,INC rating hits HOT threshold on 2026-10-17 — first call window,Get ahead of the Oct/Nov renewal rush; start ACER process now before IND-RA backlog builds,Oct Wk3 (Oct 15-21)
Niki Resorts Pvt. Ltd.,IND-RA,Non-Fund-Based,A 4+,17-Oct-2025,MEDIUM,ULTRA HOT,2026-10-17,October 2026,251,0.15,Hotels/Tourism,D365,INC rating hits ULTRA HOT threshold on 2026-10-17 — first call window,Get ahead of the Oct/Nov renewal rush; start ACER process now before IND-RA backlog builds,Oct Wk3 (Oct 15-21)
Niki Resorts Pvt. Ltd.,IND-RA,Term Loan,BB+,17-Oct-2025,MEDIUM,ULTRA HOT,2026-10-17,October 2026,251,21.85,Hotels/Tourism,D365,INC rating hits ULTRA HOT threshold on 2026-10-17 — first call window,Get ahead of the Oct/Nov renewal rush; start ACER process now before IND-RA backlog builds,Oct Wk3 (Oct 15-21)
Piyush Infratech Pvt. Ltd.,IND-RA,NCD/Bond,B+/A4,17-Oct-2025,MEDIUM,ULTRA HOT,2026-10-17,October 2026,251,40.0,Construction,D365,INC rating hits ULTRA HOT threshold on 2026-10-17 — first call window,Get ahead of the Oct/Nov renewal rush; start ACER process now before IND-RA backlog builds,Oct Wk3 (Oct 15-21)
Samaro Global Inds. Pvt. Ltd.,IND-RA,Non-Fund-Based,A 4+,17-Oct-2025,MEDIUM,ULTRA HOT,2026-10-17,October 2026,251,2.0,Other,D365,INC rating hits ULTRA HOT threshold on 2026-10-17 — first call window,Get ahead of the Oct/Nov renewal rush; start ACER process now before IND-RA backlog builds,Oct Wk3 (Oct 15-21)
Samaro Global Inds. Pvt. Ltd.,IND-RA,Term Loan,BB,17-Oct-2025,MEDIUM,ULTRA HOT,2026-10-17,October 2026,251,34.0,Other,D365,INC rating hits ULTRA HOT threshold on 2026-10-17 — first call window,Get ahead of the Oct/Nov renewal rush; start ACER process now before IND-RA backlog builds,Oct Wk3 (Oct 15-21)
Shreevari Energy Systems Pvt. Ltd.,IND-RA,Term Loan,BB-,17-Oct-2025,MEDIUM,ULTRA HOT,2026-10-17,October 2026,251,45.5,Energy,D365,INC rating hits ULTRA HOT threshold on 2026-10-17 — first call window,Get ahead of the Oct/Nov renewal rush; start ACER process now before IND-RA backlog builds,Oct Wk3 (Oct 15-21)
Shrinath Rotopack Pvt. Ltd.,IND-RA,Non-Fund-Based,A 4+,16-Oct-2025,MEDIUM,ULTRA HOT,2026-10-16,October 2026,252,6.3,Other,D365,INC rating hits ULTRA HOT threshold on 2026-10-16 — first call window,Get ahead of the Oct/Nov renewal rush; start ACER process now before IND-RA backlog builds,Oct Wk3 (Oct 15-21)
Shrinath Rotopack Pvt. Ltd.,IND-RA,Fund-Based,BB+,16-Oct-2025,MEDIUM,ULTRA HOT,2026-10-16,October 2026,252,230.0,Other,D365,INC rating hits ULTRA HOT threshold on 2026-10-16 — first call window,Get ahead of the Oct/Nov renewal rush; start ACER process now before IND-RA backlog builds,Oct Wk3 (Oct 15-21)
Shrinath Rotopack Pvt. Ltd.,IND-RA,Term Loan,BB+,16-Oct-2025,MEDIUM,ULTRA HOT,2026-10-16,October 2026,252,67.96,Other,D365,INC rating hits ULTRA HOT threshold on 2026-10-16 — first call window,Get ahead of the Oct/Nov renewal rush; start ACER process now before IND-RA backlog builds,Oct Wk3 (Oct 15-21)
Sikko Industries Ltd.,IND-RA,NCD/Bond,B-/A4,21-Apr-2026,LOW,MEDIUM,2026-10-18,October 2026,65,7.0,Manufacturing,D365,INC rating hits MEDIUM threshold on 2026-10-18 — first call window,Get ahead of the Oct/Nov renewal rush; start ACER process now before IND-RA backlog builds,Oct Wk3 (Oct 15-21)
Sultanpure Textile Mills Pvt. Ltd.,IND-RA,Term Loan,B-,17-Oct-2025,MEDIUM,ULTRA HOT,2026-10-17,October 2026,251,4.0,Textiles,D365,INC rating hits ULTRA HOT threshold on 2026-10-17 — first call window,Get ahead of the Oct/Nov renewal rush; start ACER process now before IND-RA backlog builds,Oct Wk3 (Oct 15-21)
Superior Films Pvt. Ltd.,IND-RA,Non-Fund-Based,A 4+,17-Oct-2025,MEDIUM,ULTRA HOT,2026-10-17,October 2026,251,1.13,Other,D365,INC rating hits ULTRA HOT threshold on 2026-10-17 — first call window,Get ahead of the Oct/Nov renewal rush; start ACER process now before IND-RA backlog builds,Oct Wk3 (Oct 15-21)
Superior Films Pvt. Ltd.,IND-RA,Term Loan,BB+,17-Oct-2025,MEDIUM,ULTRA HOT,2026-10-17,October 2026,251,63.37,Other,D365,INC rating hits ULTRA HOT threshold on 2026-10-17 — first call window,Get ahead of the Oct/Nov renewal rush; start ACER process now before IND-RA backlog builds,Oct Wk3 (Oct 15-21)
Technoplast Packaging Pvt. Ltd.,IND-RA,Non-Fund-Based,A 3+,20-Apr-2026,LOW,MEDIUM,2026-10-17,October 2026,66,19.0,IT/Technology,D365,INC rating hits MEDIUM threshold on 2026-10-17 — first call window,Get ahead of the Oct/Nov renewal rush; start ACER process now before IND-RA backlog builds,Oct Wk3 (Oct 15-21)
Technoplast Packaging Pvt. Ltd.,IND-RA,Term Loan,BBB,20-Apr-2026,LOW,MEDIUM,2026-10-17,October 2026,66,72.5,IT/Technology,D365,INC rating hits MEDIUM threshold on 2026-10-17 — first call window,Get ahead of the Oct/Nov renewal rush; start ACER process now before IND-RA backlog builds,Oct Wk3 (Oct 15-21)
Everrenew Energy Pvt. Ltd.,IND-RA,Non-Fund-Based,A 3,23-Oct-2025,MEDIUM,ULTRA HOT,2026-10-23,October 2026,245,103.0,Energy,D365,INC rating hits ULTRA HOT threshold on 2026-10-23 — first call window,Get ahead of the Oct/Nov renewal rush; start ACER process now before IND-RA backlog builds,Oct Wk4 (Oct 22-31)
Everrenew Energy Pvt. Ltd.,IND-RA,NCD/Bond,BBB-/A3,23-Oct-2025,MEDIUM,ULTRA HOT,2026-10-23,October 2026,245,166.0,Energy,D365,INC rating hits ULTRA HOT threshold on 2026-10-23 — first call window,Get ahead of the Oct/Nov renewal rush; start ACER process now before IND-RA backlog builds,Oct Wk4 (Oct 22-31)
Magtorq Pvt. Ltd.,IND-RA,Non-Fund-Based,A 4+,23-Oct-2025,MEDIUM,ULTRA HOT,2026-10-23,October 2026,245,6.0,Other,D365,INC rating hits ULTRA HOT threshold on 2026-10-23 — first call window,Get ahead of the Oct/Nov renewal rush; start ACER process now before IND-RA backlog builds,Oct Wk4 (Oct 22-31)
Magtorq Pvt. Ltd.,IND-RA,Term Loan,BB+,23-Oct-2025,MEDIUM,ULTRA HOT,2026-10-23,October 2026,245,20.0,Other,D365,INC rating hits ULTRA HOT threshold on 2026-10-23 — first call window,Get ahead of the Oct/Nov renewal rush; start ACER process now before IND-RA backlog builds,Oct Wk4 (Oct 22-31)
Magtorq Pvt. Ltd.,IND-RA,Term Loan,BB+,23-Oct-2025,MEDIUM,ULTRA HOT,2026-10-23,October 2026,245,3.0,Other,D365,INC rating hits ULTRA HOT threshold on 2026-10-23 — first call window,Get ahead of the Oct/Nov renewal rush; start ACER process now before IND-RA backlog builds,Oct Wk4 (Oct 22-31)
Ratnadeep Metal & Tubes Ltd.,IND-RA,NCD/Bond,BB-/A4+,28-Apr-2026,LOW,MEDIUM,2026-10-25,October 2026,58,63.0,Steel & Metals,D365,INC rating hits MEDIUM threshold on 2026-10-25 — first call window,Get ahead of the Oct/Nov renewal rush; start ACER process now before IND-RA backlog builds,Oct Wk4 (Oct 22-31)
Shree Sarvaloka Textiles Pvt. Ltd.,IND-RA,Term Loan,BB+,02-Feb-2026,LOW,HOT,2026-10-30,October 2026,143,54.49,Construction,D365,INC rating hits HOT threshold on 2026-10-30 — first call window,Get ahead of the Oct/Nov renewal rush; start ACER process now before IND-RA backlog builds,Oct Wk4 (Oct 22-31)
Standard Infratech India Pvt. Ltd.,IND-RA,NCD/Bond,BB/A4+,27-Oct-2025,MEDIUM,ULTRA HOT,2026-10-27,October 2026,241,163.05,Construction,D365,INC rating hits ULTRA HOT threshold on 2026-10-27 — first call window,Get ahead of the Oct/Nov renewal rush; start ACER process now before IND-RA backlog builds,Oct Wk4 (Oct 22-31)
Telawne Power Equipments Pvt. Ltd.,IND-RA,NCD/Bond,B/A4,28-Apr-2026,LOW,MEDIUM,2026-10-25,October 2026,58,28.0,Manufacturing,D365,INC rating hits MEDIUM threshold on 2026-10-25 — first call window,Get ahead of the Oct/Nov renewal rush; start ACER process now before IND-RA backlog builds,Oct Wk4 (Oct 22-31)
Vintage Coffee Pvt. Ltd.,IND-RA,Non-Fund-Based,A 4+,27-Jan-2026,LOW,HOT,2026-10-24,October 2026,149,4.58,Agro/Food,D365,INC rating hits HOT threshold on 2026-10-24 — first call window,Get ahead of the Oct/Nov renewal rush; start ACER process now before IND-RA backlog builds,Oct Wk4 (Oct 22-31)
Vintage Coffee Pvt. Ltd.,IND-RA,Term Loan,BB+,27-Jan-2026,LOW,HOT,2026-10-24,October 2026,149,35.03,Agro/Food,D365,INC rating hits HOT threshold on 2026-10-24 — first call window,Get ahead of the Oct/Nov renewal rush; start ACER process now before IND-RA backlog builds,Oct Wk4 (Oct 22-31)
Vintage Coffee Pvt. Ltd.,IND-RA,Term Loan,BB+,27-Jan-2026,LOW,HOT,2026-10-24,October 2026,149,11.6,Agro/Food,D365,INC rating hits HOT threshold on 2026-10-24 — first call window,Get ahead of the Oct/Nov renewal rush; start ACER process now before IND-RA backlog builds,Oct Wk4 (Oct 22-31)
