Company Name,Agency,Instrument Type,Rating,Rating Date,Escalates To,Escalation Date,Call Week,Tier_Rank,Tier_Label,Agency_Count,All_Agencies_In_Pool,Amount Cr,Amt_num,Sector,Current Urgency,NCD_Flag,Why Target,ACER Pitch Angle,Source
New Modern Technomech Pvt. Ltd.,CRISIL,Bank Guarantee,A 4+,08-Jan-2026,HOT,2026-10-05,Oct Wk1 (Oct 1-7),1,TIER 1 — Triple-agency (3+ raters),3,ACUITE + CARE + CRISIL,45.0,45.0,IT/Technology,LOW,Standard,INC rating hits HOT threshold on 2026-10-05 — first call window,Get ahead of the Oct/Nov renewal rush; start ACER process now before CRISIL backlog builds,D365
New Modern Technomech Pvt. Ltd.,CRISIL,Term Loan,BB+,08-Jan-2026,HOT,2026-10-05,Oct Wk1 (Oct 1-7),1,TIER 1 — Triple-agency (3+ raters),3,ACUITE + CARE + CRISIL,10.0,10.0,IT/Technology,LOW,Standard,INC rating hits HOT threshold on 2026-10-05 — first call window,Get ahead of the Oct/Nov renewal rush; start ACER process now before CRISIL backlog builds,D365
New Modern Technomech Pvt. Ltd.,CRISIL,Letter of Credit,A 4+,08-Jan-2026,HOT,2026-10-05,Oct Wk1 (Oct 1-7),1,TIER 1 — Triple-agency (3+ raters),3,ACUITE + CARE + CRISIL,5.0,5.0,IT/Technology,LOW,Standard,INC rating hits HOT threshold on 2026-10-05 — first call window,Get ahead of the Oct/Nov renewal rush; start ACER process now before CRISIL backlog builds,D365
Sree Astalaxmi Spinning Mills Pvt. Ltd.,CARE,Term Loan,B-,08-Apr-2026,MEDIUM,2026-10-05,Oct Wk1 (Oct 1-7),1,TIER 1 — Triple-agency (3+ raters),3,BRICKWORK + CARE + CRISIL,1.84,1.84,Textiles,LOW,Standard,INC rating hits MEDIUM threshold on 2026-10-05 — first call window,Get ahead of the Oct/Nov renewal rush; start ACER process now before CARE backlog builds,D365
Universal Seaport Pvt. Ltd.,CARE,Term Loan,B,10-Apr-2026,MEDIUM,2026-10-07,Oct Wk1 (Oct 1-7),1,TIER 1 — Triple-agency (3+ raters),3,BRICKWORK + CARE + CRISIL,6.4,6.4,Logistics,LOW,Standard,INC rating hits MEDIUM threshold on 2026-10-07 — first call window,Get ahead of the Oct/Nov renewal rush; start ACER process now before CARE backlog builds,D365
Universal Seaport Pvt. Ltd.,CARE,Fund-Based,B,10-Apr-2026,MEDIUM,2026-10-07,Oct Wk1 (Oct 1-7),1,TIER 1 — Triple-agency (3+ raters),3,BRICKWORK + CARE + CRISIL,1.1,1.1,Logistics,LOW,Standard,INC rating hits MEDIUM threshold on 2026-10-07 — first call window,Get ahead of the Oct/Nov renewal rush; start ACER process now before CARE backlog builds,D365
Khedut Solvexp Pvt. Ltd.,IND-RA,NCD/Bond,B/A4,16-Jan-2026,HOT,2026-10-13,Oct Wk2 (Oct 8-14),1,TIER 1 — Triple-agency (3+ raters),3,CARE + CRISIL + IND-RA,75.0,75.0,Other,LOW,NCD — SEBI License Required,INC rating hits HOT threshold on 2026-10-13 — first call window,Get ahead of the Oct/Nov renewal rush; start ACER process now before IND-RA backlog builds,D365
New Modern Technomech Pvt. Ltd.,ACUITE,Bank Guarantee,A 4,16-Apr-2026,MEDIUM,2026-10-13,Oct Wk2 (Oct 8-14),1,TIER 1 — Triple-agency (3+ raters),3,ACUITE + CARE + CRISIL,50.0,50.0,IT/Technology,LOW,Standard,INC rating hits MEDIUM threshold on 2026-10-13 — first call window,Get ahead of the Oct/Nov renewal rush; start ACER process now before ACUITE backlog builds,D365
Dee Vee Projects Ltd.,IND-RA,Term Loan,B,16-Jan-2026,HOT,2026-10-13,Oct Wk2 (Oct 8-14),1,TIER 1 — Triple-agency (3+ raters),3,ACUITE + CARE + IND-RA,26.6,26.6,Construction,LOW,Standard,INC rating hits HOT threshold on 2026-10-13 — first call window,Get ahead of the Oct/Nov renewal rush; start ACER process now before IND-RA backlog builds,D365
Sree Astalaxmi Spinning Mills Pvt. Ltd.,BRICKWORK,Bank Guarantee,A 4,13-Oct-2025,ULTRA HOT,2026-10-13,Oct Wk2 (Oct 8-14),1,TIER 1 — Triple-agency (3+ raters),3,BRICKWORK + CARE + CRISIL,1.0,1.0,Textiles,MEDIUM,Standard,INC rating hits ULTRA HOT threshold on 2026-10-13 — first call window,Get ahead of the Oct/Nov renewal rush; start ACER process now before BRICKWORK backlog builds,D365
New Modern Technomech Pvt. Ltd.,CARE,NCD/Bond,C/A4,21-Apr-2026,MEDIUM,2026-10-18,Oct Wk3 (Oct 15-21),1,TIER 1 — Triple-agency (3+ raters),3,ACUITE + CARE + CRISIL,45.0,45.0,IT/Technology,LOW,NCD — SEBI License Required,INC rating hits MEDIUM threshold on 2026-10-18 — first call window,Get ahead of the Oct/Nov renewal rush; start ACER process now before CARE backlog builds,D365
New Modern Technomech Pvt. Ltd.,CARE,Letter of Credit,A 4,21-Apr-2026,MEDIUM,2026-10-18,Oct Wk3 (Oct 15-21),1,TIER 1 — Triple-agency (3+ raters),3,ACUITE + CARE + CRISIL,5.0,5.0,IT/Technology,LOW,Standard,INC rating hits MEDIUM threshold on 2026-10-18 — first call window,Get ahead of the Oct/Nov renewal rush; start ACER process now before CARE backlog builds,D365
New Modern Technomech Pvt. Ltd.,CARE,Letter of Credit,A 4,21-Apr-2026,MEDIUM,2026-10-18,Oct Wk3 (Oct 15-21),1,TIER 1 — Triple-agency (3+ raters),3,ACUITE + CARE + CRISIL,5.0,5.0,IT/Technology,LOW,Standard,INC rating hits MEDIUM threshold on 2026-10-18 — first call window,Get ahead of the Oct/Nov renewal rush; start ACER process now before CARE backlog builds,D365
New Modern Technomech Pvt. Ltd.,CARE,Letter of Credit,A 4,21-Apr-2026,MEDIUM,2026-10-18,Oct Wk3 (Oct 15-21),1,TIER 1 — Triple-agency (3+ raters),3,ACUITE + CARE + CRISIL,2.8,2.8,IT/Technology,LOW,Standard,INC rating hits MEDIUM threshold on 2026-10-18 — first call window,Get ahead of the Oct/Nov renewal rush; start ACER process now before CARE backlog builds,D365
New Modern Technomech Pvt. Ltd.,CARE,Letter of Credit,A 4,21-Apr-2026,MEDIUM,2026-10-18,Oct Wk3 (Oct 15-21),1,TIER 1 — Triple-agency (3+ raters),3,ACUITE + CARE + CRISIL,2.8,2.8,IT/Technology,LOW,Standard,INC rating hits MEDIUM threshold on 2026-10-18 — first call window,Get ahead of the Oct/Nov renewal rush; start ACER process now before CARE backlog builds,D365
New Modern Technomech Pvt. Ltd.,CARE,Term Loan,C,21-Apr-2026,MEDIUM,2026-10-18,Oct Wk3 (Oct 15-21),1,TIER 1 — Triple-agency (3+ raters),3,ACUITE + CARE + CRISIL,1.03,1.03,IT/Technology,LOW,Standard,INC rating hits MEDIUM threshold on 2026-10-18 — first call window,Get ahead of the Oct/Nov renewal rush; start ACER process now before CARE backlog builds,D365
Universal Seaport Pvt. Ltd.,BRICKWORK,Term Loan,C,23-Oct-2025,ULTRA HOT,2026-10-23,Oct Wk4 (Oct 22-31),1,TIER 1 — Triple-agency (3+ raters),3,BRICKWORK + CARE + CRISIL,19.72,19.72,Logistics,MEDIUM,Standard,INC rating hits ULTRA HOT threshold on 2026-10-23 — first call window,Get ahead of the Oct/Nov renewal rush; start ACER process now before BRICKWORK backlog builds,D365
Telawne Power Equipments Pvt. Ltd.,IND-RA,NCD/Bond,B/A4,28-Apr-2026,MEDIUM,2026-10-25,Nov Wk4 (Nov 22-30),1,TIER 1 — Triple-agency (3+ raters),3,CRISIL + ICRA + IND-RA,28.0,28.0,Manufacturing,LOW,NCD — SEBI License Required,INC rating hits MEDIUM threshold on 2026-10-25 — first call window,Get ahead of the Oct/Nov renewal rush; start ACER process now before IND-RA backlog builds,D365
Telawne Power Equipments Pvt. Ltd.,IND-RA,NCD/Bond,B/A4,28-Apr-2026,MEDIUM,2026-10-25,Oct Wk4 (Oct 22-31),1,TIER 1 — Triple-agency (3+ raters),3,CRISIL + ICRA + IND-RA,28.0,28.0,Manufacturing,LOW,NCD — SEBI License Required,INC rating hits MEDIUM threshold on 2026-10-25 — first call window,Get ahead of the Oct/Nov renewal rush; start ACER process now before IND-RA backlog builds,D365
Telawne Power Equipments Pvt. Ltd.,ICRA,Non-Fund-Based,A 4,28-Oct-2025,ULTRA HOT,2026-10-28,Oct Wk4 (Oct 22-31),1,TIER 1 — Triple-agency (3+ raters),3,CRISIL + ICRA + IND-RA,6.0,6.0,Manufacturing,MEDIUM,Standard,INC rating hits ULTRA HOT threshold on 2026-10-28 — first call window,Get ahead of the Oct/Nov renewal rush; start ACER process now before ICRA backlog builds,D365
Telawne Power Equipments Pvt. Ltd.,ICRA,NCD/Bond,B+/A4,28-Oct-2025,ULTRA HOT,2026-10-28,Oct Wk4 (Oct 22-31),1,TIER 1 — Triple-agency (3+ raters),3,CRISIL + ICRA + IND-RA,2.3,2.3,Manufacturing,MEDIUM,NCD — SEBI License Required,INC rating hits ULTRA HOT threshold on 2026-10-28 — first call window,Get ahead of the Oct/Nov renewal rush; start ACER process now before ICRA backlog builds,D365
Telawne Power Equipments Pvt. Ltd.,ICRA,Term Loan,B+,28-Oct-2025,ULTRA HOT,2026-10-28,Oct Wk4 (Oct 22-31),1,TIER 1 — Triple-agency (3+ raters),3,CRISIL + ICRA + IND-RA,0.2,0.2,Manufacturing,MEDIUM,Standard,INC rating hits ULTRA HOT threshold on 2026-10-28 — first call window,Get ahead of the Oct/Nov renewal rush; start ACER process now before ICRA backlog builds,D365
Universal Seaport Pvt. Ltd.,CRISIL,Term Loan,B,30-Oct-2025,ULTRA HOT,2026-10-30,Oct Wk4 (Oct 22-31),1,TIER 1 — Triple-agency (3+ raters),3,BRICKWORK + CARE + CRISIL,20.0,20.0,Logistics,MEDIUM,Standard,INC rating hits ULTRA HOT threshold on 2026-10-30 — first call window,Get ahead of the Oct/Nov renewal rush; start ACER process now before CRISIL backlog builds,D365
Khedut Solvexp Pvt. Ltd.,CARE,NCD/Bond,B+/A4,03-Feb-2026,HOT,2026-10-31,Oct Wk4 (Oct 22-31),1,TIER 1 — Triple-agency (3+ raters),3,CARE + CRISIL + IND-RA,45.0,45.0,Other,LOW,NCD — SEBI License Required,INC rating hits HOT threshold on 2026-10-31 — first call window,Get ahead of the Oct/Nov renewal rush; start ACER process now before CARE backlog builds,D365
Khedut Solvexp Pvt. Ltd.,CARE,Term Loan,B+,03-Feb-2026,HOT,2026-10-31,Oct Wk4 (Oct 22-31),1,TIER 1 — Triple-agency (3+ raters),3,CARE + CRISIL + IND-RA,3.43,3.43,Other,LOW,Standard,INC rating hits HOT threshold on 2026-10-31 — first call window,Get ahead of the Oct/Nov renewal rush; start ACER process now before CARE backlog builds,D365
Khedut Solvexp Pvt. Ltd.,CRISIL,Term Loan,BB+,10-Feb-2026,HOT,2026-11-07,Nov Wk1 (Nov 1-7),1,TIER 1 — Triple-agency (3+ raters),3,CARE + CRISIL + IND-RA,1.6,1.6,Other,LOW,Standard,INC rating hits HOT threshold on 2026-11-07 — first call window,Get ahead of the Oct/Nov renewal rush; start ACER process now before CRISIL backlog builds,D365
Dee Vee Projects Ltd.,ACUITE,Term Loan,BB-,11-Feb-2026,HOT,2026-11-08,Nov Wk2 (Nov 8-14),1,TIER 1 — Triple-agency (3+ raters),3,ACUITE + CARE + IND-RA,444.73,444.73,Construction,LOW,Standard,INC rating hits HOT threshold on 2026-11-08 — first call window,Get ahead of the Oct/Nov renewal rush; start ACER process now before ACUITE backlog builds,D365
Dee Vee Projects Ltd.,ACUITE,Term Loan,BB-,11-Feb-2026,HOT,2026-11-08,Nov Wk2 (Nov 8-14),1,TIER 1 — Triple-agency (3+ raters),3,ACUITE + CARE + IND-RA,444.73,444.73,Construction,LOW,Standard,INC rating hits HOT threshold on 2026-11-08 — first call window,Get ahead of the Oct/Nov renewal rush; start ACER process now before ACUITE backlog builds,D365
Dee Vee Projects Ltd.,ACUITE,Bank Guarantee,A 4+,11-Feb-2026,HOT,2026-11-08,Nov Wk2 (Nov 8-14),1,TIER 1 — Triple-agency (3+ raters),3,ACUITE + CARE + IND-RA,199.87,199.87,Construction,LOW,Standard,INC rating hits HOT threshold on 2026-11-08 — first call window,Get ahead of the Oct/Nov renewal rush; start ACER process now before ACUITE backlog builds,D365
Dee Vee Projects Ltd.,ACUITE,Bank Guarantee,A 4+,11-Feb-2026,HOT,2026-11-08,Nov Wk2 (Nov 8-14),1,TIER 1 — Triple-agency (3+ raters),3,ACUITE + CARE + IND-RA,199.87,199.87,Construction,LOW,Standard,INC rating hits HOT threshold on 2026-11-08 — first call window,Get ahead of the Oct/Nov renewal rush; start ACER process now before ACUITE backlog builds,D365
Dee Vee Projects Ltd.,ACUITE,Bank Guarantee,A 4+,11-Feb-2026,HOT,2026-11-08,Nov Wk2 (Nov 8-14),1,TIER 1 — Triple-agency (3+ raters),3,ACUITE + CARE + IND-RA,45.0,45.0,Construction,LOW,Standard,INC rating hits HOT threshold on 2026-11-08 — first call window,Get ahead of the Oct/Nov renewal rush; start ACER process now before ACUITE backlog builds,D365
Dee Vee Projects Ltd.,ACUITE,Bank Guarantee,A 4+,11-Feb-2026,HOT,2026-11-08,Nov Wk2 (Nov 8-14),1,TIER 1 — Triple-agency (3+ raters),3,ACUITE + CARE + IND-RA,45.0,45.0,Construction,LOW,Standard,INC rating hits HOT threshold on 2026-11-08 — first call window,Get ahead of the Oct/Nov renewal rush; start ACER process now before ACUITE backlog builds,D365
Dee Vee Projects Ltd.,ACUITE,Term Loan,BB-,11-Feb-2026,HOT,2026-11-08,Nov Wk2 (Nov 8-14),1,TIER 1 — Triple-agency (3+ raters),3,ACUITE + CARE + IND-RA,38.4,38.4,Construction,LOW,Standard,INC rating hits HOT threshold on 2026-11-08 — first call window,Get ahead of the Oct/Nov renewal rush; start ACER process now before ACUITE backlog builds,D365
Dee Vee Projects Ltd.,ACUITE,Term Loan,BB-,11-Feb-2026,HOT,2026-11-08,Nov Wk2 (Nov 8-14),1,TIER 1 — Triple-agency (3+ raters),3,ACUITE + CARE + IND-RA,38.4,38.4,Construction,LOW,Standard,INC rating hits HOT threshold on 2026-11-08 — first call window,Get ahead of the Oct/Nov renewal rush; start ACER process now before ACUITE backlog builds,D365
Telawne Power Equipments Pvt. Ltd.,CRISIL,Letter of Credit,A 4,18-Feb-2026,HOT,2026-11-15,Nov Wk3 (Nov 15-21),1,TIER 1 — Triple-agency (3+ raters),3,CRISIL + ICRA + IND-RA,29.0,29.0,Manufacturing,LOW,Standard,INC rating hits HOT threshold on 2026-11-15 — first call window,Get ahead of the Oct/Nov renewal rush; start ACER process now before CRISIL backlog builds,D365
Dee Vee Projects Ltd.,CARE,NCD/Bond,BB-/A4,19-Feb-2026,HOT,2026-11-16,Nov Wk3 (Nov 15-21),1,TIER 1 — Triple-agency (3+ raters),3,ACUITE + CARE + IND-RA,170.0,170.0,Construction,LOW,NCD — SEBI License Required,INC rating hits HOT threshold on 2026-11-16 — first call window,Get ahead of the Oct/Nov renewal rush; start ACER process now before CARE backlog builds,D365
Dee Vee Projects Ltd.,CARE,Term Loan,BB-,19-Feb-2026,HOT,2026-11-16,Nov Wk3 (Nov 15-21),1,TIER 1 — Triple-agency (3+ raters),3,ACUITE + CARE + IND-RA,7.6,7.6,Construction,LOW,Standard,INC rating hits HOT threshold on 2026-11-16 — first call window,Get ahead of the Oct/Nov renewal rush; start ACER process now before CARE backlog builds,D365
Telawne Power Equipments Pvt. Ltd.,IND-RA,NCD/Bond,B/A4,24-Nov-2025,ULTRA HOT,2026-11-24,Nov Wk4 (Nov 22-30),1,TIER 1 — Triple-agency (3+ raters),3,CRISIL + ICRA + IND-RA,28.0,28.0,Manufacturing,MEDIUM,NCD — SEBI License Required,INC rating hits ULTRA HOT threshold on 2026-11-24 — first call window,Get ahead of the Oct/Nov renewal rush; start ACER process now before IND-RA backlog builds,D365
Telawne Power Equipments Pvt. Ltd.,IND-RA,NCD/Bond,B/A4,24-Nov-2025,ULTRA HOT,2026-11-24,Oct Wk4 (Oct 22-31),1,TIER 1 — Triple-agency (3+ raters),3,CRISIL + ICRA + IND-RA,28.0,28.0,Manufacturing,MEDIUM,NCD — SEBI License Required,INC rating hits ULTRA HOT threshold on 2026-11-24 — first call window,Get ahead of the Oct/Nov renewal rush; start ACER process now before IND-RA backlog builds,D365
Sree Astalaxmi Spinning Mills Pvt. Ltd.,CRISIL,Term Loan,B,28-Feb-2026,HOT,2026-11-25,Nov Wk4 (Nov 22-30),1,TIER 1 — Triple-agency (3+ raters),3,BRICKWORK + CARE + CRISIL,1.3,1.3,Textiles,LOW,Standard,INC rating hits HOT threshold on 2026-11-25 — first call window,Get ahead of the Oct/Nov renewal rush; start ACER process now before CRISIL backlog builds,D365
Vindhyawashini Marine Services Pvt. Ltd.,ACUITE,Term Loan,B-,01-Oct-2025,ULTRA HOT,2026-10-01,Oct Wk1 (Oct 1-7),2,TIER 2 — Dual-agency (2 raters),2,ACUITE + CRISIL,11.6,11.6,Other,MEDIUM,Standard,INC rating hits ULTRA HOT threshold on 2026-10-01 — first call window,Get ahead of the Oct/Nov renewal rush; start ACER process now before ACUITE backlog builds,D365
Shree Bhavya Fabrics Ltd.,CRISIL,Letter of Credit,A 4,01-Oct-2025,ULTRA HOT,2026-10-01,Oct Wk1 (Oct 1-7),2,TIER 2 — Dual-agency (2 raters),2,BRICKWORK + CRISIL,6.5,6.5,Textiles,MEDIUM,Standard,INC rating hits ULTRA HOT threshold on 2026-10-01 — first call window,Get ahead of the Oct/Nov renewal rush; start ACER process now before CRISIL backlog builds,D365
Shree Bhavya Fabrics Ltd.,CRISIL,Letter of Credit,A 4,01-Oct-2025,ULTRA HOT,2026-10-01,Oct Wk1 (Oct 1-7),2,TIER 2 — Dual-agency (2 raters),2,BRICKWORK + CRISIL,6.5,6.5,Textiles,MEDIUM,Standard,INC rating hits ULTRA HOT threshold on 2026-10-01 — first call window,Get ahead of the Oct/Nov renewal rush; start ACER process now before CRISIL backlog builds,D365
Mapsko Builders Pvt. Ltd.,CARE,Term Loan,B-,03-Oct-2025,ULTRA HOT,2026-10-03,Oct Wk1 (Oct 1-7),2,TIER 2 — Dual-agency (2 raters),2,BRICKWORK + CARE,250.56,250.56,Construction,MEDIUM,Standard,INC rating hits ULTRA HOT threshold on 2026-10-03 — first call window,Get ahead of the Oct/Nov renewal rush; start ACER process now before CARE backlog builds,D365
Alok Buildtech Pvt. Ltd.,ACUITE,Bank Guarantee,A 4,06-Jan-2026,HOT,2026-10-03,Oct Wk1 (Oct 1-7),2,TIER 2 — Dual-agency (2 raters),2,ACUITE + CRISIL,45.45,45.45,Construction,LOW,Standard,INC rating hits HOT threshold on 2026-10-03 — first call window,Get ahead of the Oct/Nov renewal rush; start ACER process now before ACUITE backlog builds,D365
Plus Medicare Hospitals Pvt. Ltd.,BRICKWORK,Term Loan,C,06-Apr-2026,MEDIUM,2026-10-03,Oct Wk1 (Oct 1-7),2,TIER 2 — Dual-agency (2 raters),2,BRICKWORK + CRISIL,35.0,35.0,Healthcare,LOW,Standard,INC rating hits MEDIUM threshold on 2026-10-03 — first call window,Get ahead of the Oct/Nov renewal rush; start ACER process now before BRICKWORK backlog builds,D365
Mapsko Builders Pvt. Ltd.,CARE,Bank Guarantee,A 4,03-Oct-2025,ULTRA HOT,2026-10-03,Oct Wk1 (Oct 1-7),2,TIER 2 — Dual-agency (2 raters),2,BRICKWORK + CARE,30.0,30.0,Construction,MEDIUM,Standard,INC rating hits ULTRA HOT threshold on 2026-10-03 — first call window,Get ahead of the Oct/Nov renewal rush; start ACER process now before CARE backlog builds,D365
Suyash Chemical & Fertilizer Pvt. Ltd.,BRICKWORK,Bank Guarantee,B+,06-Apr-2026,MEDIUM,2026-10-03,Oct Wk1 (Oct 1-7),2,TIER 2 — Dual-agency (2 raters),2,BRICKWORK + CARE,11.16,11.16,Agro/Food,LOW,Standard,INC rating hits MEDIUM threshold on 2026-10-03 — first call window,Get ahead of the Oct/Nov renewal rush; start ACER process now before BRICKWORK backlog builds,D365
Titan-Antony Aviation India Pvt. Ltd.,CARE,Bank Guarantee,A 4,03-Oct-2025,ULTRA HOT,2026-10-03,Oct Wk1 (Oct 1-7),2,TIER 2 — Dual-agency (2 raters),2,CARE + CRISIL,11.0,11.0,Logistics,MEDIUM,Standard,INC rating hits ULTRA HOT threshold on 2026-10-03 — first call window,Get ahead of the Oct/Nov renewal rush; start ACER process now before CARE backlog builds,D365
Suyash Chemical & Fertilizer Pvt. Ltd.,BRICKWORK,Fund-Based,B+,06-Apr-2026,MEDIUM,2026-10-03,Oct Wk1 (Oct 1-7),2,TIER 2 — Dual-agency (2 raters),2,BRICKWORK + CARE,5.8,5.8,Agro/Food,LOW,Standard,INC rating hits MEDIUM threshold on 2026-10-03 — first call window,Get ahead of the Oct/Nov renewal rush; start ACER process now before BRICKWORK backlog builds,D365
